# callgrind format
version: 1
creator: callgrind-3.21.0
pid: 7588
cmd:  ./tests/bstree_tests
part: 1


desc: I1 cache: 
desc: D1 cache: 
desc: LL cache: 

desc: Timerange: Basic block 0 - 441014
desc: Trigger: Program termination

positions: instr line
events: Ir
summary: 1549607


ob=(4) /usr/local/libexec/valgrind/vgpreload_core-amd64-linux.so
fl=(145) ???
fn=(474) 0x0000000000001110
0x1090 0 1
+7 0 1
+7 0 1
+3 0 1
+3 0 1
+4 0 1
+4 0 1
+3 0 1
+3 0 1
jcnd=1/1 +22 0 
* 0 
+22 0 1
+72 0 1
+4 0 1
jump=1 0x1090 0 
* 0 

fn=(770) 0x0000000000001060
0x1060 0 1
+7 0 1
+7 0 1
+3 0 1
jcnd=1/1 +23 0 
* 0 
+23 0 1

fn=(760) 0x00000000000010d0
0x10d0 0 1
+4 0 1
+7 0 1
+2 0 1
+1 0 1
+8 0 1
+3 0 1
+2 0 1
+7 0 1
cob=(2) ???
cfi=(50) ???
cfn=(766) 0x000000000483f030
calls=1 0x483f030 0 
* 0 74
+5 0 1
cfn=(770)
calls=1 0x1060 0 
* 0 5
+5 0 1
+7 0 1
+1 0 1

ob=(1) /usr/lib/x86_64-linux-gnu/ld-linux-x86-64.so.2
fl=(29) ./string/../sysdeps/x86_64/multiarch/memmove-vec-unaligned-erms.S
fn=(128) mempcpy
0x2afa0 199 10
+4 +1 10
+3 +1 10
+3 +1 10
jump=10 +13 +17 
* * 
+13 +17 10
+4 +1 10
jcnd=7/10 +37 360 
* * 
+2 +2 3
+3 +1 3
+4 +1 3
jcnd=1/3 0x2b040 444 
* * 
+2 +2 2
+5 +1 2
+3 +1 2
+5 +2 2
+13 360 7
+3 +1 7
jcnd=2/7 +45 +55 
* * 
+2 +2 5
+3 +4 5
jcnd=3/5 +24 +16 
* * 
+2 +1 2
+3 +1 2
+2 +1 2
+2 +1 2
+2 +1 2
+5 +1 2
+5 +2 2
+2 +2 2
+1 +6 3
+4 +1 3
+2 +1 3
+4 +1 3
+2 +1 3
+4 +29 2
+5 +1 2
+3 +1 2
+3 +1 2
+5 +1 2
+1 +7 1
+5 +1 1
+5 +1 1
+3 +1 1
+4 +1 1
+5 +1 1
+5 +1 1
+4 +11 1
+7 +1 1
+2 +2 1
+4 +1 1
+4 +1 1
jcnd=1/1 -48 -22 
* * 

fn=(80) memcpy
0x2afb0 212 15
+4 +1 15
+3 +6 15
+4 +1 15
jcnd=5/15 +37 360 
* * 
+2 +2 10
+3 +1 10
+4 +1 10
jcnd=3/10 0x2b040 444 
* * 
+2 +2 7
+5 +1 7
+3 +1 7
+5 +2 7
+13 360 5
+3 +1 5
jcnd=4/5 +45 +55 
* * 
+2 +2 1
+3 +4 1
+2 +1 1
+3 +1 1
+2 +1 1
+2 +1 1
jcnd=1/1 +12 +4 
* * 
+12 +4 1
+2 +2 1
+17 +39 4
+5 +1 4
+3 +1 4
+3 +1 4
+5 +1 4
+1 +7 3
+5 +1 3
+5 +1 3
+3 +1 3
+4 +1 3
+5 +1 3
+5 +1 3
+4 +11 3
+7 +1 3
+2 +2 3
+4 +1 3
+4 +1 3
jcnd=3/3 -48 -22 
* * 

fl=(51) ./elf/./elf/dl-error-skeleton.c
fn=(154) _dl_catch_exception
0x1d2e0 175 3
+4 * 3
+2 * 3
+7 +5 3
+7 -5 3
+4 * 3
+5 * 3
+5 +5 3
+5 -2 3
+3 * 3
+2 +22 3
+5 -1 3
+5 +7 3
+2 * 3
+5 -6 3
+5 +3 3
+5 * 3
+7 +3 3
cfi=(52) ./setjmp/../sysdeps/x86_64/setjmp.S
cfn=(156) __sigsetjmp
calls=3 0x26ef0 30 
* * 72
+5 * 3
+4 * 3
+3 * 3
+2 * 3
+2 +2 3
+5 * 3
+5 * 3
cfi=(66) ./elf/./elf/dl-deps.c
cfn=(208) openaux
calls=2 0x3460 61 
* * 5152
cfi=(2) ./elf/./elf/rtld.c
cfn=(158) map_doit
calls=1 0x203b0 663 
* * 2727
+2 +2 3
+4 -1 3
+5 +1 3
+4 -1 3
+7 +1 3
+8 * 3
+3 +9 3
+7 * 3
+3 * 3
+2 * 3

fn=(240) _dl_receive_error
0x1d420 238 1
+4 * 1
+1 * 1
+3 * 1
+3 * 1
+1 * 1
+4 +1 1
+7 +1 1
+7 +3 1
+11 +1 1
+7 +2 1
cfi=(2)
cfn=(242) version_check_doit
calls=1 0x20ef0 696 
* * 4078
+2 +2 1
+7 +1 1
+7 +1 1
+4 * 1
+1 * 1
+1 * 1

fn=(150) _dl_catch_error
0x1d3d0 225 1
+4 * 1
+2 * 1
+3 * 1
+1 * 1
+3 * 1
+3 * 1
+1 * 1
+3 * 1
+3 * 1
+4 +2 1
+3 * 1
cob=(2)
cfi=(50)
cfn=(152) 0x0000000004002050
calls=1 0x4002050 0 
* * 2788
+5 +1 1
+4 * 1
+4 +1 1
+5 +1 1
+5 -1 1
+4 +1 1
+3 +2 1
+4 * 1
+1 * 1
+1 * 1
+2 * 1

fl=(42) ./string/../sysdeps/x86_64/multiarch/../strchr.S
fn=(118) index
0x2a810 23 14
+4 +1 14
+4 +1 14
+2 +1 14
+5 +1 14
+4 +1 14
+5 +1 14
+4 +1 14
+5 +1 14
+6 +1 14
+4 +1 14
+4 +1 14
+4 +1 14
+4 +1 14
+4 +1 14
+4 +1 14
+4 +1 14
+2 +1 14
jcnd=2/14 +27 +14 
* * 
+2 +1 12
+3 +4 12
+5 +1 12
+4 +1 12
+3 +1 12
+4 +2 12
+6 +4 2
+5 +1 2
+4 +1 2
+4 +1 2
+4 +1 2
+4 +1 2
+4 +1 2
+5 +1 2
+4 +1 2
+4 +1 2
+4 +1 2
+4 +1 2
+4 +1 2
+4 +1 2
+5 +1 2
+4 +1 2
+4 +1 2
+4 +1 2
+3 +1 2
+4 +1 2
+4 +1 2
+4 +1 2
+3 +1 2
+3 +1 2
jcnd=2/2 0x2a980 +52 
* * 
0x2a980 +52 2
+4 +4 2
+5 +1 2
+4 +1 2
+3 +1 2
+4 +2 2

fl=(44) ./string/../sysdeps/x86_64/multiarch/memset-vec-unaligned-erms.S
fn=(132) memset
0x2b1a0 125 7
+4 +1 7
+4 * 7
+3 * 7
+4 * 7
+4 * 7
+5 +6 7
+4 +1 7
jcnd=1/7 0x2b240 368 
* * 
+6 +1 6
+4 +1 6
jcnd=6/6 +20 283 
* * 
+11 +69 4
+4 +1 4
+4 +2 4
+1 +76 6
+3 +1 6
+4 +5 6
+3 +3 6
+4 +1 6
jcnd=4/6 -23 -89 
* * 
+2 +3 2
+4 +1 2
+4 +13 2
+4 +1 2
+7 +2 2
jcnd=1/2 +43 +18 
* * 
+2 +3 1
+4 +3 1
+4 * 1
+9 +3 1
+3 +1 1
+4 +1 1
+4 +1 1
+4 +1 1
+4 +1 1
+3 +1 1
jcnd=1/1 -22 -6 
* * 
-22 -6 27
+3 +1 27
+4 +1 27
+4 +1 27
+4 +1 27
+4 +1 27
+3 +1 27
jcnd=26/27 -22 -6 
* * 
+2 +3 2
+3 +1 2
+4 +1 2
+4 +1 2
+4 +5 2
+9 +29 1
+5 +1 1
+3 +1 1
jcnd=1/1 +24 +32 
* * 
+24 +32 1
+3 +1 1
+5 +1 1

fl=(16) ./elf/../sysdeps/x86/cpu-features.c
fn=(36) get_common_indices.constprop.0
0x185e0 325 1
+1 +4 1
+3 * 1
+2 * 1
+3 * 1
+3 +3 1
+5 * 1
+2 * 1
+6 +5 1
+2 * 1
+3 -5 1
+6 +5 1
+3 -5 1
+6 +4 1
+6 +1 1
+2 +1 1
+2 * 1
+3 * 1
+3 * 1
+2 +1 1
+2 * 1
+3 * 1
+6 * 1
+3 +1 1
+2 * 1
+3 * 1
+3 +1 1
+3 * 1
+6 +7 1
+7 * 1
+6 +2 1
+6 * 1
+2 * 1
+3 * 1
+2 * 1
+2 +5 1
+5 -5 1
+6 +5 1
+3 -5 1
+6 +5 1
+2 -5 1
+6 * 1
+6 +5 1
+2 +7 1
+7 -7 1
+6 * 1
+6 * 1
+6 * 1
+6 +7 1
+2 +1 1
+5 * 1
+2 * 1
+2 +6 1
+7 -6 1
+6 * 1
+6 * 1
+6 * 1
+6 +6 1
jfi=(17) ./elf/../sysdeps/unix/sysv/linux/x86/dl-minsigstacksize.h
jcnd=1/1 +77 24 
* * 
fi=(17)
+77 24 1
+8 * 1
+2 +3 1
+7 * 1
+2 +1 1
+7 * 1
+2 +37 1
+5 * 1
+2 * 1
+2 +7 1
+6 +2 1
fe=(16)
+7 384 1
+1 * 1

fn=(40) update_active.constprop.0
0x19010 43 1
+2 * 1
+2 * 1
+2 * 1
+2 * 1
+1 * 1
+1 * 1
+7 +45 1
+6 -41 1
+7 +28 1
+7 -18 1
+7 +31 1
+4 +4 1
+6 -36 1
+3 -1 1
+3 +37 1
+6 -26 1
+7 -11 1
+5 +1 1
+6 +36 1
+3 * 1
+4 +1 1
+6 -17 1
+3 -21 1
+6 +25 1
+3 -4 1
+3 -11 1
+3 +28 1
+6 -1 1
+5 -36 1
+2 +18 1
+3 +19 1
+6 -13 1
+6 -4 1
+4 -11 1
+7 +19 1
+7 +11 1
+7 -3 1
+4 -12 1
+2 +14 1
+6 -29 1
+7 +18 1
+3 +9 1
+4 -18 1
+6 +13 1
+3 -13 1
+6 -9 1
+7 +29 1
+6 * 1
+6 +3 1
+3 -14 1
+5 -9 1
+6 +9 1
+6 +4 1
+6 +10 1
+6 -17 1
+6 +7 1
+6 +5 1
+8 +5 1
+6 +1 1
+6 -1 1
+6 +1 1
+3 * 1
+6 +2 1
+7 * 1
+2 +1 1
+3 * 1
+6 * 1
+2 * 1
+6 +3 1
+3 +1 1
+3 -1 1
+7 +1 1
+6 -1 1
+3 +1 1
+2 -1 1
+7 +1 1
+6 +4 1
+2 * 1
+2 +4 1
+2 * 1
+3 +2 1
+2 * 1
+3 * 1
+3 * 1
jcnd=1/1 0x19330 +4 
* * 
+6 +83 1
+5 * 1
+5 * 1
+6 +12 1
+6 * 1
+6 +1 1
+6 +3 1
+2 * 1
+3 * 1
+6 +4 1
+7 -4 1
+6 +4 1
jcnd=1/1 0x19240 +4 
* * 
+2 +67 1
+4 * 1
+2 * 1
jcnd=1/1 +9 +4 
* * 
+9 +4 1
+6 * 1
+2 * 1
jfi=(18) ./elf/../sysdeps/x86/get-isa-level.h
jcnd=1/1 +34 31 
* * 
fi=(18)
+34 31 1
+3 -3 1
+2 +3 1
+6 -1 1
+6 * 1
jcnd=1/1 0x19300 +2 
* * 
fe=(16)
+6 296 1
+6 +1 1
+7 * 1
+1 * 1
+1 * 1
+2 * 1
+2 * 1
+2 * 1
+2 * 1
+4 -75 1
+5 * 1
+2 * 1
+2 +1 1
+2 * 1
+2 +3 1
+3 -1 1
+3 +9 1
+3 -5 1
+2 +2 1
+6 -2 1
+7 +5 1
jcnd=1/1 0x191d5 +51 
* * 
fi=(18)
0x19300 32 1
+3 * 1
+3 * 1
+6 +4 1
+7 * 1
+7 * 1
jcnd=1/1 0x19460 +3 
* * 
fe=(16)
+22 +83 1
+7 * 1
+2 +2 1
+6 +3 1
+4 * 1
jcnd=1/1 0x19508 +7 
* * 
+6 +10 1
+3 +10 1
+7 -10 1
+3 +10 1
+3 -10 1
+2 +6 1
+3 +4 1
+6 -4 1
+6 -6 1
+6 +6 1
+2 +2 1
+4 -2 1
+6 +2 1
+6 * 1
+4 * 1
+6 +7 1
+2 * 1
+6 * 1
+6 * 1
jcnd=1/1 0x19199 +49 
* * 
fi=(18)
0x19460 39 1
+6 * 1
+3 * 1
+6 +1 1
+6 * 1
+2 * 1
+3 * 1
+6 +5 1
+2 -7 1
+2 +7 1
+6 * 1
+6 * 1
+6 +2 1
+5 +1 1
+6 * 1
+6 +1 1
+6 * 1
+4 * 1
+6 +2 1
+2 * 1
+6 * 1
+6 * 1
+6 +1 1
+3 * 1
+6 +1 1
+6 * 1
+2 +6 1
+2 -4 1
+5 +4 1
+6 -3 1
+6 * 1
jfi=(16)
jcnd=1/1 0x19225 296 
* * 
fe=(16)
+25 +75 1
+10 -5 1
+3 * 1
+6 +4 1
jump=1 0x19349 +4 
* * 

fn=(34) init_cpu_features.constprop.0
0x19530 399 1
+2 +16 1
+2 -16 1
+2 * 1
+2 * 1
+2 * 1
+1 * 1
+1 * 1
+7 +3 1
+11 +1 1
+11 +1 1
+11 +11 1
+2 * 1
+6 +3 1
+6 * 1
+6 * 1
+6 * 1
+6 * 1
+6 * 1
jcnd=1/1 0x1a370 +6 
* * 
0x197f6 593 1
+4 +94 1
+6 * 1
+5 * 1
+4 * 1
+3 * 1
+2 +1 1
+7 +3 1
+3 * 1
+2 +1 1
+10 +6 1
+7 +3 1
fi=(19) ./elf/../sysdeps/x86/dl-cacheinfo.h
+6 +5 1
+12 +2 1
fe=(16)
+11 -9 1
fi=(19)
+8 +23 1
+4 * 1
jcnd=1/1 0x19f48 +2 
* * 
0x198ed 840 1
+6 +46 1
+6 -46 1
+5 * 1
+7 * 1
+6 * 1
+5 * 1
+7 * 1
+6 * 1
+4 * 1
+7 * 1
+6 * 1
+5 * 1
+7 * 1
+5 * 1
+5 * 1
+7 * 1
+5 * 1
+5 * 1
+7 +45 1
+7 * 1
jcnd=1/1 0x19d10 +8 
* * 
+31 +25 1
+7 * 1
+5 +21 1
+3 * 1
+5 -21 1
+4 * 1
+4 +13 1
+4 * 1
+4 * 1
+4 +8 1
+2 -8 1
+4 +8 1
cfi=(10) ./elf/./elf/dl-tunables.c
cfn=(24) __tunable_get_val
calls=1 0x17d70 405 
* * 21
+5 * 1
+8 +2 1
+3 * 1
jcnd=1/1 +12 +3 
* * 
+12 +3 1
+2 * 1
+3 * 1
+5 * 1
cfi=(10)
cfn=(24)
calls=1 0x17d70 405 
* * 21
+5 * 1
+8 +2 1
+5 +3 1
+3 * 1
+5 -3 1
+3 * 1
+4 +3 1
+2 -3 1
+5 +3 1
cfi=(10)
cfn=(24)
calls=1 0x17d70 405 
* * 21
+5 * 1
+8 +1 1
+10 * 1
+7 * 1
+5 * 1
+3 * 1
+2 +16 1
+5 * 1
+3 -12 1
+2 * 1
+3 * 1
+5 * 1
+5 * 1
cfi=(10)
cfn=(24)
calls=1 0x17d70 405 
* * 21
+5 * 1
+8 +1 1
+5 * 1
+3 * 1
jcnd=1/1 +7 +23 
* * 
+7 +23 1
+5 -17 1
+2 * 1
+3 * 1
+5 * 1
+6 * 1
+5 +3 1
+8 * 1
+4 * 1
+5 -3 1
cfi=(10)
cfn=(24)
calls=1 0x17d70 405 
* * 21
+5 +3 1
+5 * 1
+3 * 1
+3 -3 1
+8 * 1
+5 +3 1
+3 * 1
+5 * 1
+8 * 1
+5 * 1
+12 * 1
+12 * 1
+4 * 1
+4 * 1
cfi=(10)
cfn=(54) __GI___tunable_set_val
calls=1 0x17820 157 
* * 58
+5 +1 1
+5 * 1
+3 * 1
+3 * 1
+3 * 1
+5 * 1
+12 * 1
+8 * 1
+12 * 1
cfi=(10)
cfn=(54)
calls=1 0x17820 157 
* * 58
+5 +1 1
+3 * 1
+3 * 1
+3 * 1
+10 * 1
+5 * 1
+12 * 1
+8 * 1
+5 * 1
+8 * 1
cfi=(10)
cfn=(54)
calls=1 0x17820 157 
* * 58
+5 +3 1
+3 * 1
+3 * 1
+3 * 1
+5 * 1
+8 * 1
+12 * 1
+8 * 1
cfi=(10)
cfn=(54)
calls=1 0x17820 157 
* * 58
+5 +2 1
+3 * 1
+3 * 1
+3 * 1
+5 * 1
+8 * 1
+12 * 1
+12 * 1
cfi=(10)
cfn=(54)
calls=1 0x17820 157 
* * 58
+5 +4 1
fe=(16)
+6 706 1
fi=(19)
+3 967 1
+6 * 1
fe=(16)
+5 706 1
+7 * 1
fi=(19)
+5 967 1
+5 * 1
+7 * 1
+7 * 1
fe=(16)
+7 706 1
cfi=(10)
cfn=(24)
calls=1 0x17d70 405 
* * 19
+5 +4 1
+6 * 1
+5 * 1
+6 +14 1
+6 -1 1
+2 * 1
+6 +1 1
+3 * 1
+2 * 1
jcnd=1/1 +79 +47 
* * 
+79 +47 1
+7 -1 1
+11 +1 1
jcnd=1/1 0x19d90 +4 
* * 
+6 +46 1
+3 * 1
+7 * 1
+5 * 1
cfi=(10)
cfn=(24)
calls=1 0x17d70 405 
* * 19
+5 +2 1
+3 * 1
+5 * 1
+7 * 1
cfi=(10)
cfn=(24)
calls=1 0x17d70 405 
* * 19
fi=(21) ./elf/../sysdeps/unix/sysv/linux/x86/cpu-features.c
+5 27 1
+3 * 1
+5 * 1
+5 * 1
+2 * 1
+3 * 1
fe=(16)
+6 829 1
+10 * 1
+7 +45 1
+7 * 1
+1 * 1
+1 * 1
+2 * 1
+2 * 1
+2 * 1
+2 * 1
fi=(19)
+49 +19 1
+5 * 1
+3 * 1
+3 * 1
+7 * 1
+7 * 1
+3 * 1
+3 * 1
+3 * 1
+4 * 1
+7 * 1
jump=1 0x19982 +17 
* * 
fe=(16)
+83 775 1
+6 * 1
+6 * 1
jcnd=1/1 +68 +17 
* * 
+25 +27 1
+7 * 1
jump=1 0x19c7d +15 
* * 
+36 -10 1
+3 * 1
+6 +1 1
+3 * 1
+6 +2 1
+6 * 1
+6 * 1
+6 +1 1
+7 * 1
+6 +2 1
+5 * 1
+5 * 1
+6 +1 1
+7 * 1
jump=1 0x19db5 +3 
* * 
fi=(19)
0x19f48 -75 1
+5 * 1
+5 * 1
cfn=(46) handle_intel.constprop.0
calls=1 0x18f10 255 
* * 437
+5 +1 1
+5 -1 1
+3 * 1
+5 +1 1
cfn=(46)
calls=1 0x18f10 255 
* * 478
+5 +1 1
+5 -1 1
+3 +1 1
cfn=(46)
calls=1 0x18f10 255 
* * 503
+5 +3 1
+5 -3 1
+8 * 1
+3 +3 1
cfn=(46)
calls=1 0x18f10 255 
* * 459
+5 +2 1
+5 -2 1
+5 +2 1
cfn=(46)
calls=1 0x18f10 255 
* * 451
+5 +3 1
+5 -2 1
+5 -1 1
+5 +3 1
cfn=(46)
calls=1 0x18f10 255 
* * 428
+5 +2 1
+5 -2 1
+5 +2 1
cfn=(46)
calls=1 0x18f10 255 
* * 429
+5 +3 1
+5 -2 1
+4 -1 1
+5 +3 1
cfn=(46)
calls=1 0x18f10 255 
* * 469
+5 +2 1
+5 -2 1
+5 +2 1
cfn=(46)
calls=1 0x18f10 255 
* * 470
+5 +3 1
+5 -3 1
+5 +3 1
cfn=(46)
calls=1 0x18f10 255 
* * 494
+5 +2 1
+5 -2 1
+5 +2 1
cfn=(46)
calls=1 0x18f10 255 
* * 495
+5 +2 1
+5 -2 1
+3 +2 1
cfn=(46)
calls=1 0x18f10 255 
* * 790
+5 +2 1
+8 * 1
+8 * 1
+3 -2 1
+5 +2 1
cfn=(52) get_common_cache_info.constprop.0
calls=1 0x18780 481 
* * 215
+5 863 1
+8 * 1
+5 * 1
+5 * 1
+4 * 1
+3 * 1
+4 * 1
+4 * 1
+10 * 1
+4 * 1
+3 * 1
+4 * 1
+5 * 1
+3 * 1
+4 * 1
jump=1 0x198ed -23 
* * 
fe=(16)
0x1a370 424 1
+8 * 1
+8 * 1
+8 * 1
+8 * 1
+3 * 1
cfn=(36)
calls=1 0x185e0 -99 
* * 71
+5 303 1
+5 * 1
+2 * 1
+2 +1 1
+5 * 1
+2 +1 1
+5 * 1
+2 * 1
+6 * 1
+6 * 1
+6 * 1
+6 +5 1
+6 * 1
+2 +1 1
+5 * 1
+2 * 1
+6 * 1
+6 * 1
+6 * 1
+6 +5 1
+6 * 1
+2 +1 1
+5 * 1
+2 * 1
+6 * 1
+6 * 1
+6 * 1
+6 429 1
cfn=(40)
calls=1 0x19010 43 
* * 194
+5 +2 1
+8 +2 1
+7 +83 1
+7 -85 1
+4 * 1
jcnd=1/1 0x1a5a0 +2 
* * 
+6 564 1
+7 * 1
+2 +7 1
+7 * 1
+2 +2 1
+10 +4 1
+7 * 1
+2 +6 1
+7 * 1
jcnd=1/1 +12 422 
* * 
+12 422 1
+6 * 1
+8 -3 1
jump=1 0x197f6 593 
* * 
0x1a5a0 +14 1
+7 * 1
+7 * 1
+2 +1 1
+3 * 1
+6 * 1
+3 * 1
jcnd=1/1 0x1a6d0 * 
* * 
+52 +69 1
+7 +10 1
+3 * 1
+6 * 1
+3 * 1
+6 * 1
+3 * 1
+3 * 1
+6 * 1
+7 * 1
+4 * 1
+3 * 1
jump=1 +12 +42 
* * 
+12 +42 1
+10 +1 1
jump=1 0x1a43a +8 
* * 
0x1a6d0 434 1
+3 * 1
+5 * 1
+3 * 1
+3 * 1
+10 * 1
+3 * 1
+2 * 1
+6 * 1
+6 * 1
+3 * 1
+2 +55 1
+7 * 1
+6 * 1
jump=1 0x1a5f0 +14 
* * 

fl=(36) ./posix/../sysdeps/unix/syscall-template.S
fn=(102) uname
0x26e60 120 1
+4 * 1
+5 * 1
+2 * 1
+6 * 1
+2 +2 1

fl=(67) ./elf/./elf/dl-cache.c
fn=(210) _dl_load_cache_lookup
0x16710 416 1
+4 * 1
+1 * 1
+3 * 1
+2 * 1
+3 * 1
+2 * 1
+2 * 1
+2 * 1
+1 * 1
+7 +2 1
+7 * 1
+6 +3 1
+7 * 1
+3 * 1
jcnd=1/1 0x16ba0 +3 
* * 
+23 +74 1
+7 208 1
+7 495 1
+4 * 1
+6 +3 1
+3 * 1
+5 * 1
fi=(69) ./elf/../sysdeps/x86/dl-procinfo.h
+5 39 1
+3 * 1
+6 +3 1
+7 * 1
+4 * 1
cfi=(32) ./string/../sysdeps/x86_64/strcmp.S
cfn=(90) strcmp
calls=1 0x27220 +66 
* * 25
+5 * 1
+10 * 1
+7 * 1
+2 * 1
jfi=(67)
jcnd=1/1 +48 212 
* * 
fe=(67)
+48 212 1
+4 * 1
+2 * 1
+5 * 1
+3 * 1
+7 * 1
cfi=(10)
cfn=(24)
calls=1 0x17d70 405 
* * 21
+5 * 1
+4 +16 1
+4 * 1
+4 -16 1
+4 +6 1
+7 * 1
+4 +10 1
+2 -7 1
+3 * 1
+3 * 1
+3 * 1
+3 * 1
+3 +9 1
+3 * 1
+4 * 1
+2 +1 1
+3 -37 1
+4 * 1
+4 +37 1
+5 +4 1
+3 * 1
-28 -5 8
+3 * 8
+4 * 8
+2 +1 8
+3 -37 8
+4 * 8
+4 +37 8
+5 +4 8
+3 * 8
+2 +4 9
+3 * 9
+3 * 9
cfn=(218) _dl_cache_libcmp
calls=9 0x16630 370 
* * 654
+5 +1 9
+2 * 9
jcnd=1/9 +53 -12 
* * 
+2 359 8
jcnd=3/8 +35 +1 
* * 
+2 +3 5
+3 * 5
+3 228 5
+3 * 5
jcnd=5/5 -56 +2 
* * 
+24 360 3
+4 228 3
+4 * 3
jcnd=3/3 -88 +2 
* * 
+8 * 1
+3 * 1
+3 * 1
+6 +2 1
+3 * 1
+5 * 1
+3 * 1
+4 * 1
jump=1 +38 +18 
* * 
+5 +20 2
+2 * 2
+4 +3 2
+3 * 2
+2 +2 2
+3 * 2
+3 * 2
+4 * 2
cfn=(218)
calls=2 0x16630 370 
* * 220
+5 * 2
+2 * 2
jcnd=1/2 +10 -37 
* * 
+2 +2 1
+3 -9 1
+3 * 1
jcnd=1/1 -36 +2 
* * 
-3 * 1
+3 * 1
jcnd=1/1 -36 +2 
* * 
+2 -30 1
+4 * 1
+4 +1 1
+10 +95 1
+4 -95 1
+3 -1 1
+6 * 1
+10 * 1
+3 * 1
+8 * 1
+7 * 1
+3 * 1
+4 * 1
+5 +96 1
+3 * 1
+4 * 1
jump=1 +30 -47 
* * 
+30 -47 1
+3 * 1
jcnd=1/1 +36 +10 
* * 
+36 +10 1
+8 * 1
+2 +1 1
+5 * 1
+3 * 1
fi=(68) ./elf/../sysdeps/generic/dl-cache.h
+2 125 1
+5 * 1
+3 * 1
+4 * 1
+3 * 1
fe=(67)
+7 294 1
+7 * 1
+6 +9 1
+5 * 1
+2 +3 1
+7 * 1
+2 +2 1
+6 * 1
+2 * 1
+2 +1 1
+5 * 1
+6 +5 1
+10 * 1
+3 +1 1
+7 * 1
+2 * 1
+3 * 1
+6 +7 1
+7 * 1
+6 +21 1
+4 * 1
+3 * 1
+3 * 1
+4 513 1
+7 * 1
+6 +12 1
+4 * 1
cfi=(22) ./string/../sysdeps/x86_64/multiarch/strlen-vec.S
cfn=(60) strlen
calls=1 0x2aa40 41 
* * 35
+5 * 1
+3 * 1
+4 * 1
+3 * 1
+7 * 1
+3 * 1
+4 * 1
+3 * 1
jcnd=1/1 +23 * 
* * 
+23 * 1
+6 * 1
+3 * 1
+3 * 1
jcnd=1/1 0x16b90 * 
* * 
+6 +1 1
+4 -1 1
+5 +1 1
+4 -1 1
+4 +1 1
cfi=(29)
cfn=(80)
calls=1 0x2afb0 212 
* * 11
+5 * 1
+3 +1 1
cfi=(54) ./string/./string/strdup.c
cfn=(166) strdup
calls=1 0x271c0 40 
* * 89
+5 +1 1
+4 * 1
+1 * 1
+2 * 1
+2 * 1
+2 * 1
+2 * 1
+1 * 1
0x16b90 -3 1
+6 * 1
jump=1 0x16a49 +1 
* * 
+10 424 1
+5 * 1
+7 * 1
+7 * 1
cfi=(53) ./elf/./elf/dl-misc.c
cfn=(212) _dl_sysdep_read_whole_file
calls=1 0xd600 36 
* * 91
+5 * 1
+3 +8 1
+4 * 1
+6 * 1
+7 * 1
+4 * 1
+2 +1 1
+10 * 1
+4 * 1
+10 * 1
+4 * 1
+3 * 1
+2 * 1
+8 * 1
+2 +3 1
+10 * 1
+4 * 1
+3 * 1
+3 +1 1
+4 -1 1
+4 * 1
+3 * 1
fi=(68)
+2 194 1
+5 +1 1
+2 * 1
+6 * 1
+3 * 1
+2 * 1
jfi=(67)
jcnd=1/1 0x16f63 444 
* * 
fe=(67)
0x16f63 444 1
+7 +1 1
+7 * 1
jump=1 0x16759 +50 
* * 

fn=(460) _dl_unload_cache
0x172d0 537 1
+4 +1 1
+7 * 1
+4 * 1
+4 * 1
jcnd=1/1 +13 -1 
* * 
+13 -1 1
+4 +3 1
+7 * 1
cfi=(71) ./misc/../sysdeps/unix/syscall-template.S
cfn=(462) munmap
calls=1 0x26cf0 117 
* * 6
+5 +1 1
+11 +4 1
+10 +2 1
+4 * 1

fn=(218)
0x16630 370 11
+4 +1 11
+3 +32 11
+3 -33 11
+3 * 11
+3 +1 11
+2 * 11
-2 * 2
+2 * 2
jcnd=2/2 +52 +32 
* * 
+2 +2 57
+3 +2 57
+3 -2 57
+2 * 57
jcnd=2/57 +52 +2 
* * 
+2 +20 55
+4 * 55
+6 +2 55
+2 * 55
jcnd=9/55 0x166f9 +1 
* * 
+6 -12 46
+5 +2 46
+5 +14 46
+4 +1 46
+4 -29 46
+2 * 46
jcnd=46/46 -48 +2 
* * 
+2 +32 2
+3 * 2
+2 * 2
+5 -28 2
+4 * 2
+2 +8 2
+5 -2 2
+4 * 2
+3 +1 2
+4 * 2
+4 -1 2
+3 +2 2
+3 * 2
+3 * 2
jcnd=2/2 +28 +2 
* * 
+28 +2 2
+5 -3 2
+3 +3 2
+3 * 2
+4 * 2
jcnd=2/2 +26 +2 
* * 
+26 +2 2
+2 * 2
jcnd=2/2 0x16640 -16 
* * 
+15 +9 9
+3 * 9
+2 * 9

fl=(60) ./misc/../sysdeps/unix/sysv/linux/mmap64.c
fn=(188) mmap
0x26ca0 47 12
+4 * 12
+3 +3 12
+7 * 12
+2 +8 12
+5 * 12
+2 * 12
+6 * 12
+2 +2 12

fl=(135) ./elf/./elf/dl-call-libc-early-init.c
fn=(430) _dl_call_libc_early_init
0x20d0 27 1
+4 +2 1
+3 * 1
+2 -2 1
+1 +6 1
+6 * 1
+2 * 1
+7 -6 1
+1 +6 1
+5 * 1
+7 * 1
+3 -6 1
+4 +6 1
cfi=(134) ./elf/./elf/dl-lookup-direct.c
cfn=(426) _dl_lookup_direct
calls=1 0xd0b0 +41 
* * 177
+5 +4 1
+3 * 1
+2 +2 1
+5 * 1
+2 * 1
+3 * 1
+4 +2 1
+4 -1 1
+4 +1 1
+1 * 1
+1 -1 1
cob=(3) /usr/lib/x86_64-linux-gnu/libc.so.6
cfi=(136) ./elf/./elf/libc_early_init.c
cfn=(432) __libc_early_init
calls=1 0x175b30 -7 
* * 1108

fl=(14) ./elf/../sysdeps/unix/sysv/linux/brk.c
fn=(28) brk
0x25a80 35 1
+4 +1 1
+5 * 1
+2 * 1
+7 +1 1
+3 * 1
+2 +6 1
+2 +1 1

fl=(77) ./elf/./elf/dl-reloc.c
fn=(262) _dl_relocate_object
0x10d60 194 4
+4 * 4
+1 +14 4
+3 -14 4
+3 * 4
+2 * 4
+2 * 4
+3 * 4
+2 * 4
+2 * 4
+1 * 4
+2 * 4
+7 +16 4
+6 -16 4
+7 * 4
+6 +14 4
+7 +2 4
+2 * 4
+3 +3 4
+6 -1 4
+7 +1 4
+2 * 4
jcnd=4/4 +80 +19 
* * 
+80 +19 4
+8 * 4
+6 +6 4
+6 * 4
+7 * 4
+3 * 4
+3 * 4
jcnd=4/4 0x11118 +1 
* * 
+6 -34 3
+3 * 3
+4 +38 3
+2 * 3
+6 +7 3
+7 * 3
+7 * 3
+3 * 3
fi=(6) ./elf/../sysdeps/x86_64/dl-machine.h
+6 71 3
+8 * 3
jfi=(77)
jcnd=1/3 0x10ec0 288 
* * 
+2 * 2
+3 * 2
jfi=(77)
jcnd=1/2 0x10ec0 288 
* * 
+2 +6 1
+4 * 1
+4 * 1
+8 * 1
jcnd=1/1 +5 +4 
* * 
+5 +4 1
+4 * 1
+3 * 1
+6 +14 1
+6 -8 1
+4 +8 1
+2 * 1
+6 +20 1
+8 * 1
+6 +4 1
+7 * 1
+7 * 1
+7 * 1
+6 * 1
+4 -2 1
+4 * 1
fe=(77)
+1 288 1
+4 * 1
+4 * 1
+3 * 1
+4 * 1
+4 * 1
+4 * 1
+4 * 1
+3 * 1
-30 * 3
+4 * 3
+4 * 3
+3 * 3
+4 * 3
+4 * 3
+4 * 3
+4 * 3
+3 * 3
+6 * 4
+4 * 4
+8 * 4
+4 * 4
+4 * 4
+7 * 4
+4 * 4
+5 * 4
+7 * 4
+5 * 4
+4 * 4
+4 * 4
+4 * 4
+3 * 4
+2 * 4
+4 * 4
+4 * 4
+8 * 4
jcnd=1/4 +93 * 
* * 
+2 * 3
+7 * 3
+8 * 3
+4 * 3
+4 * 3
+4 * 3
+4 * 3
+4 * 3
+5 * 3
+5 * 3
+4 * 3
+4 * 3
+3 * 3
jcnd=3/3 +13 * 
* * 
+13 * 3
+3 * 3
jcnd=1/3 +11 * 
* * 
+2 * 2
+3 * 2
jcnd=2/2 0x11e67 * 
* * 
+6 * 1
+4 * 1
+4 * 1
+4 -83 1
fi=(6)
+6 474 1
+3 * 1
+3 * 1
+7 * 1
fe=(77)
+4 205 1
+6 * 1
+7 +83 1
+7 * 1
fi=(5) ./elf/./elf/do-rel.h
+3 49 1
fe=(77)
+4 288 1
fi=(5)
+4 60 1
+3 -11 1
+3 * 1
+7 +11 1
+2 * 1
jcnd=1/1 0x112d0 +26 
* * 
fe=(77)
-73 288 3
+4 -83 3
fi=(6)
+6 474 3
+3 * 3
+3 * 3
+7 * 3
fe=(77)
+4 205 3
+6 * 3
+7 +83 3
+7 * 3
fi=(5)
+3 49 3
fe=(77)
+4 288 3
fi=(5)
+4 60 3
+3 -11 3
+3 * 3
+7 +11 3
+2 * 3
jcnd=3/3 0x112d0 +26 
* * 
fe=(77)
-33 288 4
+7 * 4
fi=(5)
+3 49 4
fe=(77)
+4 288 4
fi=(5)
+4 60 4
+3 -11 4
+3 * 4
+7 +11 4
+2 * 4
jcnd=3/4 0x112d0 +26 
* * 
+6 -7 1
+3 -1 1
+2 +11 1
+3 * 1
+6 * 1
+3 * 1
+3 * 1
+3 * 1
+7 * 1
+3 * 1
jump=1 +52 +2 
* * 
fi=(6)
+6 545 14
+4 * 14
+3 +4 14
+4 * 14
+6 +3 14
+7 * 14
+3 * 14
+6 +1 14
fi=(5)
+4 63 14
+4 * 14
+3 * 14
+2 +2 54
+5 * 54
+2 * 54
+3 * 54
jfi=(6)
jcnd=14/54 -56 545 
* * 
+2 +2 40
+3 * 40
+3 * 40
+4 -4 40
+4 * 40
+3 * 40
jcnd=39/40 -29 +2 
* * 
+2 +13 1
+3 * 1
+3 * 1
+3 * 1
+3 * 1
+3 * 1
+2 +1 1
+3 * 1
+2 * 1
+6 * 1
+3 * 1
+3 * 1
+2 * 1
+6 * 1
+1 +1 1
+4 * 1
-4 * 39
+4 * 39
fi=(6)
+2 545 40
+3 +34 40
+4 * 40
+4 +2 40
cob=(3)
cfi=(127) ./string/../sysdeps/x86_64/multiarch/rawmemchr.c
cfn=(398) rawmemchr
calls=1 0xaaf80 31 
* * 23
cob=(3)
cfi=(126) ./string/../sysdeps/x86_64/multiarch/strncase.c
cfn=(396) strncasecmp
calls=1 0xa9ac0 31 
* * 7
cob=(3)
cfi=(125) ./string/../sysdeps/x86_64/multiarch/mempcpy.c
cfn=(392) mempcpy
calls=1 0xa97d0 33 
* * 22
cob=(3)
cfi=(124) ./string/../sysdeps/x86_64/multiarch/strspn.c
cfn=(390) strspn
calls=1 0xa8b00 29 
* * 7
cob=(3)
cfi=(122) ./string/../sysdeps/x86_64/multiarch/memchr.c
cfn=(386) memchr
calls=1 0xa93f0 29 
* * 23
cob=(3)
cfi=(121) ./string/../sysdeps/x86_64/multiarch/stpcpy.c
cfn=(382) stpcpy
calls=1 0xa9950 33 
* * 17
cob=(3)
cfi=(119) ./wcsmbs/../sysdeps/x86_64/multiarch/wmemcmp.c
cfn=(378) wmemcmp
calls=1 0xc5a40 29 
* * 22
cob=(3)
cfi=(118) ./string/../sysdeps/x86_64/multiarch/strncpy.c
cfn=(374) strncpy
calls=1 0xa88d0 29 
* * 17
cob=(3)
cfi=(117) ./string/../sysdeps/x86_64/multiarch/strlen.c
cfn=(370) strlen
calls=1 0xa86a0 29 
* * 21
cob=(3)
cfi=(116) ./string/../sysdeps/x86_64/multiarch/strcasecmp_l.c
cfn=(368) strcasecmp_l
calls=1 0xa9b10 31 
* * 7
cob=(3)
cfi=(115) ./string/../sysdeps/x86_64/multiarch/strcpy.c
cfn=(364) strcpy
calls=1 0xa8390 29 
* * 17
cob=(3)
cfi=(114) ./string/../sysdeps/x86_64/multiarch/strchrnul.c
cfn=(360) strchrnul
calls=1 0xab010 31 
* * 21
cob=(3)
cfi=(113) ./string/../sysdeps/x86_64/multiarch/memrchr.c
cfn=(356) memrchr
calls=1 0xb1570 29 
* * 21
cob=(3)
cfi=(111) ./wcsmbs/../sysdeps/x86_64/multiarch/wmemset.c
cfn=(352) wmemset
calls=2 0xc5b00 31 
* * 38
cob=(3)
cfi=(109) ./string/../sysdeps/x86_64/multiarch/memcmp.c
cfn=(348) bcmp
calls=1 0xa9480 29 
* * 22
cob=(3)
cfi=(108) ./string/../sysdeps/x86_64/multiarch/strncase_l.c
cfn=(346) strncasecmp_l
calls=1 0xa9b60 31 
* * 7
cob=(3)
cfi=(107) ./string/../sysdeps/x86_64/multiarch/strcat.c
cfn=(342) strcat
calls=1 0xa81d0 29 
* * 17
cob=(3)
cfi=(106) ./wcsmbs/../sysdeps/x86_64/multiarch/wcscpy.c
cfn=(340) wcscpy
calls=1 0xc5470 43 
* * 7
cob=(3)
cfi=(105) ./string/../sysdeps/x86_64/multiarch/strcspn.c
cfn=(338) strcspn
calls=1 0xa8420 29 
* * 7
cob=(3)
cfi=(104) ./string/../sysdeps/x86_64/multiarch/strcasecmp.c
cfn=(336) strcasecmp
calls=1 0xa9a70 31 
* * 7
cob=(3)
cfi=(103) ./string/../sysdeps/x86_64/multiarch/strncmp.c
cfn=(334) strncmp
calls=1 0xa8830 66 
* * 17
cob=(3)
cfi=(101) ./wcsmbs/../sysdeps/x86_64/multiarch/wmemchr.c
cfn=(330) wmemchr
calls=2 0xc59b0 31 
* * 46
cob=(3)
cfi=(99) ./string/../sysdeps/x86_64/multiarch/stpncpy.c
cfn=(326) stpncpy
calls=1 0xa99e0 31 
* * 17
cob=(3)
cfi=(98) ./wcsmbs/../sysdeps/x86_64/multiarch/wcscmp.c
cfn=(322) wcscmp
calls=1 0xc53f0 30 
* * 21
cob=(3)
cfi=(97) ./string/../sysdeps/x86_64/multiarch/memmove.c
cfn=(318) memmove
calls=2 0xa95a0 29 
* * 44
cob=(3)
cfi=(96) ./string/../sysdeps/x86_64/multiarch/strrchr.c
cfn=(314) rindex
calls=1 0xa8960 28 
* * 21
cob=(3)
cfi=(95) ./string/../sysdeps/x86_64/multiarch/strchr.c
cfn=(312) index
calls=1 0xa8260 61 
* * 19
cob=(3)
cfi=(93) ./wcsmbs/../sysdeps/x86_64/multiarch/wcschr.c
cfn=(308) wcschr
calls=2 0xc5370 31 
* * 42
cob=(3)
cfi=(91) ./string/../sysdeps/x86_64/multiarch/memcpy.c
cfn=(304) memcpy@@GLIBC_2.14
calls=1 0xa9c10 29 
* * 22
cob=(3)
cfi=(90) ./wcsmbs/../sysdeps/x86_64/multiarch/wcslen.c
cfn=(300) wcslen
calls=1 0xc5540 29 
* * 19
cob=(3)
cfi=(88) ./string/../sysdeps/x86_64/multiarch/memset.c
cfn=(296) memset
calls=1 0xa96d0 29 
* * 24
cob=(3)
cfi=(86) ./wcsmbs/../sysdeps/x86_64/multiarch/wcsnlen.c
cfn=(292) wcsnlen
calls=1 0xc6cd0 29 
* * 19
cob=(3)
cfi=(85) ./string/../sysdeps/x86_64/multiarch/strcmp.c
cfn=(290) strcmp
calls=1 0xa82e0 65 
* * 17
cob=(3)
cfi=(84) ./string/../sysdeps/x86_64/multiarch/strpbrk.c
cfn=(288) strpbrk
calls=1 0xa89e0 29 
* * 7
cob=(3)
cfi=(82) ./string/../sysdeps/x86_64/multiarch/strnlen.c
cfn=(284) strnlen
calls=2 0xa8720 31 
* * 42
+2 -36 40
+3 +37 40
fi=(5)
+3 77 40
+4 * 40
+3 * 40
jcnd=39/40 -32 +1 
* * 
+2 * 1
fe=(77)
+3 288 1
+8 * 1
+7 * 1
+7 * 1
-22 * 7
+8 * 7
+7 * 7
+7 * 7
jfi=(5)
jcnd=4/7 0x11c00 50 
* * 
+6 +3 4
+6 * 4
+3 * 4
+2 * 4
+6 * 4
+7 * 4
+6 +24 4
+8 +3 4
+8 * 4
+6 +17 4
+7 * 4
+3 * 4
jcnd=4/4 0x11db0 +8 
* * 
+6 +2 4
+4 * 4
+1 * 4
+2 * 4
+2 * 4
+2 * 4
+2 * 4
+1 * 4
+5 -98 4
+8 * 4
jcnd=3/4 0x10e25 -35 
* * 
+6 +3 1
+2 * 1
+6 +7 1
+7 * 1
+7 * 1
+3 * 1
+6 -9 1
+3 * 1
jump=1 0x10ec0 +48 
* * 
fi=(5)
0x112d0 86 7
+4 * 7
+8 +2 7
+4 * 7
+4 +12 7
+7 -14 7
+4 * 7
+4 * 7
+4 * 7
+7 +14 7
+3 * 7
jcnd=2/7 +71 +20 
* * 
+2 +10 5
+3 * 5
+6 +3 5
+3 * 5
jcnd=2/5 +57 +7 
* * 
+2 * 3
+7 +1 3
fi=(6)
+4 529 3
fi=(5)
+5 114 3
fi=(6)
+3 529 3
+4 * 3
fi=(5)
-16 114 1206
fi=(6)
+4 529 1206
fi=(5)
+5 114 1206
fi=(6)
+3 529 1206
+4 * 1206
+2 +5 1209
+4 * 1209
+6 +1 1209
fi=(5)
+5 113 1209
fi=(6)
+4 535 1209
+3 -5 1209
fi=(5)
+3 113 1209
+3 * 1209
jcnd=1206/1209 -46 +1 
* * 
+2 +7 7
+7 * 7
+7 * 7
+3 * 7
jcnd=2/7 0x11e78 -67 
* * 
+6 +4 5
+4 * 5
+7 * 5
+8 * 5
+6 +2 5
+7 * 5
jfi=(77)
jcnd=2/5 0x110a5 288 
* * 
+6 -73 3
fi=(6)
+11 484 3
fi=(5)
+3 52 3
fi=(6)
+11 484 3
+7 * 3
fi=(5)
+3 128 3
+4 * 3
+7 +1 3
+7 +1 3
+7 -2 3
+3 +2 3
+3 +3 3
+3 -5 3
+4 +2 3
+7 -2 3
+4 +1 3
+4 * 3
+4 +2 3
+5 -2 3
+4 +2 3
+4 * 3
+7 * 3
+4 +2 3
+4 * 3
-85 -5 122
+4 * 122
+7 +1 122
+7 +1 122
+7 -2 122
+3 +2 122
+3 +3 122
+3 -5 122
+4 +2 122
+7 -2 122
+4 +1 122
+4 * 122
+4 +2 122
+5 -2 122
+4 +2 122
+4 * 122
+7 * 122
+4 +2 122
+4 * 122
jcnd=2/122 0x11ac0 +2 
* * 
+6 +9 123
fi=(6)
+4 262 123
+4 * 123
+6 +21 123
+4 * 123
+6 +4 123
+3 * 123
+6 +7 123
+5 * 123
+2 * 123
+4 * 123
jfi=(5)
jcnd=16/123 0x119b0 145 
* * 
fi=(4) ./elf/../sysdeps/generic/ldsodefs.h
+6 138 107
+5 * 107
+3 * 107
fi=(6)
+3 294 107
+3 * 107
+6 * 107
+3 * 107
+4 * 107
+4 * 107
+2 * 107
+4 * 107
+4 * 107
+3 * 107
+2 * 107
+3 * 107
+5 * 107
+7 * 107
jfi=(77)
jcnd=8/107 0x11d28 +14 
* * 
+6 * 99
+4 * 99
jcnd=70/99 +13 * 
* * 
+2 * 29
+7 * 29
+4 * 29
+7 * 29
+3 * 29
+7 * 29
+3 * 29
-20 * 75
+7 * 75
+3 * 75
+7 * 75
+3 * 75
+2 * 104
+4 * 104
+2 * 104
+4 * 104
+4 * 104
+4 * 104
+4 * 104
+2 * 104
+8 * 104
jcnd=104/104 +5 * 
* * 
+5 * 104
+2 * 104
+3 * 104
+7 * 104
+4 * 104
+2 * 104
+3 * 104
+3 * 104
+7 * 104
cfi=(78) ./elf/./elf/dl-lookup.c
cfn=(270) _dl_lookup_symbol_x
calls=104 0xc0d0 840 
* * 59068
+5 * 104
+4 * 104
+7 * 104
+5 * 104
+3 * 104
+5 * 104
+4 * 104
+8 * 104
+1 * 104
+1 +2 104
+3 * 104
+3 * 104
jcnd=101/104 0x11b00 * 
* * 
-6 * 3
+3 * 3
+3 * 3
jcnd=3/3 0x11b00 * 
* * 
+6 +30 116
+4 * 116
+6 * 123
+7 * 123
+4 * 123
+3 * 123
jump=1 0x1185c 490 
* * 
jump=17 0x118c8 +96 
* * 
jump=105 +11 450 
* * 
+11 450 105
+7 * 105
+4 * 105
fi=(5)
+3 145 105
+3 * 105
+4 * 105
jcnd=28/105 0x11737 +1 
* * 
-4 * 17
+4 * 17
+6 -19 125
+4 * 125
+7 * 125
jcnd=122/125 0x113a8 +2 
* * 
+6 +32 3
+7 * 3
+7 * 3
+3 * 3
+3 * 3
jfi=(77)
jcnd=1/3 0x110a5 288 
* * 
+6 +1 2
+7 * 2
+3 * 2
fi=(6)
+6 294 2
+7 +22 2
+7 -22 2
+3 * 2
jfi=(5)
jump=2 +25 160 
* * 
fi=(5)
+25 160 2
+4 * 2
+3 * 2
+2 +3 2
+7 +4 2
+7 -4 2
+4 +4 2
+3 * 2
+7 -2 2
+7 -2 2
+4 +2 2
+4 +1 2
+7 -1 2
+4 * 2
fi=(6)
+4 294 2
+5 * 2
+2 * 2
+4 * 2
jcnd=2/2 0x11b20 +2 
* * 
0x116d8 508 2
+6 -1 2
+4 * 2
+3 +1 2
+2 * 2
+2 +1 2
cfi=(15) ./elf/../sysdeps/x86/dl-get-cpu-features.c
cfn=(428) __x86_cpu_features
calls=1 0x1a780 71 
* * 6
cob=(3)
cfi=(80) ./string/../sysdeps/x86/cacheinfo.c
cfn=(280) __x86_cacheinfo
calls=1 0xc51a0 86 
* * 28
+2 +1 2
fi=(5)
+7 159 2
fi=(6)
+4 510 2
fi=(5)
+3 159 2
+3 * 2
+6 * 2
+3 * 2
jfi=(77)
jump=2 0x110a5 288 
* * 
+37 -14 1
+3 * 1
+4 * 1
jcnd=1/1 0x11558 -19 
* * 
+6 +1 28
+6 * 28
+2 * 28
jcnd=28/28 0x11558 -20 
* * 
fi=(6)
0x1185c 490 1
+4 * 1
+3 * 1
+6 +5 1
+4 * 1
+5 -1 1
+3 * 1
+7 * 1
+7 +1 1
+3 * 1
+4 -1 1
cfi=(29)
cfn=(80)
calls=1 0x2afb0 212 
* * 11
+5 +2 1
+4 * 1
+5 * 1
+7 * 1
+2 +1 1
jfi=(5)
jcnd=1/1 0x1172a 145 
* * 
+39 -75 17
+4 * 17
+3 * 17
+6 +4 17
+7 * 17
+4 * 17
+4 * 17
+6 +5 17
+4 +9 17
+7 -9 17
+3 * 17
+4 +9 17
fi=(5)
+3 145 17
+3 * 17
jump=17 0x1154e * 
* * 
0x119b0 * 16
+3 * 16
fi=(6)
+3 296 16
+4 * 16
+4 * 16
+6 * 120
+3 +3 120
+3 -3 120
+4 +3 120
+2 * 120
jcnd=113/120 0x1151a +27 
* * 
+6 +2 7
+6 * 7
+2 * 7
+6 * 7
+3 * 7
+6 +3 7
+3 * 7
+6 +1 7
+8 * 7
+2 * 7
jcnd=7/7 0x11a7f +11 
* * 
0x11a7f +11 7
+7 * 7
+7 +7 7
cob=(3)
cfi=(97)
cfn=(318)
calls=1 0xa95a0 29 
* * 22
cob=(3)
cfi=(128) ./time/../sysdeps/unix/sysv/linux/time.c
cfn=(404) time
calls=1 0xd99a0 38 
* * 7
cob=(3)
cfi=(91)
cfn=(304)
calls=1 0xa9c10 29 
* * 22
cob=(3)
cfi=(109)
cfn=(348)
calls=1 0xa9480 29 
* * 22
cob=(3)
cfi=(122)
cfn=(386)
calls=1 0xa93f0 29 
* * 23
cob=(3)
cfi=(88)
cfn=(296)
calls=1 0xa96d0 29 
* * 24
cob=(3)
cfi=(117)
cfn=(370)
calls=1 0xa86a0 29 
* * 21
+3 * 7
+7 * 7
+7 * 7
+3 +3 7
+4 * 7
jcnd=7/7 0x11524 * 
* * 
fi=(5)
+27 135 2
+7 * 2
+7 * 2
+3 * 2
+4 * 2
+7 +3 2
jump=2 0x11558 -12 
* * 
fi=(6)
+36 296 104
+4 +3 104
+4 -3 104
+4 * 104
jcnd=104/104 0x119c4 * 
* * 
+20 * 2
+3 * 2
+3 * 2
+4 * 2
+4 * 2
+3 * 2
+4 * 2
+6 * 2
+3 +3 2
+2 * 2
jcnd=2/2 0x116d8 508 
* * 
fi=(5)
0x11c00 50 4
+3 * 4
jfi=(77)
jump=4 0x10fba 288 
* * 
fe=(77)
0x11d28 308 8
+4 * 8
fi=(6)
+6 -14 8
+7 * 8
jcnd=5/8 0x11489 * 
* * 
+6 * 3
+7 * 3
+8 * 3
+7 * 3
+4 * 3
jump=3 0x1150e +2 
* * 
fe=(77)
+87 +49 4
+7 * 4
+7 * 4
+3 * 4
+3 * 4
+3 +3 4
+3 -3 4
+3 +3 4
+3 +4 4
+3 * 4
+6 +1 4
+3 * 4
+5 * 4
+3 * 4
cfi=(71)
cfn=(226) mprotect
calls=4 0x26d20 117 
* * 24
+5 * 4
+2 * 4
jcnd=4/4 0x11105 -14 
* * 
0x11e67 -63 2
+3 * 2
+4 * 2
jump=2 0x10f92 * 
* * 
fi=(5)
+10 53 2
+11 175 2
+7 * 2
jfi=(77)
jcnd=1/2 0x110a5 288 
* * 
+6 * 1
+7 * 1
+3 * 1
+6 +2 1
+4 * 1
+7 +1 1
+7 * 1
+3 -1 1
+3 +3 1
+3 -3 1
+4 * 1
+4 * 1
+4 * 1
+4 +3 1
+4 * 1
-47 -3 5
+4 * 5
+7 +1 5
+7 * 5
+3 -1 5
+3 +3 5
+3 -3 5
+4 * 5
+4 * 5
+4 * 5
+4 +3 5
+4 * 5
+6 +8 6
fi=(6)
+4 +74 6
+4 * 6
+6 +21 6
+4 * 6
+6 +4 6
+3 * 6
+6 +7 6
+5 * 6
+2 * 6
+4 * 6
fi=(4)
+6 138 6
+5 * 6
+3 * 6
fi=(6)
+3 294 6
+3 * 6
+6 * 6
+3 * 6
+4 * 6
+5 * 6
+4 * 6
+2 * 6
+4 * 6
+4 * 6
+3 * 6
+2 * 6
+3 * 6
+7 * 6
+6 * 6
+4 * 6
jcnd=6/6 +13 * 
* * 
+13 * 6
+4 * 6
+4 * 6
+7 * 6
+7 * 6
+4 * 6
+2 * 6
+8 * 6
jcnd=6/6 +5 * 
* * 
+5 * 6
+2 * 6
+3 * 6
+7 * 6
+4 * 6
+2 * 6
+3 * 6
+3 * 6
+3 * 6
+7 * 6
cfi=(78)
cfn=(270)
calls=6 0xc0d0 840 
* * 3259
+5 * 6
+4 * 6
+7 * 6
+5 * 6
+3 * 6
+5 * 6
+4 * 6
+8 * 6
+1 * 6
+1 +2 6
+3 * 6
+3 * 6
jcnd=2/6 0x12560 * 
* * 
+6 +30 6
+4 * 6
+6 * 6
+7 * 6
+4 * 6
+3 * 6
jump=6 +11 450 
* * 
+11 450 6
+4 * 6
fi=(5)
+3 191 6
+3 * 6
+4 * 6
+6 -16 6
+4 * 6
+7 * 6
jcnd=5/6 0x11ea0 +2 
* * 
+6 +30 1
+7 * 1
+3 * 1
+3 * 1
jfi=(77)
jcnd=1/1 0x110a5 +83 
* * 
fi=(6)
0x12424 +91 2
+3 +3 2
+3 -3 2
+4 +3 2
+2 * 2
jcnd=2/2 0x11fdd +27 
* * 
0x12560 -3 2
+4 +3 2
+4 -3 2
+4 * 2
jcnd=2/2 0x12424 * 
* * 
fe=(77)

fl=(22)
fn=(60)
0x2aa40 41 13
+4 +44 13
+4 +1 13
+4 +1 13
+4 +1 13
+4 +1 13
+3 +1 13
+3 +1 13
+7 +2 13
+7 +2 13
+2 +31 13
+4 +1 13
+4 +1 13
+4 +1 13
+2 +1 13
jcnd=6/13 +6 +7 
* * 
+2 +1 7
+3 +2 7
+1 +4 6
+4 +1 6
+5 +1 6
+5 +1 6
+5 +1 6
+4 +1 6
+5 +1 6
+4 +1 6
+4 +1 6
+4 +1 6
+3 +1 6
+4 +1 6
+3 +5 6
+3 * 6
+3 * 6
+4 * 6
+3 * 6
+3 * 6
+2 * 6
+4 * 6

fl=(43) ./string/../sysdeps/x86_64/memcmp.S
fn=(124) bcmp
0x2a410 22 1
+4 +5 1
+3 +1 1
+6 +1 1
+4 +1 1
+6 +1 1
+3 +1 1
+3 +1 1
+4 +1 1
+6 +3 1
+7 +1 1
+2 +1 1
+3 +1 1
+4 +1 1
+4 +1 1
+6 +1 1
+4 +1 1
+2 +1 1
+6 +2 1
+7 +1 1
jcnd=1/1 +23 +17 
* * 
+23 +17 1
+7 +1 1
jcnd=1/1 +21 +17 
* * 
+21 +17 1
+7 +1 1
+2 +1 1
+3 +1 1
+4 +1 1
+4 +4 1
jcnd=1/1 +63 +47 
* * 
+63 +47 1
+3 +1 1
+2 +1 1
+3 +1 1
+3 +1 1
+4 +1 1
+4 +1 1
+4 +1 1
+3 +1 1
+3 +1 1
+3 +1 1
+3 +1 1
+2 +1 1

fl=(23) ./elf/../misc/sbrk.c
fn=(62) sbrk
0x25ab0 37 1
+4 * 1
+2 * 1
+1 * 1
+3 * 1
+4 +3 1
+7 +18 1
+3 * 1
+2 +4 1
+3 * 1
jcnd=1/1 +29 +16 
* * 
+29 +16 1
+4 * 1
+3 * 1
+1 * 1
+2 * 1

fl=(38) ./elf/./elf/dl-hwcaps.c
fn=(108) _dl_important_hwcaps
0x1d480 175 1
+4 * 1
+1 * 1
+3 * 1
+2 * 1
+2 +1 1
+4 -1 1
+2 * 1
+2 * 1
+1 * 1
+3 * 1
+7 * 1
+7 +1 1
+5 -1 1
+7 +1 1
+3 -1 1
+7 +1 1
+2 -1 1
+7 +1 1
+4 * 1
cfi=(10)
cfn=(24)
calls=1 0x17d70 405 
* * 21
+5 * 1
+4 +2 1
+7 * 1
+7 +1 1
+2 * 1
+8 * 1
+3 +26 1
+3 * 1
+3 -26 1
+4 +25 1
cfi=(39) ./elf/../sysdeps/x86_64/dl-hwcaps-subdirs.c
cfn=(110) _dl_hwcaps_subdirs_active
calls=1 0x1dff0 29 
* * 47
fi=(40) ./elf/./dl-hwcaps.h
+5 54 1
fe=(38)
+4 205 1
+2 -1 1
fi=(40)
+6 56 1
+8 +32 1
+7 +1 1
+8 +1 1
jfi=(38)
jump=1 +27 -35 
* * 
fe=(38)
+27 -35 1
+3 * 1
cfi=(41) ./elf/./elf/dl-hwcaps_split.c
cfn=(116) _dl_hwcaps_split_masked
calls=1 0x1e220 -4 
* * 13
+5 * 1
+2 * 1
fi=(40)
+2 -1 1
+7 +2 1
+8 * 1
+4 -2 1
+4 +34 1
+6 * 1
+3 +1 1
+7 * 1
+4 +1 1
jfi=(38)
jump=1 +25 -35 
* * 
fe=(38)
+7 -32 2
+4 -1 2
+4 +1 2
+3 +1 2
+3 -1 2
+4 -3 2
+3 * 2
cfi=(41)
cfn=(116)
calls=2 0x1e220 -4 
* * 114
-3 * 1
+3 * 1
cfi=(41)
cfn=(116)
calls=1 0x1e220 -4 
* * 122
+5 * 3
+2 * 3
jcnd=2/3 -28 +3 
* * 
+2 +48 1
+3 * 1
+4 * 1
+7 * 1
+4 * 1
fi=(28) ./elf/../include/rtld-malloc.h
+7 -47 1
cfi=(27) ./elf/./elf/dl-minimal-malloc.c
cfn=(76) __minimal_malloc
calls=1 0xd3d0 -21 
* * 25
fe=(38)
+6 +47 1
+7 +2 1
+3 * 1
+6 +3 1
+6 * 1
fi=(40)
+4 -52 1
fe=(38)
+8 +55 1
+2 -3 1
fi=(40)
+6 -54 1
+7 * 1
+4 +3 1
jfi=(38)
jump=1 +52 +58 
* * 
fe=(38)
+52 +58 1
+3 * 1
cfi=(41)
cfn=(122) _dl_hwcaps_split
calls=1 0x1e0c0 -90 
* * 12
+5 * 1
+2 * 1
fi=(40)
+2 -61 1
+7 +2 1
+8 * 1
+4 -2 1
+4 +34 1
+6 * 1
+3 +1 1
+7 * 1
+4 +1 1
jfi=(38)
jump=1 +57 +38 
* * 
fe=(38)
+11 +40 2
+4 * 2
+3 +1 2
+5 -1 2
+4 * 2
+7 * 2
+3 +2 2
+3 +1 2
+4 -2 2
+4 * 2
+4 * 2
+5 -3 2
+3 * 2
cfi=(41)
cfn=(116)
calls=2 0x1e220 -77 
* * 114
-3 * 1
+3 * 1
cfi=(41)
cfn=(116)
calls=1 0x1e220 -77 
* * 122
+5 * 3
+2 * 3
jcnd=2/3 -56 +2 
* * 
+2 +8 1
+7 * 1
+6 +9 1
+6 -15 1
+7 +15 1
+8 * 1
+4 -15 1
+4 +15 1
+4 * 1
+2 * 1
+6 * 1
+4 * 1
+3 * 1
+4 * 1
+4 * 1
+1 +9 1
+4 * 1
+4 +4 1
+4 * 1
+3 * 1
+3 * 1
+3 * 1
+4 * 1
+3 * 1
cfi=(43)
cfn=(124)
calls=1 0x2a410 22 
* * 41
+5 +1 1
+2 * 1
+2 +1 1
jcnd=1/1 +7 +4 
* * 
+7 +4 1
+5 +1 1
+4 * 1
+5 +1 1
+3 -20 1
+4 * 1
+4 +19 1
+3 +1 1
+5 -20 1
+4 * 1
+2 -1 1
+5 * 1
+4 * 1
+4 * 1
+2 +70 1
+7 +1 1
+7 +4 1
+5 -5 1
+4 * 1
+7 +1 1
+8 * 1
+3 * 1
+4 * 1
+4 +4 1
+2 * 1
+8 -4 1
+7 +4 1
+6 * 1
+7 * 1
+4 * 1
+3 +1 1
+3 -1 1
+3 +1 1
+3 * 1
+3 +1 1
+4 * 1
+4 -2 1
+4 * 1
+3 * 1
+3 * 1
+3 * 1
jcnd=1/1 -33 +1 
* * 
-33 +1 1
+3 -1 1
+3 +1 1
+3 * 1
+3 +1 1
+4 * 1
+4 -2 1
+4 * 1
+3 * 1
+3 * 1
+3 * 1
+2 +5 1
+3 +3 1
+3 * 1
+4 -3 1
+4 * 1
+4 +3 1
+4 * 1
+7 * 1
+4 * 1
+3 * 1
+7 * 1
+3 * 1
+3 * 1
jcnd=1/1 +23 * 
* * 
+23 * 1
+5 * 1
+3 * 1
+3 * 1
jcnd=1/1 0x1de3d * 
* * 
+6 * 1
+5 * 1
+2 * 1
+7 +7 1
+6 -7 1
+4 * 1
+4 +2 1
+3 * 1
+7 * 1
+6 +1 1
+4 * 1
jcnd=1/1 +91 -1 
* * 
-4 * 1
+4 * 1
+2 +2 1
fi=(199) ./elf/../sysdeps/x86/dl-hwcap.h
+3 57 1
fe=(38)
+3 233 1
+4 * 1
fi=(199)
+4 57 1
fe=(38)
+8 233 1
+4 * 1
fi=(199)
+3 57 1
fe=(38)
+3 233 1
+3 +1 1
cfi=(22)
cfn=(60)
calls=1 0x2aa40 41 
* * 17
+5 +1 1
+3 +1 1
+4 -6 1
+4 +4 1
+4 +1 1
+3 -5 1
+4 +5 1
+3 +1 1
+4 -1 1
+3 * 1
+3 -5 1
+3 * 1
jcnd=1/1 +17 +10 
* * 
+11 * 1
+4 * 1
jump=1 -99 +1 
* * 
+2 +10 1
+3 * 1
+4 * 1
+3 -2 1
+7 * 1
+3 * 1
+2 +2 1
+3 +1 1
+7 +1 1
+4 -1 1
+4 +4 1
+3 * 1
+4 * 1
+4 * 1
+7 +1 1
+8 -1 1
+3 +4 1
+4 * 1
+6 +4 1
+4 -1 1
+5 +1 1
+4 * 1
+7 * 1
+3 * 1
+7 -1 1
+6 * 1
+5 +4 1
+4 * 1
+7 * 1
+5 +1 1
+4 * 1
+4 * 1
jcnd=1/1 0x1dd5e +2 
* * 
+12 +19 1
+7 * 1
+5 * 1
+7 * 1
+2 * 1
+3 * 1
+6 * 1
+7 * 1
+7 * 1
+3 * 1
+3 +6 1
+4 * 1
fi=(28)
+4 56 1
cfi=(27)
cfn=(76)
calls=1 0xd3d0 -21 
* * 25
+6 * 1
fe=(38)
+7 283 1
+3 * 1
+6 +8 1
fi=(40)
+3 54 1
+7 +2 1
+8 +34 1
+3 -2 1
+7 * 1
fe=(38)
+4 -5 1
+10 291 1
fi=(40)
+4 54 1
+4 +35 1
fe=(38)
+8 291 1
fi=(40)
+4 90 1
jfi=(38)
jump=1 +68 -10 
* * 
fe=(38)
+68 -10 1
+3 * 1
cfi=(41)
cfn=(116)
calls=1 0x1e220 -29 
* * 13
+5 * 1
+2 * 1
fi=(40)
+2 -26 1
+7 * 1
+4 +2 1
fe=(38)
+8 +27 1
fi=(40)
+10 -29 1
+4 +34 1
+6 * 1
+3 +1 1
+7 * 1
+4 +1 1
jfi=(38)
jump=1 +71 -10 
* * 
fe=(38)
+12 -8 2
+3 +1 2
+4 * 2
+4 +7 2
+4 -7 2
+4 * 2
+3 * 2
+8 * 2
+5 * 2
cfi=(29)
cfn=(128)
calls=2 0x2afa0 199 
* * 26
+5 +4 2
+3 +2 2
+4 +2 2
+4 -2 2
+4 * 2
+4 -9 2
+3 * 2
cfi=(41)
cfn=(116)
calls=2 0x1e220 -29 
* * 114
-3 * 1
+3 * 1
cfi=(41)
cfn=(116)
calls=1 0x1e220 -29 
* * 122
+5 * 3
+2 * 3
jcnd=2/3 -69 +2 
* * 
+2 304 1
+5 +2 1
+3 -2 1
+6 -48 1
+4 * 1
+7 +72 1
+4 -72 1
+5 376 1
+6 * 1
+3 +13 1
+5 * 1
+2 -58 1
+5 +45 1
+6 +13 1
+6 -58 1
+6 -75 1
+5 +82 1
+7 +10 1
+7 * 1
+3 -92 1
+4 +88 1
+4 +4 1
+3 * 1
+6 * 1
+7 -4 1
+4 +3 1
+4 * 1
+4 * 1
+4 * 1
+4 * 1
+4 * 1
+4 * 1
+6 -3 1
+4 * 1
+4 -3 1
+4 +3 1
cfi=(29)
cfn=(128)
calls=1 0x2afa0 199 
* * 18
-12 * 1
+4 * 1
+4 -3 1
+4 +3 1
cfi=(29)
cfn=(128)
calls=1 0x2afa0 199 
* * 18
+5 * 2
+4 +3 2
+4 -3 2
+3 * 2
+4 +3 2
jump=2 +18 +1 
* * 
+8 * 1
+4 * 1
+4 * 1
jcnd=1/1 +47 +5 
* * 
+2 +1 2
+3 * 2
+2 * 2
+2 * 2
+3 * 2
+3 * 2
jcnd=1/2 -23 -1 
* * 
+2 +1 1
+4 * 1
+4 -2 1
+4 +2 1
cfi=(29)
cfn=(128)
calls=1 0x2afa0 199 
* * 15
+5 * 1
+3 * 1
+4 -2 1
+4 * 1
+2 +5 2
+4 * 2
+3 * 2
+3 * 2
cfi=(29)
cfn=(128)
calls=2 0x2afa0 199 
* * 30
+5 * 2
+3 * 2
+4 +2 2
+3 * 2
jcnd=1/2 0x1db40 -10 
* * 
+2 * 1
+7 +5 1
+7 * 1
+5 * 1
+3 * 1
+3 * 1
+3 * 1
+10 +1 1
+8 -1 1
+4 * 1
+3 * 1
jcnd=1/1 -15 +1 
* * 
-15 +1 7
+8 -1 7
+4 * 7
+3 * 7
jcnd=6/7 -15 +1 
* * 
+2 * 1
+7 * 1
+3 * 1
+6 * 1
+4 +5 1
+6 * 1
+3 * 1
+4 * 1
+4 * 1
+10 * 1
+4 * 1
+3 * 1
+3 * 1
+3 * 1
+2 * 1
+3 +4 1
+4 -1 1
+4 +1 1
+3 * 1
-29 -4 2
+4 * 2
+3 * 2
+3 * 2
+3 * 2
+2 * 2
+3 +4 2
+4 -1 2
+4 +1 2
+3 * 2
-11 * 9
+4 -1 9
+4 +1 9
+3 * 9
jcnd=5/9 +32 -1 
* * 
+2 +1 12
+4 * 12
+4 -1 12
+4 -1 12
+4 +2 12
+5 * 12
+4 -1 12
+3 * 12
jcnd=5/12 -28 +1 
* * 
+2 -1 12
+3 * 12
jcnd=9/12 -46 +1 
* * 
+2 +4 3
+4 * 3
+3 * 3
jcnd=2/3 -73 -7 
* * 
+2 +3 1
+6 +2 1
+7 * 1
+5 -1 1
+4 -1 1
+3 +2 1
+3 -2 1
+3 +2 1
+3 * 1
+2 -1 1
+3 +1 1
+3 * 1
+3 +2 1
+4 * 1
+4 * 1
-8 * 1
+4 * 1
+4 * 1
jcnd=1/1 0x1dd30 +3 
* * 
+6 +1 1
+4 * 1
+4 +3 1
+4 * 1
+4 -6 1
+3 * 1
jcnd=1/1 -33 +2 
* * 
+2 +6 1
+3 * 1
+4 * 1
+4 +7 1
+6 * 1
+4 * 1
+2 * 1
+4 * 1
+3 * 1
+4 * 1
+3 * 1
+4 +1 1
+4 -1 1
+3 * 1
+4 +3 1
+4 * 1
jcnd=1/1 -19 -3 
* * 
-19 -3 3
+4 +1 3
+4 -1 3
+3 * 3
+4 +3 3
+4 * 3
jcnd=2/3 -19 -3 
* * 
+2 +3 1
+4 * 1
+7 * 1
+3 * 1
+4 -80 1
+7 * 1
+3 +86 1
+7 * 1
+4 * 1
+1 * 1
+2 * 1
+2 * 1
+2 * 1
+2 * 1
+1 * 1
+10 -20 1
+4 +1 1
+4 * 1
+4 -6 1
+3 * 1
+6 * 1
jump=1 0x1dcbb +6 
* * 
+25 259 1
+4 * 1
+3 +1 1
+4 * 1
jcnd=1/1 0x1df76 * 
* * 
0x1ddd0 +1 1
+4 * 1
+4 * 1
+5 * 1
+5 -1 1
+4 * 1
+4 * 1
jcnd=1/1 0x1df33 +2 
* * 
+66 +12 1
+6 * 1
+3 * 1
+3 * 1
jump=1 0x1d941 +4 
* * 
+5 -44 1
+6 * 1
jump=1 0x1d814 * 
* * 
0x1df33 +34 1
+5 * 1
+6 * 1
+10 * 1
jump=1 0x1de2c +10 
* * 
+46 -2 1
+5 * 1
+5 * 1
jump=1 0x1ddd0 +1 
* * 

fl=(48) ./elf/./elf/dl-audit.c
fn=(200) _dl_audit_objopen
0x1b450 76 2
+4 +1 2
+6 * 2
+2 * 2
+2 * 2

fn=(514) _dl_audit_preinit
0x1b660 117 1
+4 +1 1
+6 * 1
+2 * 1
+2 * 1

fn=(142) _dl_audit_activity_map
0x1b170 28 1
+4 * 1
+2 * 1
+2 * 1
+1 * 1
+1 * 1
+4 +2 1
+6 -1 1
+7 +1 1
+2 * 1
jcnd=1/1 +71 +6 
* * 
+71 +6 1
+4 * 1
+1 * 1
+1 * 1
+2 * 1
+2 * 1

fn=(758) _dl_audit_objclose
0x1b570 96 4
+4 +1 4
+6 * 4
+2 * 4
+2 * 4

fn=(458) _dl_audit_activity_nsid
0x1b250 40 3
+4 * 3
+2 +4 3
+4 -4 3
+2 +4 3
+4 -4 3
+1 +4 3
+7 -4 3
+1 * 3
+4 +4 3
+5 +1 3
+6 +1 3
+3 * 3
+2 * 3
+2 * 3
+2 +4 3
+4 * 3
+1 * 3
+1 * 3
+2 * 3
+2 * 3

fl=(70) ./io/../sysdeps/unix/sysv/linux/pread64_nocancel.c
fn=(222) __pread64_nocancel
0x26b90 25 4
+4 * 4
+3 +1 4
+5 * 4
+2 * 4
+6 * 4
+2 +1 4

fl=(26) ./elf/./elf/dl-object.c
fn=(70) _dl_new_object
0xd990 59 3
+4 * 3
+2 * 3
+3 * 3
+2 * 3
+2 * 3
+2 * 3
+3 * 3
+1 * 3
+3 * 3
+1 * 3
+3 * 3
+4 * 3
+4 * 3
+5 +3 3
+7 * 3
jcnd=1/3 0xdd38 +2 
* * 
+6 +18 2
+7 +3 2
+3 -3 2
+5 +3 2
cfi=(22)
cfn=(60)
calls=2 0x2aa40 -42 
* * 52
+5 +4 2
+3 * 2
+4 -4 2
+3 * 2
+4 +9 2
+8 * 2
fi=(28)
+5 -48 2
+5 * 2
+5 * 2
cfi=(27)
cfn=(72) __minimal_calloc
calls=2 0xd4f0 +34 
* * 100
fe=(26)
-15 +48 1
fi=(28)
+5 -48 1
+5 * 1
+5 * 1
cfi=(27)
cfn=(72)
calls=1 0xd4f0 +34 
* * 43
+6 * 3
fe=(26)
+3 +51 3
+3 * 3
+6 +5 3
+5 -2 3
+4 +6 3
+3 -4 3
+8 +4 3
+5 -5 3
+7 +4 3
+4 +1 3
+4 -1 3
+4 +1 3
+5 * 3
cfi=(29)
cfn=(80)
calls=3 0x2afb0 212 
* * 44
+5 * 3
+5 * 3
+4 +2 3
+8 +13 3
+4 * 3
jcnd=2/3 0xdc60 +12 
* * 
+6 +6 1
+4 +2 1
+8 * 1
+6 * 1
+4 * 1
+4 * 1
+3 * 1
+3 * 1
+7 +3 1
+7 * 1
jcnd=1/1 0xdc50 +1 
* * 
-42 -3 2
+8 * 2
+6 * 2
+4 * 2
+4 * 2
+3 * 2
+3 * 2
+7 +3 2
+7 * 2
jcnd=2/2 0xdc50 +1 
* * 
+6 +9 3
+4 -7 3
+7 +4 3
+4 +3 3
+2 * 3
jcnd=2/3 +63 +16 
* * 
+2 * 1
+7 * 1
+3 * 1
+6 * 1
+4 * 1
+7 * 1
+3 * 1
+4 * 1
+8 * 1
+7 +2 1
+3 -2 1
+4 * 1
+3 * 1
jcnd=1/1 -10 +2 
* * 
-10 +2 15
+3 -2 15
+4 * 15
+3 * 15
jcnd=14/15 -10 +2 
* * 
+2 +16 3
+4 * 3
+7 -5 3
+11 +5 3
+4 -6 3
+7 +6 3
+4 -6 3
+7 +6 3
+3 * 3
jcnd=1/3 0xdc80 -2 
* * 
+6 +2 2
+7 * 2
+7 +3 2
+3 * 2
+6 -3 2
+5 * 2
+3 +7 2
+3 * 2
+7 * 2
+3 * 2
+2 +4 2
+2 * 2
jcnd=2/2 0xdcd0 * 
* * 
+6 +8 1
+6 * 1
+3 +3 1
+7 * 1
+7 +10 1
+5 * 1
+3 * 1
jcnd=1/1 0xdc3d +74 
* * 
-22 -10 2
+7 * 2
+7 +10 2
+5 * 2
+3 * 2
+6 +2 2
+3 +21 2
+2 -21 2
cfi=(22)
cfn=(60)
calls=2 0x2aa40 41 
* * 70
+5 * 2
+5 * 2
+4 * 2
+5 +17 2
+3 -13 2
+4 * 2
+2 * 2
jfi=(28)
jump=2 0xdd18 56 
* * 
0xdc11 +50 2
+5 * 2
+3 * 2
cfi=(29)
cfn=(128)
calls=2 0x2afa0 -46 
* * 34
+5 * 2
+2 +5 2
+3 * 2
+4 +1 2
+3 * 2
jcnd=2/2 -10 -1 
* * 
-10 -1 40
+3 * 40
+4 +1 40
+3 * 40
jcnd=38/40 -10 -1 
* * 
+2 +2 2
+3 * 2
+4 +3 2
+3 +3 2
+7 +4 2
+4 * 2
+3 * 2
+1 * 2
+1 * 2
+2 * 2
+2 * 2
+2 * 2
+2 * 2
-17 * 1
+4 * 1
+3 * 1
+1 * 1
+1 * 1
+2 * 1
+2 * 1
+2 * 1
+2 * 1
+2 131 3
+11 * 3
jump=3 0xda94 +8 
* * 
+5 * 2
+3 -12 2
+8 * 2
jcnd=2/2 0xda64 +8 
* * 
+21 +34 1
+2 +7 1
+3 * 1
+6 * 1
+3 * 1
jump=1 0xdb4f +16 
* * 
+66 +8 2
+7 * 2
+6 * 2
+3 * 2
jcnd=2/2 0xdb58 +11 
* * 
fi=(28)
+56 56 2
+3 * 2
cfi=(27)
cfn=(76)
calls=2 0xd3d0 -21 
* * 50
+6 * 2
fe=(26)
+3 200 2
+3 * 2
+6 * 2
+3 * 2
jump=2 0xdc11 +45 
* * 
+8 64 1
+7 * 1
jcnd=1/1 +57 +2 
* * 
+57 +2 1
+4 * 1
+2 * 1
+2 +1 1
+3 * 1
+2 +10 1
+8 * 1
+6 * 1
+5 * 1
+3 * 1
+5 -6 1
+7 * 1
jump=1 0xd9ee +21 
* * 

fn=(82) _dl_add_to_namespace_list
0xd8f0 31 3
+4 * 3
+2 +2 3
+7 -2 3
+1 * 3
+3 +2 3
+3 -2 3
+1 * 3
+3 +2 3
cfi=(24) ./elf/../sysdeps/nptl/dl-tls_init_tp.c
cfn=(84) rtld_mutex_dummy
calls=3 0x15080 +9 
* * 9
+6 +2 3
+4 * 3
+8 * 3
+4 * 3
+3 * 3
+3 * 3
+3 * 3
jcnd=1/3 +89 +10 
* * 
+2 * 2
+7 +3 2
+3 * 2
+4 * 2
+3 * 2
jcnd=2/2 -10 * 
* * 
-10 * 3
+3 * 3
+4 * 3
+3 * 3
jcnd=1/3 -10 * 
* * 
+2 +2 2
+4 +2 2
+4 +4 2
+4 +4 2
+3 -4 2
+4 * 2
+5 +1 2
+7 +4 2
+1 -4 2
+7 +1 2
+4 +3 2
+1 -3 2
+7 +3 2
+2 -1 2
cfi=(24)
cfn=(84)
calls=2 0x15080 -8 
* * 6
-45 -4 1
+4 +4 1
+3 -4 1
+4 * 1
+5 +1 1
+7 +4 1
+1 -4 1
+7 +1 1
+4 +3 1
+1 -3 1
+7 +3 1
+2 -1 1
cfi=(24)
cfn=(84)
calls=1 0x15080 -8 
* * 3
+15 -5 1
+3 * 1
jump=1 -63 +1 
* * 

fl=(10)
fn=(54)
0x17820 157 5
+4 * 5
+3 * 5
+3 -55 5
+7 +55 5
+3 -55 5
+3 +55 5
+3 -55 5
+8 * 5
+3 * 5
+4 * 5
+3 * 5
+3 * 5
+3 * 5
+6 +9 5
+3 +1 5
fi=(200) ./elf/./dl-tunable-types.h
+4 -22 5
+2 * 5
fe=(10)
+4 +22 5
+3 * 5
+3 * 5
+2 * 5
+3 +1 5
+8 * 5
+3 * 5
+4 * 5
+5 * 5
+3 * 5
+3 * 5
+2 * 5
fi=(11) ./elf/./elf/dl-tunables.h
+3 +8 5
+3 * 5
+2 +1 5
fe=(10)
+3 -6 5
+3 * 5
+6 * 5
fi=(11)
+3 +15 5
fe=(10)
+3 -12 5
+3 * 5
jfi=(11)
jcnd=5/5 0x1793f +12 
* * 
+9 +4 5
+3 * 5
jcnd=5/5 +11 +7 
* * 
+11 +7 5
+3 * 5
+6 +1 5
+3 * 5
jcnd=5/5 +33 +3 
* * 
+33 +3 5
+8 * 5
+3 * 5
+4 * 5
+3 * 5
+3 * 5
+4 +1 5
+4 +1 5
+4 +1 5
+4 +24 5
fi=(11)
+45 -30 5
+3 * 5
+3 * 5
jfi=(10)
jump=5 0x178b2 -8 
* * 
fe=(10)

fn=(18) __GI___tunables_init
0x17970 282 1
+4 * 1
+2 * 1
+2 * 1
+2 * 1
+2 * 1
+1 * 1
+3 * 1
+1 * 1
+4 -9 1
+6 * 1
+2 * 1
+6 * 1
+7 * 1
+7 * 1
+3 * 1
+4 71 1
+3 * 1
+2 * 65
+4 * 65
+3 * 65
jcnd=1/65 +57 357 
* * 
+2 +6 64
+4 -3 64
+4 +3 64
+3 * 64
+2 * 64
+2 * 64
+2 * 64
+5 * 64
jump=64 +9 * 
* * 
+4 * 745
+3 * 745
jcnd=64/745 +45 +4 
* * 
+2 * 745
+5 * 745
+3 * 745
+4 * 745
+2 * 745
jcnd=745/745 -19 * 
* * 
+2 -3 64
+3 -3 64
+3 * 64
jcnd=64/64 -62 * 
* * 
+2 357 1
+4 * 1
+1 * 1
+1 * 1
+2 * 1
+2 * 1
+2 * 1
+2 * 1
+5 81 64
+2 * 64
+2 +5 64
+4 * 64
+3 * 64
fi=(11)
+7 +54 64
fe=(10)
+5 -54 64
fi=(11)
+4 +54 64
jump=64 +32 * 
* * 
+5 +1 71
+2 * 71
jfi=(10)
jcnd=64/71 +32 323 
* * 
+2 -1 7
+4 * 7
+4 * 7
+4 * 7
+2 * 7
+6 * 7
+3 * 7
+3 +1 7
+2 * 7
jcnd=7/7 -32 * 
* * 
-5 -1 64
+3 +1 64
+2 * 64
jcnd=64/64 -32 * 
* * 
fe=(10)
+2 323 64
+7 * 64
+7 * 64
+3 * 64
jump=64 +23 -12 
* * 
+5 -18 2240
+4 * 2240
+4 * 2240
+4 * 2240
jcnd=64/2240 0x179e5 74 
* * 
+6 +6 2240
+5 * 2240
+2 * 2240
+4 * 2240
+3 * 2240
jcnd=1664/2240 -32 -6 
* * 
+2 * 576
+4 * 576
+3 * 576
+3 * 576
+2 * 576
fi=(11)
+10 140 576
+3 +1 576
+2 * 576
jfi=(10)
jcnd=560/576 -61 305 
* * 
-5 -1 18
+3 +1 18
+2 * 18
jfi=(10)
jcnd=16/18 -61 305 
* * 
+2 * 18
+2 * 18
+2 -1 18
+4 * 18
+4 * 18
+4 * 18
+2 * 18
jcnd=18/18 -25 * 
* * 
fe=(10)

fn=(24)
0x17d70 405 33
+4 +3 33
+2 * 33
+7 * 33
+8 * 33
+3 * 33
+4 * 33
+3 * 33
+4 +9 33
+4 -9 33
+4 * 33
jcnd=3/33 +61 +19 
* * 
+2 * 30
+3 * 30
jcnd=20/30 +56 +19 
* * 
+2 +9 10
+2 +17 10
+8 * 10
+3 * 10
+4 * 10
+5 * 10
jcnd=10/10 +24 +2 
* * 
-20 * 23
+8 * 23
+3 * 23
+4 * 23
+5 * 23
jcnd=23/23 +24 +2 
* * 
+24 +2 33
+8 -9 23
+3 +1 23
jump=23 -55 +6 
* * 

fl=(72) ./malloc/./malloc/scratch_buffer_set_array_size.c
fn=(230) __libc_scratch_buffer_set_array_size
0x26bf0 30 2
+4 * 2
+3 * 2
+3 * 2
+2 * 2
+3 * 2
+1 * 2
+1 * 2
+3 * 2
+3 * 2
+3 +4 2
+3 +1 2
+4 * 2
jcnd=2/2 +7 +11 
* * 
+7 +11 2
+5 -1 2
+4 * 2
jcnd=2/2 +46 +18 
* * 
+46 +18 2
+1 * 2
+1 * 2
+2 * 2

fl=(76) ./elf/../sysdeps/x86/dl-cet.c
fn=(260) _dl_cet_check
0x1ab80 252 1
+4 * 1
+2 * 1
+2 * 1
+2 * 1
+2 * 1
+1 * 1
+1 * 1
+4 42 1
+7 +9 1
+7 -10 1
+3 +4 1
+3 -4 1
+4 +3 1
+3 +4 1
+4 * 1
+3 +1 1
+3 * 1
+3 -1 1
+2 * 1
+6 +14 1
+4 * 1
jcnd=1/1 0x1ac99 254 
* * 
0x1ac99 254 1
+4 * 1
+1 * 1
+1 * 1
+2 * 1
+2 * 1
+2 * 1
+2 * 1

fl=(1) ???
fn=(0) 0x0000000000020290
0x20290 0 1
+3 0 1
cfi=(2)
cfn=(2) _dl_start
calls=1 0x21030 527 
* 0 160974
+5 0 1
+3 0 1
+6 0 1
+1 0 1
+4 0 1
+2 0 1
+1 0 1
+3 0 1
+3 0 1
+4 0 1
+7 0 1
+5 0 1
+4 0 1
+2 0 1
cfi=(144) ./elf/./elf/dl-init.c
cfn=(466) _dl_init
calls=1 0x64d0 77 
* 0 366
+5 0 1
+7 0 1
+3 0 1
cob=(5) /home/forgrademe/learn/lcthw/exercise/ex40/liblcthw/tests/bstree_tests
cfi=(150) ???
cfn=(492) (below main)
calls=1 0x33f0 0 
* 0 1388248

fl=(7) ./elf/./elf/dl-minimal.c
fn=(12) __rtld_malloc_init_stubs
0x1e2e0 42 1
+4 +1 1
+7 * 1
+7 +1 1
+7 * 1
+7 +1 1
+7 * 1
+7 +1 1
+7 * 1
+7 +1 1

fn=(420) lookup_malloc_symbol
0x1e4e0 61 4
+2 * 4
+3 +3 4
+3 -3 4
+2 * 4
+1 * 4
+3 * 4
+3 +3 4
+3 -3 4
+4 +3 4
+7 * 4
+3 -1 4
+8 +1 4
+2 * 4
+2 * 4
cfi=(78)
cfn=(270)
calls=4 0xc0d0 840 
* * 2104
+5 +4 4
+5 * 4
+1 * 4
+1 * 4
+5 * 4
+3 * 4
+3 * 4
+2 +1 4
+6 * 4
+3 * 4
+2 * 4
+3 * 4
+2 * 4
+3 * 4
+4 +2 4
fi=(132) ./elf/./dl-sym-post.h
+5 -30 4
+3 * 4
+2 +12 4
+6 * 4
+2 * 4
fe=(7)
+2 +19 4
+4 * 4
+1 * 4
+2 * 4
+2 * 4

fn=(416) __rtld_malloc_init_real
0x1e5b0 76 1
+4 * 1
+2 +10 1
fi=(131) ./elf/../sysdeps/generic/dl-hash.h
+7 -41 1
fe=(7)
+5 +31 1
fi=(131)
+2 -32 1
fe=(7)
+4 +32 1
+2 * 1
+1 * 1
+3 * 1
+1 * 1
+4 +11 1
+8 -1 1
fi=(131)
+4 -43 1
+5 +5 1
+4 * 1
+4 * 1
+3 +14 1
+3 * 1
+4 * 1
+6 * 1
+3 -17 1
+3 * 1
+2 * 1
jcnd=1/1 -32 +3 
* * 
-32 +3 5
+4 * 5
+4 * 5
+3 +14 5
+3 * 5
+4 * 5
+6 * 5
+3 -17 5
+3 * 5
+2 * 5
jcnd=4/5 -32 +3 
* * 
fe=(7)
+2 +46 1
+3 * 1
fi=(131)
+3 -24 1
fe=(7)
+5 +22 1
+9 +2 1
+3 * 1
fi=(131)
+7 -19 1
fe=(7)
+4 +19 1
cfn=(420)
calls=1 0x1e4e0 -30 
* * 575
+5 +1 1
+3 * 1
+3 * 1
+7 -1 1
+3 +1 1
cfn=(420)
calls=1 0x1e4e0 -31 
* * 575
+5 +1 1
+3 * 1
+3 * 1
+7 -1 1
+3 +1 1
cfn=(420)
calls=1 0x1e4e0 -32 
* * 561
+5 +1 1
+3 * 1
+3 * 1
+7 -1 1
+3 +1 1
cfn=(420)
calls=1 0x1e4e0 -33 
* * 553
+5 +5 1
+7 +1 1
+7 +1 1
+7 +1 1
+7 +1 1
+4 * 1
+1 * 1
+1 * 1
+2 * 1
+2 * 1
+2 * 1

fl=(27)
fn=(72)
0xd4f0 78 8
+4 +4 8
+3 -4 8
+3 * 8
+3 * 8
+3 * 8
+3 +7 8
+3 +1 8
+4 * 8
+3 * 8
jfi=(28)
jcnd=8/8 +7 -30 
* * 
fi=(28)
+7 -30 8
cfi=(27)
cfn=(76)
calls=8 0xd3d0 -21 
* * 235
fe=(27)

fn=(176) __minimal_free
0xd530 95 2
+4 +2 2
+7 * 2
+3 * 2
+2 * 2

fn=(76)
0xd3d0 35 21
+4 * 21
+1 * 21
+1 * 21
+3 * 21
+4 +1 21
+7 +11 21
+7 -11 21
+3 * 21
jcnd=1/21 0xd498 +6 
* * 
+6 +11 21
+4 * 21
+4 +3 21
+4 -3 21
+7 +3 21
+3 * 21
jcnd=2/21 +38 +5 
* * 
+2 * 19
+3 * 19
+3 * 19
+3 * 19
+2 +18 21
+7 +1 21
+7 +2 21
+4 * 21
+1 * 21
+1 * 21
+5 -16 2
+7 * 2
+3 * 2
+5 * 2
+3 +1 2
+3 * 2
jcnd=2/2 +11 +2 
* * 
+11 +2 2
+4 +1 2
+3 * 2
+5 * 2
+2 * 2
+6 * 2
+5 * 2
+3 * 2
cfi=(60)
cfn=(188)
calls=2 0x26ca0 -12 
* * 18
+5 * 2
+3 +2 2
+4 * 2
+2 +2 2
+7 * 2
+2 +2 2
+3 +4 2
+4 -4 2
+7 * 2
jump=2 0xd417 +3 
* * 
+7 -23 1
+7 -1 1
+7 +1 1
+5 +1 1
+3 * 1
+3 -2 1
+7 * 1
jump=1 0xd3f4 +6 
* * 

fl=(45) ./elf/./elf/dl-debug.c
fn=(180) _dl_debug_update
0x3310 38 3
+4 +3 3
+7 -1 3
+3 * 3
jcnd=3/3 +22 +4 
* * 
+22 +4 3
+5 * 3
+2 +4 3

fn=(134) _dl_debug_initialize
0x3360 56 1
+4 +3 1
+3 * 1
+2 +4 1
+6 -6 1
+2 +4 1
+7 +2 1
+2 * 1
jcnd=1/1 0x3430 +1 
* * 
+6 +22 1
+5 * 1
+2 +5 1
+3 * 1
+8 +1 1
+7 +1 1
+8 -1 1
+4 -1 1
+4 +5 1
+5 * 1
jcnd=1/1 0x3440 +1 
* * 
+6 +4 1
+3 * 1
jcnd=1/1 +15 +8 
* * 
+15 +8 1
+3 * 1
0x3430 -43 1
+10 * 1
jump=1 0x3380 +21 
* * 
+6 +32 1
+4 * 1
+7 * 1
+4 * 1
+4 * 1
+4 * 1
jump=1 0x33b4 +3 
* * 

fn=(140) _dl_debug_state
0x3300 116 2
+4 +1 2

fl=(64) ./io/../sysdeps/unix/sysv/linux/close_nocancel.c
fn=(198) __GI___close_nocancel
0x269d0 25 3
+4 +1 3
+5 * 3
+2 * 3
+6 * 3
+2 +1 3

fl=(58) ./io/../sysdeps/unix/sysv/linux/fstat64.c
fn=(184) fstat
0x26880 29 3
+4 * 3
+3 +1 3
+2 * 3
+2 +5 3
+5 * 3
+7 * 3
cfi=(59) ./io/../sysdeps/unix/sysv/linux/fstatat64.c
cfn=(186) fstatat
calls=3 +57 153 
* * 24

fl=(78)
fn=(274) check_match
0xb240 70 112
+2 +3 112
+5 -3 112
+3 * 112
+2 * 112
+3 * 112
+3 * 112
+2 * 112
+1 * 112
+2 * 112
+5 * 112
+1 * 112
+3 * 112
+5 * 112
+3 +3 112
+5 * 112
jcnd=2/112 0xb390 * 
* * 
+6 * 110
+3 * 110
+3 +13 110
+5 -13 110
+4 +13 110
+2 -13 110
+3 +13 110
+3 * 110
+3 * 110
+6 +3 110
+3 * 110
jcnd=63/110 +25 +4 
* * 
+2 * 47
+2 * 47
+3 * 47
+5 * 47
cfi=(32)
cfn=(90)
calls=47 0x27220 +19 
* * 2235
+5 * 47
+2 * 47
+6 +4 110
+8 +1 110
+3 * 110
jcnd=2/110 +86 +50 
* * 
+2 +2 108
+3 * 108
+6 +19 108
+4 * 108
+5 +1 108
+3 * 108
+5 * 108
+4 * 108
+8 * 108
+4 * 108
+3 * 108
+4 * 108
jcnd=107/108 0xb370 +1 
* * 
+6 +2 1
+4 * 1
jcnd=1/1 0xb360 +37 
* * 
+8 -40 109
+3 +84 109
+1 * 109
+1 * 109
+2 * 109
+2 * 109
+2 * 109
+6 -18 2
+3 * 2
+2 +2 2
+4 * 2
+4 +1 2
+2 -1 2
+2 * 2
+6 +1 2
+3 * 2
+3 * 2
+3 -1 2
+2 * 2
jcnd=2/2 -51 -68 
* * 
+46 +9 1
+2 +7 1
+1 * 1
+1 * 1
+2 * 1
+2 * 1
+2 * 1
-8 * 2
+1 * 2
+1 * 2
+2 * 2
+2 * 2
+2 * 2
+6 -45 107
+4 * 107
+3 * 107
cfi=(32)
cfn=(90)
calls=107 0x27220 -9 
* * 2765
+5 * 107
+2 * 107
jcnd=107/107 0xb2ff -39 
* * 
+18 -44 2
+3 * 2
+6 * 2
+4 * 2
+6 +82 2
+2 * 2
jump=2 -67 +7 
* * 

fn=(272) do_lookup_x
0xb3f0 363 116
+2 * 116
+3 * 116
+2 * 116
+2 * 116
+2 * 116
+1 * 116
+1 * 116
+7 +1 116
+4 -1 116
+5 * 116
+8 * 116
+5 * 116
+8 * 116
+5 +48 116
+3 -30 116
+3 * 116
+5 -11 116
+3 +41 116
+4 -30 116
+3 * 116
+5 * 116
+8 +30 116
fi=(79) ./elf/../sysdeps/generic/dl-protected.h
+5 44 116
+3 * 116
+3 * 116
fe=(78)
+3 381 116
fi=(79)
+4 44 116
+4 * 116
+8 * 116
+5 * 116
jfi=(78)
jump=116 0xb518 374 
* * 
fe=(78)
+12 395 360
+6 * 360
+2 * 360
+6 +4 360
+11 +4 360
+4 -3 360
+12 +3 360
+4 * 360
+2 * 360
+7 * 360
jcnd=360/360 +8 +1 
* * 
+8 +1 360
+4 * 360
+4 * 360
+4 +3 360
+7 +1 360
+3 * 360
+6 +7 360
+5 -3 360
+4 * 360
+6 -2 360
+4 +5 360
+6 * 360
+3 * 360
+3 * 360
+3 +3 360
+3 * 360
+3 * 360
+2 * 360
+3 * 360
+3 * 360
+3 * 360
jcnd=118/360 0xb720 +4 
* * 
+6 570 252
+4 * 252
+3 * 252
jcnd=7/252 0xb800 +3 
* * 
+6 374 361
+4 * 361
+4 +3 361
+3 * 361
+2 +4 361
+3 * 361
jcnd=358/361 +11 +4 
* * 
+2 * 3
+7 * 3
jcnd=1/3 -38 570 
* * 
+2 +4 360
+7 * 360
+2 +4 360
+7 * 360
jcnd=360/360 0xb478 +6 
* * 
0xb6b0 +88 109
+9 * 109
fi=(4)
+6 137 109
+5 * 109
+2 +1 109
+3 * 109
+3 * 109
fe=(78)
+3 528 109
+3 * 109
fi=(79)
+6 29 109
+3 * 109
fe=(78)
+6 535 109
+5 * 109
+3 * 109
+2 * 109
jcnd=7/109 0xb853 +4 
* * 
+6 * 102
+2 * 102
+6 * 102
+2 * 102
+6 +16 109
+5 * 109
+3 +1 109
+4 +1 109
+5 * 109
jump=109 0xb802 +21 
* * 
+14 422 118
+2 * 118
+3 * 118
+2 * 118
+3 -1 118
+7 * 118
+3 +2 118
+2 * 118
+6 +2 118
+7 * 118
+5 * 118
+5 * 118
+8 * 118
+8 * 118
+4 * 118
+3 * 118
+8 * 118
+5 * 118
+3 * 118
+8 * 118
jump=118 +17 +3 
* * 
+4 +13 164
+4 * 164
+3 * 164
jcnd=9/164 0xbd70 171 
* * 
+6 -10 273
+4 * 273
+3 * 273
+3 * 273
+3 * 273
jcnd=161/273 -26 +10 
* * 
+2 +3 112
+4 -1 112
+3 * 112
+7 +1 112
+4 -1 112
+4 +2 112
+2 * 112
+4 -1 112
+8 * 112
+5 * 112
+3 * 112
+1 * 112
+3 * 112
+1 * 112
+4 * 112
+1 * 112
+8 * 112
+5 * 112
+5 * 112
cfn=(274)
calls=112 0xb240 70 
* * 11265
+5 +4 112
+4 * 112
+3 * 112
jcnd=109/112 0xbfd1 +17 
* * 
+6 +3 3
+4 * 3
jump=3 0xb780 * 
* * 
+6 573 7
+2 +1 7
+7 * 7
+1 * 7
+1 * 7
+2 * 7
+2 * 7
+2 * 7
+2 * 7
-17 * 109
+7 * 109
+1 * 109
+1 * 109
+2 * 109
+2 * 109
+2 * 109
+2 * 109
+64 -35 7
+6 * 7
+2 * 7
jcnd=7/7 0xb701 +12 
* * 
0xba57 -70 9
+8 * 9
jcnd=9/9 0xb50b 570 
* * 
0xbd70 171 9
+3 * 9
+5 * 9
+5 * 9
+8 * 9
+8 * 9
+5 * 9
jump=9 0xba57 469 
* * 
0xbfd1 452 109
+3 * 109
+5 * 109
+5 * 109
+3 * 109
+8 * 109
+8 * 109
+5 * 109
jump=109 0xb6b0 +25 
* * 

fn=(270)
0xc0d0 840 116
+4 * 116
+2 * 116
+2 * 116
+2 * 116
+2 * 116
+3 * 116
+1 * 116
+3 * 116
+1 * 116
+7 +10 116
+7 -10 116
+5 * 116
+5 +10 116
+3 -10 116
+4 +10 116
+4 204 116
+7 840 116
+5 204 116
+3 * 116
+4 * 116
+7 * 116
+3 * 116
+4 581 116
+5 * 116
+2 * 116
+6 * 116
+3 -1 116
+5 * 116
+3 +2 116
+3 -1 116
+4 +1 116
+4 * 116
+3 * 116
+3 -1 116
+3 * 116
+2 * 116
jcnd=116/116 -22 +1 
* * 
-22 +1 1414
+3 -1 1414
+4 +1 1414
+4 * 1414
+3 * 1414
+3 -1 1414
+3 * 1414
+2 * 1414
jcnd=1298/1414 -22 +1 
* * 
+2 +2 116
+2 846 116
+8 -4 116
+5 +1 116
+4 +7 116
+5 -8 116
+5 +1 116
+5 +7 116
jcnd=9/116 +16 +3 
* * 
+2 * 107
+5 * 107
+3 * 107
+6 +3 116
+9 +2 116
+5 * 116
+3 -2 116
+6 +6 116
+3 * 116
+6 -7 116
+9 * 116
+3 * 116
+5 * 116
+5 * 116
+5 * 116
jump=116 +26 +8 
* * 
+11 +7 7
+4 * 7
+4 * 7
+2 * 7
+3 * 7
jcnd=7/7 +60 +29 
* * 
+2 +1 116
+4 * 116
+4 * 116
+3 * 116
+3 * 116
+4 * 116
+1 * 116
+3 * 116
+7 * 116
+7 * 116
+1 * 116
+3 * 116
+4 * 116
+1 * 116
cfn=(272)
calls=116 0xb3f0 363 
* * 41573
+5 * 116
+4 * 116
+2 * 116
jcnd=7/116 -71 -1 
* * 
+2 +28 116
+4 -23 116
+5 +23 116
+3 -23 116
+3 * 116
jcnd=7/116 0xc366 +2 
* * 
+6 +24 109
+3 * 109
jcnd=4/109 +13 +7 
* * 
+2 * 105
+4 * 105
+3 * 105
+2 * 105
+2 +7 109
+5 -7 109
+2 +40 109
+8 * 109
+3 * 109
+2 * 109
+6 +79 109
+5 * 109
+3 -65 109
+7 * 109
+2 * 109
jcnd=1/109 0xc440 +1 
* * 
+6 +3 109
+6 * 109
+5 * 109
+6 -62 116
+4 +69 116
+7 * 116
+3 * 116
+1 * 116
+1 * 116
+2 * 116
+2 * 116
+2 * 116
+2 * 116
0xc366 -86 7
+3 * 7
+2 * 7
+4 * 7
+3 * 7
+2 * 7
jcnd=7/7 0xc3f5 +18 
* * 
0xc3f5 +18 7
+3 * 7
+3 * 7
jump=7 0xc280 -1 
* * 
+69 +59 1
+11 * 1
jump=1 0xc26f +2 
* * 

fl=(15)
fn=(428)
0x1a780 71 1
+4 -32 1
+6 * 1
+2 * 1
+2 +32 1
+2 * 1

fn=(32) _dl_x86_init_cpu_features
0x1a7b0 37 1
+4 +2 1
+6 * 1
+2 * 1
jcnd=1/1 +4 +2 
* * 
+4 +2 1
cfi=(16)
cfn=(34)
calls=1 0x19530 399 
* * 7219

fl=(24)
fn=(66) __tls_pre_init_tp
0x15090 53 1
+4 * 1
+7 * 1
+5 +3 1
+4 * 1
+4 * 1
+7 * 1
+5 * 1
+4 * 1
+4 * 1
+7 * 1
+5 +5 1
+7 -5 1
+4 +5 1
+7 +1 1
+7 -6 1
+7 +8 1

fn=(84)
0x15080 42 8
+4 +2 8
+2 * 8

fn=(256) __tls_init_tp
0x150f0 68 1
+4 * 1
fi=(201) ./elf/../include/list.h
+1 -24 1
fe=(24)
+7 +24 1
fi=(201)
+4 -25 1
fe=(24)
+7 +26 1
+9 +3 1
fi=(201)
+7 -29 1
+7 +1 1
+7 +1 1
+4 +2 1
fe=(24)
+7 +28 1
+7 * 1
+5 * 1
+2 * 1
+6 +1 1
+7 * 1
+9 +1 1
+9 +5 1
+7 * 1
+8 +5 1
+7 +6 1
+5 -3 1
+11 +3 1
+5 -6 1
+5 * 1
+4 * 1
+7 +6 1
+2 +13 1
+2 * 1
+5 * 1
fi=(75) ./elf/../sysdeps/unix/sysv/linux/rseq-internal.h
+5 -72 1
fe=(24)
+7 +72 1
cfi=(10)
cfn=(24)
calls=1 0x17d70 405 
* * 20
fi=(75)
+5 -74 1
+4 * 1
+2 * 1
+2 +2 1
+6 * 1
+2 * 1
+5 * 1
+3 * 1
+5 * 1
+2 +3 1
+5 * 1
+2 +3 1
fe=(24)
+12 +83 1
+9 * 1
+7 * 1
+3 +7 1
+7 * 1
+9 +2 1
+9 +1 1
+9 +1 1
+4 * 1
+1 * 1

fl=(74) ./elf/./elf/dl-version.c
fn=(246) _dl_check_map_versions
0x15df0 155 4
+4 * 4
+2 * 4
+2 * 4
+2 * 4
+2 * 4
+1 * 4
+1 * 4
+7 +15 4
+4 -15 4
+4 * 4
+4 +15 4
+3 * 4
+6 +2 4
+4 * 4
+3 * 4
+5 * 4
+7 * 4
+6 +2 4
+7 +1 4
+7 -1 4
+5 +1 4
+5 +2 4
+3 * 4
jcnd=2/4 0x16478 -13 
* * 
+6 +3 2
+4 * 2
+3 -16 2
+3 -8 2
+8 +28 2
+4 -4 2
+5 +4 2
+6 * 2
+3 +16 2
+3 36 2
+4 * 2
+7 200 2
+5 36 2
+4 * 2
+4 * 2
+4 * 2
+3 * 2
jcnd=2/2 +28 +2 
* * 
+14 +1 5
+5 -1 5
+3 * 5
+6 +2 7
+3 * 7
+3 * 7
cfi=(53)
cfn=(162) _dl_name_match_p
calls=7 0xd690 +30 
* * 844
+5 * 7
+2 * 7
jcnd=5/7 -27 -1 
* * 
+2 208 2
+4 * 2
+2 * 2
+6 +5 2
+5 -71 2
+5 * 2
+4 +71 2
+3 * 2
+3 * 2
+3 +8 2
+4 -2 2
+4 -2 2
+5 * 2
+3 +4 2
+5 -4 2
+5 * 2
+4 * 2
+4 * 2
+4 * 2
+4 * 2
jcnd=1/2 +26 56 
* * 
-42 +4 7
+4 -2 7
+4 -2 7
+5 * 7
+3 +4 7
+5 -4 7
+5 * 7
+4 * 7
+4 * 7
+4 * 7
+4 * 7
jcnd=2/7 +26 56 
* * 
+2 * 6
+7 * 6
+3 * 6
+7 * 6
+3 * 6
+4 56 6
+4 * 6
+4 * 6
+7 * 6
jcnd=6/6 +6 +8 
* * 
-15 * 3
+4 * 3
+4 * 3
+7 * 3
jcnd=3/3 +6 +8 
* * 
+6 +8 9
+7 * 9
+3 * 9
+6 +6 9
+7 * 9
+3 * 9
+6 +16 9
+4 +1 9
+3 * 9
+6 +2 9
+4 +5 9
+4 * 9
+2 * 9
+5 * 9
+3 * 9
+3 * 9
+5 * 9
+3 * 9
+3 * 9
+3 +14 9
+4 * 9
-4 * 77
+4 * 77
jcnd=9/77 0x16090 +2 
* * 
+6 +12 77
+4 * 77
+2 * 77
+6 +4 77
+3 -30 77
+6 * 77
jcnd=77/77 -31 +14 
* * 
0x1606a 224 9
+4 * 9
+5 * 9
+3 * 9
+4 +3 9
+3 * 9
+2 * 9
jcnd=2/9 +57 113 
* * 
+2 +5 7
+3 -11 7
jump=7 0x15ee8 * 
* * 
+12 110 9
+4 +3 9
+3 * 9
+5 * 9
+3 * 9
cfi=(32)
cfn=(90)
calls=9 0x27220 -5 
* * 268
+5 * 9
+2 * 9
+6 * 9
+3 * 9
jump=9 -69 224 
* * 
+9 * 2
+4 236 2
+5 * 2
+3 * 2
+2 * 2
jcnd=2/2 0x1628d +14 
* * 
0x1628d +14 2
+6 * 2
jcnd=1/2 +47 +17 
* * 
+2 +3 2
+5 * 2
+4 * 2
+3 * 2
jump=2 +10 +3 
* * 
+7 +10 42
+3 -7 42
+4 * 42
+5 * 42
+3 * 42
+4 +3 42
+3 * 42
+2 * 42
jcnd=40/42 -24 +4 
* * 
-21 -3 2
+4 * 2
+5 * 2
+3 * 2
+4 +3 2
+3 * 2
+2 * 2
jcnd=2/2 -24 +4 
* * 
+2 +8 3
+3 * 3
+6 +6 3
fi=(28)
+4 44 3
fe=(74)
+5 273 3
fi=(28)
+3 44 3
cfi=(27)
cfn=(72)
calls=3 0xd4f0 +34 
* * 108
fe=(74)
+6 272 3
fi=(28)
+7 44 3
fe=(74)
+3 274 3
+3 * 3
+6 +13 3
+7 -3 3
+7 +3 3
+4 * 3
+8 * 3
+6 * 3
+7 +2 3
+5 * 3
+3 * 3
jcnd=1/3 0x16414 +38 
* * 
+6 +3 2
+5 * 2
+4 * 2
+3 * 2
+7 +4 2
+3 * 2
+3 * 2
jump=2 +58 +3 
* * 
+2 +7 9
+3 +1 9
+6 -1 9
+3 * 9
+4 * 9
+4 +1 9
+3 +1 9
+3 -2 9
+4 +2 9
+3 * 9
+3 +1 9
+3 * 9
+3 * 9
+4 +3 9
+3 * 9
+2 * 9
jcnd=2/9 +45 +8 
* * 
+2 +5 7
+3 -15 7
+4 +2 7
+3 -2 7
+2 +2 7
+7 -2 7
+5 +2 7
+3 * 7
jcnd=7/7 -80 +2 
* * 
-24 -2 2
+4 +2 2
+3 -2 2
+2 +2 2
+7 -2 2
+5 +2 2
+3 * 2
jcnd=2/2 -80 +2 
* * 
+16 +16 2
+3 * 2
+2 * 2
jcnd=2/2 0x16414 +10 
* * 
+15 +39 4
+4 * 4
+7 * 4
+1 * 4
+1 * 4
+2 * 4
+2 * 4
+2 * 4
+2 * 4
+75 -29 3
+5 * 3
+3 * 3
jcnd=1/3 0x163b4 +29 
* * 
+2 +3 2
+4 * 2
+5 * 2
+3 * 2
jump=2 +60 +6 
* * 
+2 +4 42
+3 +6 42
+4 +1 42
+3 +1 42
+3 -1 42
+6 * 42
+4 * 42
+4 +1 42
+3 -1 42
+3 +1 42
+3 +1 42
+8 +3 42
+3 * 42
+2 * 42
jcnd=2/42 0x163b4 +10 
* * 
+6 +4 42
+3 -14 42
+4 * 42
jcnd=42/42 -62 -2 
* * 
-4 * 2
+4 * 2
+2 +10 2
+3 * 2
+2 * 2
jcnd=2/2 -14 +4 
* * 
+7 164 2
+3 +86 2
+6 -94 2
+8 +94 2
jcnd=1/2 0x16295 +3 
* * 
+6 * 1
jump=1 0x163b4 356 
* * 

fn=(244) _dl_check_all_versions
0x16590 361 1
+4 * 1
+2 * 1
+2 * 1
+1 * 1
+1 * 1
+4 +4 1
+3 * 1
+2 * 1
+3 * 1
+2 * 1
+3 -2 1
+3 * 1
+2 +4 1
+7 * 1
jcnd=1/1 +25 * 
* * 
-7 * 3
+7 * 3
jcnd=3/3 +25 * 
* * 
+25 * 4
+3 * 4
+3 * 4
+2 * 4
cfn=(246)
calls=4 0x15df0 155 
* * 3995
+5 -2 4
+4 +2 4
+2 * 4
+3 * 4
+3 -1 4
+3 -1 4
+3 * 4
jcnd=3/4 -63 +2 
* * 
+2 +5 1
+4 * 1
+3 * 1
+1 * 1
+1 * 1
+2 * 1
+2 * 1

fl=(192) ./elf/./elf/dl-fini.c
fn=(728) _dl_fini
0x6040 31 1
+4 * 1
+1 * 1
+3 * 1
+2 * 1
+2 * 1
+2 * 1
+2 * 1
+1 * 1
+4 +20 1
+7 * 1
+4 * 1
+6 -3 1
+7 * 1
+7 * 1
+4 * 1
+7 * 1
+4 * 1
+3 * 1
jump=1 +40 +6 
* * 
+19 +3 1
+4 * 1
+7 * 1
+4 * 1
jcnd=1/1 0x62f0 168 
* * 
+6 +3 1
+3 * 1
cob=(3)
cfi=(193) ./nptl/./nptl/pthread_mutex_lock.c
cfn=(730) pthread_mutex_lock@@GLIBC_2.2.5
calls=1 0x97ef0 +23 
* * 43
+6 +2 1
+4 +3 1
+3 * 1
+2 +2 1
+3 * 1
+7 * 1
+3 * 1
+3 * 1
+3 * 1
+2 +7 1
+5 * 1
+3 -2 1
+4 +2 1
cfi=(48)
cfn=(458)
calls=1 0x1b250 -28 
* * 21
+5 +5 1
+3 * 1
+3 * 1
+8 * 1
+4 * 1
+4 * 1
+3 * 1
+7 * 1
+3 * 1
+3 * 1
jcnd=1/1 +23 * 
* * 
+23 * 1
+5 * 1
+3 * 1
+3 * 1
jcnd=1/1 0x6333 * 
* * 
+6 +5 1
+3 -5 1
+3 +5 1
+2 * 1
+3 * 1
jcnd=1/1 +18 +2 
* * 
+18 +2 4
+4 * 4
+2 +2 4
+3 * 4
+6 +2 4
+2 * 4
+4 +1 4
+6 +1 4
+3 +4 4
+7 -12 4
+4 * 4
+3 * 4
jcnd=3/4 -44 +2 
* * 
+2 +14 1
+3 * 1
+3 * 1
+3 * 1
+2 * 1
+2 * 1
+6 +1 1
+3 * 1
+3 * 1
+2 * 1
jcnd=1/1 +19 +6 
* * 
+19 +6 1
+3 * 1
+5 * 1
+3 * 1
+3 * 1
cfi=(12) ./elf/./elf/dl-sort-maps.c
cfn=(236) _dl_sort_maps
calls=1 0x13730 290 
* * 300
+5 +9 1
+3 * 1
cob=(3)
cfi=(194) ./nptl/./nptl/pthread_mutex_unlock.c
cfn=(732) pthread_mutex_unlock@@GLIBC_2.2.5
calls=1 0x99a70 367 
* * 34
+6 +5 1
+3 * 1
+2 * 1
+6 * 1
+3 * 1
+5 * 1
+4 +2 1
+3 +2 1
+8 * 1
+2 * 1
-13 -2 3
+3 +2 3
+8 * 3
+2 * 3
+6 +3 4
+3 * 4
+7 +3 4
+7 * 4
+3 * 4
jcnd=2/4 0x62a8 +1 
* * 
+6 +4 2
+7 * 2
+6 +11 2
+4 * 2
+3 * 2
+3 * 2
+4 +1 2
+7 +1 2
+4 * 2
+4 +1 2
+3 * 2
+4 * 2
+2 * 2
+2 * 2
+6 +1 2
+4 * 2
cob=(4)
cfi=(145)
cfn=(760)
calls=1 0x10d0 0 
* * 92
cob=(5)
cfi=(150)
cfn=(734) 0x0000000000003490
calls=1 0x3490 0 
* * 92
+2 -1 2
+4 * 2
+3 * 2
+4 * 2
+4 * 2
+2 +5 2
+7 * 2
+3 * 2
+2 +1 2
+4 * 2
+3 * 2
cob=(2)
cfi=(50)
cfn=(776) 0x000000000483f288
calls=1 0x483f288 0 
* * 4
cob=(2)
cfi=(50)
cfn=(756) 0x00000000001120d0
calls=1 0x1120d0 0 
* * 4
+2 +6 4
+3 * 4
cfi=(48)
cfn=(758)
calls=4 0x1b570 -57 
* * 20
+5 +5 4
+8 -45 4
+4 * 4
+4 * 4
jcnd=3/4 0x61e0 +2 
* * 
+6 +49 1
+2 * 1
+3 * 1
cfi=(48)
cfn=(458)
calls=1 0x1b250 40 
* * 21
+5 * 1
+4 * 1
jump=1 0x6099 51 
* * 
+8 -38 2
+7 * 2
+3 * 2
jcnd=2/2 -62 +29 
* * 
+62 +44 1
+3 * 1
+2 * 1
+2 * 1
+6 * 1
+2 * 1
+2 +6 1
+7 * 1
+2 +7 1
+4 * 1
+1 * 1
+2 * 1
+2 * 1
+2 * 1
+2 * 1
+1 * 1
+27 73 1
+6 * 1
jump=1 0x6134 +5 
* * 

fl=(41)
fn=(116)
0x1e220 51 11
+4 * 11
+1 * 11
+1 * 11
+3 * 11
+4 -25 11
+3 * 11
+3 * 11
jcnd=2/11 0x1e2b0 +29 
* * 
-6 * 3
+3 * 3
+3 * 3
+2 +4 12
+4 * 12
+3 +4 12
+4 * 12
+3 * 12
jcnd=6/12 +31 +2 
* * 
+2 * 6
+4 * 6
+7 +1 6
+3 * 6
+3 -1 6
+3 * 6
+4 * 6
+3 * 6
+2 +2 12
+2 * 12
jcnd=3/12 +76 +19 
* * 
+2 +5 9
+5 * 9
+3 * 9
cfi=(42)
cfn=(118)
calls=9 0x2a810 -18 
* * 216
+5 +1 9
+3 * 9
jcnd=3/9 +74 +1 
* * 
+2 +3 6
+3 +11 6
+3 * 6
+4 +1 6
+2 * 6
+2 +1 6
+3 -1 6
+3 +1 6
jcnd=3/6 -95 -32 
* * 
-17 -2 3
+3 * 3
+4 +1 3
+2 * 3
+2 +1 3
+3 -1 3
+3 +1 3
+2 * 6
+4 * 6
+3 * 6
+3 * 6
cfn=(120) _dl_hwcaps_contains
calls=6 0x1e160 +8 
* * 30
+5 * 6
+2 * 6
jcnd=6/6 +19 +4 
* * 
+17 -3 5
+2 +7 5
+4 * 5
+1 * 5
+1 * 5
-6 * 6
+4 * 6
+1 * 6
+1 * 6
+8 -19 3
+3 * 3
cfi=(22)
cfn=(60)
calls=3 0x2aa40 -2 
* * 51
+5 * 3
jump=3 -77 +13 
* * 

fn=(120)
0x1e160 66 6
+4 +1 6
+3 * 6
jcnd=6/6 0x1e20d +1 
* * 
0x1e20d +1 6
+5 +9 6

fn=(122)
0x1e0c0 25 1
+4 * 1
+1 * 1
+1 * 1
+4 +1 1
+3 * 1
+3 * 1
jcnd=1/1 +96 +21 
* * 
+96 +21 1
+4 -20 1
+2 +20 1
+1 * 1
+1 * 1

fl=(2)
fn=(158)
0x203b0 663 1
+4 * 1
+1 +2 1
+4 -2 1
+3 +2 1
+2 +1 1
+3 * 1
+4 -1 1
+7 * 1
+3 +1 1
+3 * 1
+2 * 1
cfi=(31) ./elf/./elf/dl-load.c
cfn=(160) _dl_map_object
calls=1 0xa410 2022 
* * 2712
+5 * 1
+4 +2 1
+1 * 1

fn=(144) handle_preload_list
0x21740 894 1
+4 * 1
+2 * 1
+2 * 1
+2 * 1
+2 * 1
+1 * 1
+1 * 1
+7 * 1
+5 * 1
+4 +5 1
+3 -5 1
+4 * 1
+5 +5 1
+6 * 1
+3 +6 1
+5 -64 1
+5 +54 1
+3 * 1
+7 * 1
jump=1 +19 +7 
* * 
+19 +7 1
+3 * 1
+3 * 1
cfi=(49) ./string/../sysdeps/x86_64/strcspn.S
cfn=(146) strcspn
calls=1 0x2aef0 25 
* * 251
+5 * 1
+3 +1 1
+4 * 1
+6 * 1
jcnd=1/1 0x21860 +2 
* * 
+11 +9 1
+3 191 1
+6 914 1
+4 * 1
+4 191 1
+2 * 1
+6 916 1
+5 * 1
+2 -80 1
+4 +5 1
+7 * 1
+5 * 1
+3 * 1
+5 * 1
+5 -10 1
+9 +8 1
+7 -4 1
+5 +1 1
+5 +1 1
+8 +4 1
cob=(2)
cfi=(50)
cfn=(148) 0x0000000004002080
calls=1 0x4002080 0 
* * 2813
+5 +1 1
+5 * 1
+3 * 1
+6 +8 1
+2 * 1
+7 * 1
+3 +67 1
+3 -18 1
+4 * 1
+6 +21 1
+7 * 1
+3 * 1
+1 * 1
+1 * 1
+2 * 1
+2 * 1
+2 * 1
+2 * 1
+4 -15 1
+3 * 1
+3 * 1
+3 * 1
cfi=(29)
cfn=(80)
calls=1 0x2afb0 212 
* * 19
+5 +1 1
+6 * 1
jump=1 0x217bd +6 
* * 

fn=(2)
0x21030 527 1
+4 * 1
+1 * 1
+3 * 1
+2 * 1
+2 * 1
+2 * 1
+2 * 1
+1 * 1
+7 * 1
+4 85 1
fi=(6)
+2 -40 1
fe=(2)
+7 557 1
+7 -4 1
+7 85 1
+4 * 1
+3 556 1
+7 85 1
fi=(3) ./elf/./get-dynamic-info.h
+7 -40 1
fe=(2)
+7 556 1
fi=(3)
+7 45 1
+3 * 1
+6 +9 1
+5 +5 1
+6 +3 1
+5 +2 1
+6 +4 1
+7 -7 1
+6 -3 1
+6 -3 1
+6 * 1
jump=1 +28 -6 
* * 
+2 * 4
+3 * 4
+3 * 4
+3 +13 4
+4 -23 4
+4 * 4
+4 * 4
+3 * 4
jfi=(4)
jcnd=1/4 +80 +35 
* * 
-15 +23 14
+4 -23 14
+4 * 14
+4 * 14
+3 * 14
+2 +4 18
+4 * 18
jcnd=13/18 -21 +19 
* * 
+2 +5 5
+3 * 5
+3 * 5
+4 * 5
jcnd=4/5 -42 +1 
* * 
+2 +2 1
+3 * 1
+3 * 1
+3 * 1
+3 * 1
jcnd=1/1 +16 +3 
* * 
+16 +3 1
+3 * 1
+3 * 1
+4 * 1
jcnd=1/1 0x215d0 +3 
* * 
fi=(4)
+22 +21 1
fi=(3)
+7 -8 1
+2 * 1
+3 * 1
+6 +10 1
+7 * 1
+3 * 1
+2 * 1
+4 +1 1
+7 * 1
+3 * 1
+2 * 1
+4 +1 1
+7 * 1
+3 * 1
+2 * 1
+4 +1 1
+7 * 1
+3 * 1
+2 * 1
+4 +2 1
+7 * 1
+3 * 1
+2 * 1
+4 +5 1
+7 * 1
+3 * 1
+2 * 1
+4 +1 1
+7 * 1
+3 * 1
+2 * 1
+4 +1 1
+7 * 1
+3 * 1
+2 * 1
+4 +3 1
+7 * 1
+3 * 1
+2 +5 1
+5 * 1
+6 +7 1
+7 * 1
+3 * 1
+2 +1 1
+7 * 1
+5 * 1
+6 +8 1
+8 * 1
+6 +1 1
+8 * 1
+6 +5 1
+7 * 1
+3 * 1
jcnd=1/1 +16 +3 
* * 
+16 +3 1
+7 * 1
+3 * 1
jfi=(2)
jcnd=1/1 +16 573 
* * 
fe=(2)
+16 573 1
fi=(6)
+4 71 1
fe=(2)
+7 573 1
+4 * 1
+4 * 1
+4 * 1
+4 * 1
+3 * 1
+6 * 1
+4 * 1
+3 * 1
+7 * 1
+4 * 1
+4 * 1
+7 * 1
+4 * 1
+5 * 1
+5 * 1
+4 * 1
+4 * 1
+4 * 1
+3 * 1
+2 * 1
+4 * 1
+4 * 1
+3 * 1
+2 * 1
+4 * 1
+3 * 1
+7 * 1
+4 * 1
+4 * 1
+4 * 1
+5 * 1
+5 * 1
+4 * 1
+4 * 1
+3 * 1
+6 * 1
+3 * 1
jcnd=1/1 0x215ee * 
* * 
+10 * 1
+4 * 1
+4 * 1
+7 * 1
fi=(6)
+3 414 1
fi=(5)
+7 86 1
fe=(2)
+7 573 1
+3 * 1
fi=(5)
+4 49 1
+4 +37 1
+4 -37 1
+3 +37 1
+3 +2 1
+4 -2 1
+4 +2 1
+4 -2 1
+4 +27 1
+3 * 1
-47 -27 1
fe=(2)
+7 573 1
+3 * 1
fi=(5)
+4 49 1
+4 +37 1
+4 -37 1
+3 +37 1
+3 +2 1
+4 -2 1
+4 +2 1
+4 -2 1
+4 +27 1
+3 * 1
jcnd=1/1 +45 +5 
* * 
+2 * 1
+8 +1 1
+3 * 1
fi=(6)
+3 534 1
+4 * 1
fi=(5)
-10 114 141
+3 * 141
fi=(6)
+3 534 141
+4 * 141
+6 +1 142
fi=(5)
+4 113 142
fi=(6)
+4 535 142
+3 * 142
fi=(5)
+3 113 142
+3 * 142
jcnd=141/142 -33 +1 
* * 
+2 +5 2
+8 * 2
+6 +8 2
+3 * 2
+3 * 2
jcnd=1/2 +32 +2 
* * 
+2 * 1
jfi=(2)
jump=1 0x21428 573 
* * 
fi=(6)
+7 326 6
+4 * 6
jcnd=6/6 0x21480 +20 
* * 
fi=(5)
+6 126 7
+4 * 7
+3 * 7
jfi=(2)
jcnd=1/7 0x21428 573 
* * 
+6 +2 7
+4 +2 7
+3 -2 7
fi=(6)
+3 287 7
fi=(5)
+3 130 7
+3 -2 7
+4 +1 7
+4 * 7
fi=(6)
+4 287 7
+4 * 7
+2 +9 7
+2 * 7
+3 * 7
+2 * 7
+5 * 7
+5 * 7
+4 * 7
+3 * 7
+5 * 7
+6 * 7
+7 +3 7
+3 * 7
+6 +27 7
+4 * 7
+6 * 7
jcnd=1/7 +90 * 
* * 
+2 * 6
+7 * 6
jcnd=6/6 0x21380 * 
* * 
fe=(2)
+41 573 2
+4 * 2
+3 * 2
jcnd=1/2 0x21510 +2 
* * 
fi=(5)
+6 50 1
fi=(4)
+7 +30 1
+7 * 1
jfi=(5)
jump=1 0x21307 +6 
* * 
fi=(6)
+13 326 1
+4 * 1
jfi=(5)
jcnd=1/1 0x2138a 126 
* * 
+44 +20 6
+4 * 6
+4 +1 6
jfi=(5)
jump=6 0x2138a 126 
* * 
fe=(2)
0x21510 575 1
+7 +13 1
cfi=(7)
cfn=(12)
calls=1 0x1e2e0 42 
* * 10
+5 +4 1
+7 * 1
+7 85 1
+2 488 1
+7 * 1
+3 85 1
+4 * 1
+3 * 1
+7 488 1
cfi=(8) ./elf/./elf/dl-setup_hash.c
cfn=(14) _dl_setup_hash
calls=1 0x13530 25 
* * 29
+5 +2 1
+7 * 1
+7 -1 1
+7 +1 1
+5 * 1
+5 +17 1
+4 -15 1
+7 -2 1
+4 +17 1
+7 -15 1
+7 +9 1
+7 -11 1
+7 +17 1
cfi=(9) ./elf/../elf/dl-sysdep.c
cfn=(16) _dl_sysdep_start
calls=1 0x1f440 85 
* * 158881
+5 * 1
+3 +2 1
+7 * 1
+2 +98 1
+7 * 1
+3 * 1
+1 * 1
+2 * 1
+2 * 1
+2 * 1
+2 * 1
+1 * 1
fi=(3)
+24 62 1
+3 * 1
+3 * 1
+4 * 1
+6 +2 1
+3 * 1
+3 * 1
+3 * 1
jump=1 0x210c9 +4 
* * 
fe=(2)
+5 573 1
+3 * 1
+4 * 1
jump=1 0x212ee * 
* * 

fn=(242)
0x20ef0 696 1
+4 * 1
+1 * 1
+3 +2 1
+3 * 1
+5 * 1
+7 * 1
cfi=(74)
cfn=(244)
calls=1 0x16590 361 
* * 4067
+5 * 1
+2 * 1
jcnd=1/1 +8 +4 
* * 
+8 +4 1
+1 * 1

fn=(248) init_tls
0x20d10 756 1
+2 * 1
+1 * 1
+4 +2 1
+7 +4 1
+8 -4 1
+7 +4 1
+6 * 1
+3 +11 1
fi=(28)
+5 44 1
fe=(2)
+5 768 1
+4 +4 1
fi=(28)
+4 44 1
cfi=(27)
cfn=(72)
calls=1 0xd4f0 +34 
* * 36
fe=(2)
+6 783 1
+8 -12 1
+7 +6 1
+4 -9 1
+3 +11 1
+8 +4 1
+6 +2 1
+7 * 1
+3 * 1
+6 -1 1
+2 * 1
+4 +3 1
+8 * 1
jcnd=1/1 0x20e20 -1 
* * 
-8 * 3
+8 * 3
jcnd=2/3 0x20e20 -1 
* * 
+6 +4 1
+3 +2 1
+3 -2 1
+4 * 1
+5 -5 1
+4 -1 1
+3 * 1
jcnd=1/1 -36 +2 
* * 
+2 +10 1
+3 * 1
+7 * 1
+6 +3 1
+3 * 1
cfi=(46) ./elf/../elf/dl-tls.c
cfn=(250) _dl_tls_static_surplus_init
calls=1 0x14020 97 
* * 79
+5 +3 1
cfi=(46)
cfn=(252) _dl_determine_tlsoffset
calls=1 0x14230 221 
* * 76
+5 +7 1
cfi=(46)
cfn=(254) _dl_allocate_tls_storage
calls=1 0x14410 422 
* * 442
+5 * 1
+3 +1 1
+3 * 1
+6 +6 1
+4 +3 1
+5 * 1
+3 -3 1
+7 +3 1
+5 * 1
+4 * 1
+5 * 1
+2 * 1
+2 * 1
+2 +3 1
cfi=(24)
cfn=(256)
calls=1 0x150f0 68 
* * 75
+5 +1 1
+7 +3 1
+4 * 1
+3 * 1
+1 * 1
+2 * 1
+7 -39 3
+4 -1 3
+3 * 3
jcnd=2/3 0x20d88 +2 
* * 
+6 * 1
jump=1 0x20dae +10 
* * 

fn=(64) dl_main
0x218e0 1320 1
+4 * 1
+1 205 1
+4 311 1
+2 1320 1
+3 * 1
+2 2818 1
+10 1320 1
+2 * 1
+7 * 1
+2 2829 1
+10 1320 1
+2 * 1
+1 2698 1
+7 1320 1
+7 * 1
+7 311 1
+4 1320 1
+7 * 1
+6 * 1
+7 207 1
+11 310 1
+7 205 1
+7 +99 1
+4 * 1
+4 * 1
+4 1332 1
cfi=(24)
cfn=(66)
calls=1 0x15090 53 
* * 17
+5 2677 1
+7 * 1
+7 * 1
+7 +6 1
+6 * 1
+2 * 1
+7 * 1
+4 * 1
+4 -4 1
+3 +4 1
+7 +2 1
+1 * 1
+3 * 1
cfi=(25) ./elf/./elf/dl-environ.c
cfn=(68) _dl_next_ld_env_entry
calls=1 0x1cf90 28 
* * 423
-3 * 1
+3 * 1
cfi=(25)
cfn=(68)
calls=1 0x1cf90 28 
* * 7
+5 * 2
+3 * 2
+3 * 2
jcnd=1/2 +79 2845 
* * 
+2 +4 1
+3 * 1
+3 * 1
+2 -2 1
+2 +2 1
+2 * 1
+2 * 1
+2 +1 1
+4 -1 1
+4 * 1
+2 * 1
-10 +1 6
+4 -1 6
+4 * 6
+2 * 6
+2 * 7
+3 * 7
jcnd=6/7 -15 +1 
* * 
+2 +9 1
+4 * 1
+4 * 1
+2 * 1
+4 * 1
+3 * 1
jump=1 0x21fe2 +21 
* * 
+27 2845 1
+7 * 1
+3 * 1
+3 * 1
+6 +32 1
+3 * 1
jcnd=1/1 +12 1348 
* * 
+12 1348 1
+7 +1 1
+7 * 1
+7 -1 1
+3 * 1
+7 +1 1
+3 * 1
jcnd=1/1 0x2221d 1627 
* * 
0x21fe2 2719 1
+6 * 1
+6 +7 1
+6 * 1
jcnd=1/1 0x2475d * 
* * 
0x2221d 1627 1
+7 * 1
+3 * 1
+2 * 1
+2 * 1
+6 * 1
+3 * 1
+3 * 1
+7 * 1
cfi=(26)
cfn=(70)
calls=1 0xd990 59 
* * 230
+5 * 1
+3 +2 1
+3 * 1
+6 +1 1
+7 +6 1
+2 * 1
+3 -6 1
+7 +1 1
+7 * 1
+8 +1 1
+7 * 1
+3 * 1
+7 +4 1
cfi=(26)
cfn=(82)
calls=1 0xd8f0 31 
* * 36
+5 +1 1
+7 * 1
+6 1140 1
+7 1326 1
+7 1169 1
+8 -29 1
+7 +11 1
+8 +18 1
+8 * 1
+7 -21 1
+8 +21 1
+3 -19 1
+8 -4 1
+11 +23 1
+4 -21 1
+8 +21 1
+3 * 1
+6 +57 1
+7 -83 1
+7 +23 1
+3 +4 1
+7 +19 1
+7 +22 1
+7 +15 1
+3 * 1
+4 * 1
+3 * 1
+3 * 1
+2 -56 1
+2 * 1
+3 * 1
-5 * 12
+2 * 12
+3 * 12
jcnd=4/12 +27 * 
* * 
+2 * 9
+2 * 9
+2 * 9
+3 * 9
+2 * 9
+4 * 9
+3 * 9
jump=2 +57 -1 
* * 
jump=1 0x22650 +9 
* * 
jump=4 0x22690 +56 
* * 
jump=1 0x225e0 +29 
* * 
jump=1 0x225b8 +4 
* * 
+9 * 4
+6 * 4
jcnd=1/4 0x22730 1271 
* * 
+6 * 3
+6 * 3
jcnd=2/3 +30 -1 
* * 
+2 1275 1
+5 * 1
+5 * 1
+5 * 1
+8 +2 1
+5 1169 1
+4 * 1
+3 * 1
-7 * 5
+4 * 5
+3 * 5
jcnd=5/5 -87 +1 
* * 
fi=(30) ./elf/../sysdeps/x86/dl-prop.h
+2 105 1
+7 * 1
jfi=(2)
jump=1 +44 1282 
* * 
fe=(2)
+8 1282 11
+5 * 11
jcnd=10/11 +18 -1 
* * 
+2 +6 1
+3 * 1
+5 * 1
+3 * 1
cfi=(31)
cfn=(88) _dl_process_pt_gnu_property
calls=1 0x8b60 868 
* * 20
+5 -7 13
+7 * 13
jcnd=1/13 0x2274b +13 
* * 
+6 +1 13
+5 +6 13
+4 -6 13
+3 * 13
jcnd=11/13 -48 * 
* * 
fi=(30)
+2 212 2
+5 * 2
+3 +1 2
+5 95 2
+8 * 2
+2 * 2
+6 * 2
jfi=(2)
jcnd=1/2 -56 1281 
* * 
+2 +10 1
+4 * 1
+6 212 1
+3 105 1
+6 -2 1
+3 -3 1
+2 +2 1
+10 +3 1
+3 -4 1
+10 * 1
jump=1 +44 +7 
* * 
+11 +92 1
+4 * 1
+4 * 1
+5 * 1
+4 -1 1
+3 -87 1
+4 * 1
+3 * 1
jfi=(2)
jcnd=1/1 0x23725 1786 
* * 
+6 +3 1
+2 * 1
+3 * 1
+2 +1 1
+4 * 1
+2 +1 1
+7 * 1
+2 +4 1
+8 * 1
+3 * 1
+6 +4 1
+3 * 1
+3 * 1
+7 +3 1
+3 * 1
+3 * 1
+6 +1 1
+4 * 1
+6 +4 1
+4 +1 1
+6 * 1
+2 * 1
+4 * 1
jump=1 +52 +4 
* * 
+24 +58 1
+4 * 1
+4 * 1
+4 +2 1
+3 * 1
+3 * 1
+4 * 1
+6 -56 2
+3 * 2
+3 +1 2
+3 +3 2
+3 * 2
+6 +3 2
+4 +1 2
+2 * 2
+4 * 2
+3 * 2
+6 +5 2
+3 * 2
+7 +2 2
+7 * 2
+2 +5 2
+3 * 2
+6 +14 2
+3 -1 2
+7 * 2
jcnd=1/2 0x22720 +1 
* * 
+6 +2 1
+7 * 1
jcnd=1/1 0x251d7 +4 
* * 
fe=(2)
0x225b8 1174 1
+7 -5 1
+4 +5 1
+4 * 1
+3 -5 1
+3 * 1
jcnd=1/1 0x22330 +1 
* * 
+19 +30 1
+7 -9 1
+3 +27 1
+7 -27 1
+4 +2 1
+7 -3 1
+3 +10 1
+3 * 1
jcnd=1/1 0x22380 -30 
* * 
+78 -20 1
+3 * 1
+4 -10 1
+4 +10 1
+4 +1 1
+3 * 1
+8 * 1
+2 * 1
+3 * 1
+3 * 1
+3 * 1
+3 * 1
+2 * 1
+7 -11 1
+3 * 1
jcnd=1/1 0x22330 +1 
* * 
+12 +57 4
+4 -1 4
+3 +1 4
+3 * 4
+3 -1 4
+3 +2 4
+7 * 4
jcnd=3/4 +9 +3 
* * 
+2 +1 1
+7 +2 1
+8 * 1
+4 * 1
-12 * 3
+8 * 3
+4 * 3
+2 +1 4
+3 * 4
jcnd=1/4 +18 +4 
* * 
+2 * 3
+3 * 3
jcnd=3/3 +13 +4 
* * 
+13 +4 4
+4 * 4
+3 +1 4
+7 * 4
+2 +1 4
+7 +1 4
+4 * 4
jcnd=3/4 +18 +5 
* * 
+2 * 1
+7 * 1
+2 +1 1
+7 +4 1
+3 -74 1
+4 +74 1
+3 * 1
+3 -74 1
+3 * 1
jcnd=1/1 0x22330 +1 
* * 
-16 +74 3
+3 -74 3
+4 +74 3
+3 * 3
+3 -74 3
+3 * 3
jcnd=3/3 0x22330 +1 
* * 
fi=(30)
+16 165 1
+6 * 1
jump=1 0x224b6 +20 
* * 
fe=(2)
+10 1271 1
+3 1169 1
+4 1271 1
+6 1169 1
+3 * 1
jcnd=1/1 0x22330 +1 
* * 
+11 1294 1
+7 +3 1
+7 * 1
+7 +2 1
+7 -5 1
+3 * 1
jcnd=1/1 +12 +3 
* * 
+12 +3 1
+3 * 1
jcnd=1/1 +13 +2 
* * 
+13 +2 1
+3 * 1
jcnd=1/1 +13 +2 
* * 
+13 +2 1
+8 * 1
+6 1662 1
+7 * 1
+3 * 1
+2 +2 1
+2 -1 1
+7 +1 1
+7 * 1
+8 +1 1
+4 * 1
+7 -2 1
+4 +2 1
+4 -2 1
+3 * 1
cfi=(32)
cfn=(90)
calls=1 0x27220 108 
* * 34
+5 * 1
+2 * 1
+2 +7 1
+11 +3 1
+6 -5 1
+7 +3 1
+10 +2 1
+6 +1 1
+7 * 1
+5 +4 1
+7 * 1
+6 +2 1
+7 * 1
fi=(3)
+6 39 1
+4 * 1
+3 * 1
+6 +6 1
+3 -2 1
+4 +2 1
+3 * 1
+2 +9 1
+5 +5 1
+6 +3 1
+5 +2 1
+6 -3 1
+6 -3 1
+6 -3 1
+6 * 1
jump=1 +28 -6 
* * 
+2 * 5
+3 * 5
+3 * 5
+3 +13 5
+4 -23 5
+4 * 5
+4 * 5
+3 * 5
jcnd=1/5 +46 +27 
* * 
-15 +23 21
+4 -23 21
+4 * 21
+4 * 21
+3 * 21
+2 +4 26
+4 * 26
jcnd=20/26 -21 +19 
* * 
+2 +5 6
+3 * 6
+3 * 6
+4 * 6
jcnd=5/6 -42 +1 
* * 
+2 +2 1
+3 * 1
+3 * 1
+3 * 1
+3 * 1
jcnd=1/1 0x23773 +3 
* * 
+14 +16 1
+3 * 1
+3 * 1
jcnd=1/1 0x23c98 * 
* * 
+6 +25 1
+7 * 1
+3 * 1
+2 +5 1
+5 * 1
+6 +7 1
+5 * 1
+2 +1 1
+7 * 1
+5 * 1
+6 +22 1
+7 * 1
+3 * 1
+2 +5 1
+4 * 1
+7 +2 1
+3 * 1
jcnd=1/1 +9 +2 
* * 
+9 +2 1
+3 * 1
jcnd=1/1 +9 +2 
* * 
+9 +2 1
+3 * 1
+2 +1 1
+7 +3 1
+7 * 1
+3 * 1
+2 +2 1
+4 * 1
+7 * 1
+2 +1 1
+2 * 1
jcnd=1/1 +10 +9 
* * 
+10 +9 1
+7 * 1
+6 +6 1
+3 * 1
+2 +1 1
+7 * 1
+7 +3 1
+8 * 1
jfi=(2)
jcnd=1/1 +13 1688 
* * 
fe=(2)
+13 1688 1
+7 * 1
+3 * 1
jcnd=1/1 +58 +7 
* * 
+58 +7 1
+3 * 1
cfi=(8)
cfn=(14)
calls=1 0x13530 25 
* * 29
+5 +3 1
+4 * 1
fi=(33) ./elf/./setup-vdso.h
+6 24 1
+8 * 1
jfi=(34) ./elf/../sysdeps/unix/sysv/linux/dl-vdso.h
jcnd=1/1 0x237d3 +16 
* * 
fi=(35) ./elf/../sysdeps/unix/sysv/linux/dl-vdso-setup.h
0x230c7 +21 1
fe=(2)
+7 1723 1
cfi=(13) ./elf/../sysdeps/unix/sysv/linux/dl-sysdep.c
cfn=(100) _dl_discover_osversion
calls=1 0x1fa40 46 
* * 80
+5 * 1
+2 * 1
+6 * 1
+6 * 1
+2 * 1
+6 * 1
+6 * 1
+5 * 1
fi=(37) ./elf/./dl-main.h
+6 109 1
+4 * 1
+4 * 1
+4 * 1
+4 * 1
cfi=(31)
cfn=(106) _dl_init_paths
calls=1 0x8710 706 
* * 2142
fe=(2)
+5 1731 1
+7 * 1
+2 * 1
cfi=(45)
cfn=(134)
calls=1 0x3360 56 
* * 30
+5 +7 1
+8 -7 1
+7 +2 1
+7 +5 1
jcnd=1/1 0x2437e +3 
* * 
+6 +4 1
+7 +3 1
+7 -3 1
+3 * 1
+3 * 1
+6 +1 1
+7 * 1
+4 +3 1
+8 +5 1
+8 -7 1
+7 +7 1
+2 +1 1
+4 * 1
+3 * 1
+7 +12 1
+8 * 1
+6 +1 1
+8 * 1
+6 +5 1
+7 -3 1
+7 * 1
+7 +2 1
+7 +1 1
+8 * 1
+7 +5 1
+3 * 1
+5 * 1
jump=1 +35 * 
* * 
+12 +1 1
+3 * 1
+4 * 1
+4 * 1
+6 * 1
jcnd=1/1 0x236f0 +2 
* * 
+6 -1 1
+3 * 1
jcnd=1/1 -26 +1 
* * 
+16 233 1
+4 -1 1
+7 +1 1
+4 * 1
+8 * 1
jcnd=1/1 +5 +1 
* * 
+5 +1 1
+3 * 1
jcnd=1/1 +60 -2 
* * 
+60 -2 1
+7 +2 1
+3 * 1
jcnd=1/1 +60 1793 
* * 
+60 1793 1
+4 * 1
+6 +5 1
+8 -1 1
+7 +1 1
+6 +24 1
cfi=(46)
cfn=(136) _dl_count_modids
calls=1 0x141c0 197 
* * 6
+5 * 1
fi=(47) ./elf/../sysdeps/generic/dl-debug.h
+7 29 1
+7 * 1
+3 * 1
+2 +1 1
+7 * 1
fe=(2)
+4 1828 1
+7 * 1
+7 +1 1
cfi=(45)
cfn=(140)
calls=1 0x3300 116 
* * 2
+5 +1 1
+1 +4 1
+5 * 1
+3 * 1
cfi=(48)
cfn=(142)
calls=1 0x1b170 28 
* * 16
+5 +5 1
+7 * 1
+4 * 1
+6 +2 1
+3 +2 1
+5 * 1
jcnd=1/1 0x24a9a 85 
* * 
+6 +9 1
+5 * 1
+6 +16 1
+7 * 1
+5 * 1
+3 * 1
cfi=(65) ./io/../sysdeps/unix/sysv/linux/access.c
cfn=(202) access
calls=1 0x269a0 25 
* * 9
+5 * 1
+2 * 1
+6 +76 1
+7 * 1
+3 * 1
+3 * 1
jcnd=1/1 0x24afe +4 
* * 
+6 +16 1
+7 * 1
+3 * 1
jcnd=1/1 +9 85 
* * 
+9 85 1
+2 1970 1
+2 85 1
+3 * 1
+4 1970 1
+3 * 1
+3 85 1
+3 1970 1
+4 * 1
+3 * 1
+3 * 1
+3 * 1
cfi=(66)
cfn=(204) _dl_map_object_deps
calls=1 0x3840 159 
* * 6779
+5 92 1
+2 1976 1
+7 92 1
+4 * 1
+3 +9 1
+3 * 1
+7 1976 1
+2 * 1
+6 +1 1
+7 * 1
+3 * 1
+4 * 1
+3 * 1
+7 -1 1
+3 * 1
+4 * 1
+3 * 1
jcnd=1/1 -20 +1 
* * 
-20 +1 3
+3 * 3
+7 -1 3
+3 * 3
+4 * 3
+3 * 3
jcnd=2/3 -20 +1 
* * 
+2 +4 1
+7 * 1
+7 * 1
+4 * 1
+4 +1 1
+7 * 1
+3 * 1
+2 +1 1
+4 +2 1
+3 * 1
+6 +1 1
+7 * 1
+2 * 1
+5 * 1
jump=1 +18 -1 
* * 
+5 -1 2
+4 * 2
+3 * 2
+6 * 3
+2 +1 3
+7 * 3
+4 * 3
jcnd=2/3 -26 -1 
* * 
+2 +12 1
+3 * 1
+4 * 1
+7 +1 1
+3 * 1
+6 +2 1
+3 +2 1
+2 * 1
+2 * 1
jcnd=1/1 +6 +2 
* * 
+6 +2 1
+7 -4 1
+7 +5 1
+4 -1 1
+3 * 1
jcnd=1/1 +26 +14 
* * 
+26 +14 1
+3 * 1
+6 +1 1
+7 * 1
+4 +1 1
+7 * 1
+3 * 1
jcnd=1/1 0x2447a -25 
* * 
+34 +11 1
+2 * 1
+3 +2 1
+7 -2 1
+3 +2 1
+3 * 1
+7 -2 1
+6 +1 1
+2 * 1
+4 +1 1
+7 -1 1
+3 * 1
+6 +1 1
cfi=(51)
cfn=(240)
calls=1 0x1d420 238 
* * 4095
+5 +10 1
+7 * 1
+6 +1 1
+3 * 1
jcnd=1/1 0x24645 +1 
* * 
+6 +3 1
+7 * 1
+2 862 1
fi=(202) ./elf/../sysdeps/unix/sysv/linux/dl-osinfo.h
+7 64 1
+3 * 1
fe=(2)
+2 864 1
+9 +6 1
+4 +3 1
+9 +7 1
+11 -5 1
+7 2052 1
+3 * 1
+2 * 1
+6 2282 1
+7 * 1
+3 * 1
jcnd=1/1 0x237f6 +49 
* * 
0x236f0 1778 1
+5 * 1
+5 +6 1
+8 -6 1
+5 * 1
+7 +6 1
jcnd=1/1 0x2320a 233 
* * 
+23 +2 1
+6 * 1
+8 * 1
fi=(30)
+4 198 1
+2 * 1
+6 * 1
+4 * 1
+6 +2 1
+8 +1 1
+7 +2 1
+9 -3 1
+3 * 1
+3 * 1
+7 +3 1
jfi=(2)
jump=1 0x223af 1281 
* * 
fi=(3)
+5 59 1
+3 * 1
+3 * 1
+4 * 1
+6 +3 1
+3 * 1
+3 * 1
+4 * 1
+6 +2 1
+3 * 1
+3 * 1
+3 * 1
jump=1 0x22881 +4 
* * 
fi=(34)
+55 -24 1
+7 +1 1
+3 * 1
jfi=(35)
jcnd=1/1 0x24127 -11 
* * 
fe=(2)
+25 2331 1
+6 1325 1
+2 2342 1
+9 -4 1
+7 * 1
+7 +10 1
+7 -6 1
+7 +6 1
+7 +3 1
+3 * 1
+6 +8 1
fi=(30)
+7 36 1
fe=(2)
+7 2359 1
fi=(30)
+3 37 1
+3 * 1
+2 * 1
+2 +3 1
+7 +13 1
+7 * 1
+4 * 1
jump=1 +6 -13 
* * 
+3 * 3
+3 -13 3
+3 +9 3
+7 * 3
-10 -9 1
+3 +9 1
+7 * 1
+2 * 4
+7 * 4
+3 * 4
jcnd=1/4 +27 -12 
* * 
+2 * 3
+4 * 3
+2 +4 3
+6 * 3
+2 * 3
+3 * 3
+2 * 3
+6 -16 4
+4 * 4
+3 * 4
jcnd=3/4 -59 +16 
* * 
+2 +34 1
+3 * 1
+3 * 1
cfi=(76)
cfn=(260)
calls=1 0x1ab80 252 
* * 30
fe=(2)
+5 2361 1
+2 * 1
jcnd=1/1 0x239b0 +54 
* * 
0x239b0 +54 1
+3 * 1
+8 * 1
+4 +3 1
+7 85 1
+2 * 1
+4 * 1
+3 * 1
+7 2422 1
+7 +1 1
+3 * 1
+8 * 1
+2 * 1
+6 * 1
+3 * 1
+6 * 1
+3 * 1
+3 * 1
+3 * 1
jump=1 +16 +2 
* * 
+6 * 3
+4 * 3
+4 * 3
jcnd=1/3 0x23a8e * 
* * 
+2 +2 4
+7 * 4
+4 +5 4
+5 * 4
+4 +2 4
+3 * 4
jcnd=1/4 0x2417c +2 
* * 
+6 +6 4
+9 +2 4
+7 * 4
+3 * 4
jcnd=1/4 +33 +5 
* * 
+2 +1 3
+6 * 3
+2 * 3
+2 * 3
+3 * 3
+8 * 3
+2 * 3
+3 * 3
cfi=(77)
cfn=(262)
calls=3 0x10d60 194 
* * 89537
+5 +4 4
+9 * 4
jcnd=3/4 0x23a08 -22 
* * 
+2 * 1
+7 * 1
+2 +1 1
+5 * 1
+3 -23 1
+4 +23 1
cfi=(46)
cfn=(402) _dl_add_to_slotinfo
calls=1 0x14e00 1015 
* * 28
+5 -23 1
+4 * 1
jcnd=1/1 0x23a12 +2 
* * 
+2 * 1
+3 * 1
+7 * 1
+3 * 1
+3 92 1
+2 * 1
+4 * 1
+3 +1 1
+7 2454 1
+8 93 1
+7 2454 1
+6 +5 1
+7 * 1
+2 * 1
+8 * 1
jcnd=1/1 +16 +2 
* * 
+16 +2 1
+8 +7 1
+2 * 1
+3 * 1
cfi=(46)
cfn=(406) _dl_allocate_tls_init
calls=1 0x144f0 528 
* * 146
+5 +3 1
+7 * 1
jcnd=1/1 0x241b3 +10 
* * 
fi=(3)
0x23c98 72 1
+8 * 1
+6 +10 1
+4 * 1
+3 * 1
jcnd=1/1 +6 +1 
* * 
+6 +1 1
+4 * 1
+3 * 1
+2 * 1
+4 +1 1
+4 * 1
+3 * 1
+2 * 1
+4 +1 1
+4 * 1
+3 * 1
+2 * 1
+4 +2 1
+4 * 1
+3 * 1
+2 * 1
+4 +5 1
+7 * 1
+3 * 1
+2 * 1
+4 +1 1
+7 * 1
+3 * 1
+2 * 1
+4 +1 1
+7 * 1
+3 * 1
+6 * 1
+4 * 1
jump=1 0x228ca +3 
* * 
fi=(35)
0x24127 -64 1
+7 * 1
+11 * 1
+7 +3 1
+11 +3 1
+11 +3 1
fi=(34)
+11 +16 1
+2 * 1
jfi=(35)
jump=1 0x230c7 -10 
* * 
fe=(2)
+25 2434 1
+7 +1 1
+4 -3 1
+3 * 1
jcnd=1/1 0x23a2f +6 
* * 
+41 +49 1
+7 * 1
+7 * 1
+6 +2 1
+2 * 1
+2 * 1
+7 * 1
+2 +10 1
cfi=(129) ./elf/./elf/dl-find_object.c
cfn=(408) _dl_find_object_init
calls=1 0x5830 561 
* * 571
+5 +5 1
+3 * 1
cfi=(7)
cfn=(416)
calls=1 0x1e5b0 76 
* * 2372
+5 +3 1
cfi=(133) ./elf/../sysdeps/nptl/dl-mutex.c
cfn=(424) __rtld_mutex_init
calls=1 0x1e7e0 30 
* * 415
+5 85 1
+2 2507 1
+7 +1 1
+2 * 1
+7 * 1
+7 85 1
+3 * 1
+4 * 1
+3 2508 1
+2 * 1
cfi=(77)
cfn=(262)
calls=1 0x10d60 194 
* * 4806
+5 92 1
+2 * 1
+4 * 1
+3 +9 1
+3 * 1
+7 2516 1
+7 * 1
+5 * 1
cfi=(135)
cfn=(430)
calls=1 0x20d0 27 
* * 1309
+5 +7 1
cfi=(9)
cfn=(456) _dl_sysdep_start_cleanup
calls=1 0x1f880 262 
* * 2
+5 +4 1
+2 * 1
+2 * 1
cfi=(48)
cfn=(458)
calls=1 0x1b250 40 
* * 21
+5 +5 1
+2 * 1
cfi=(45)
cfn=(180)
calls=1 0x3310 38 
* * 7
+5 +1 1
+7 -1 1
+3 +2 1
cfi=(45)
cfn=(140)
calls=1 0x3300 116 
* * 2
+5 +1 1
+1 +4 1
cfi=(67)
cfn=(460)
calls=1 0x172d0 537 
* * 18
+5 +5 1
+4 * 1
+1 * 1
+2 * 1
+2 * 1
+2 * 1
+2 * 1
+1 * 1
0x2437e 1741 1
+7 * 1
+3 * 1
+7 * 1
jump=1 0x23139 +1 
* * 
0x2447a 1995 1
+7 * 1
jump=1 0x234d7 +36 
* * 
0x24645 +50 1
+2 * 1
cfn=(248)
calls=1 0x20d10 756 
* * 784
+5 * 1
+3 * 1
jump=1 0x23527 +2 
* * 
0x2475d 2726 1
+6 * 1
+6 * 1
+4 * 1
+6 +2 1
+4 * 1
+4 +1 1
jump=1 0x219a0 -44 
* * 
0x24a9a 85 1
+2 1847 1
+4 85 1
+4 * 1
+3 1847 1
+3 85 1
+3 1847 1
+7 * 1
cfn=(144)
calls=1 0x21740 894 
* * 3154
+5 * 1
+3 92 1
+2 * 1
+4 * 1
+3 +9 1
+3 * 1
+7 * 1
jump=1 0x2332d 1852 
* * 
+47 1948 1
+3 * 1
+3 * 1
+8 * 1
+4 * 1
+4 * 1
+3 * 1
+7 * 1
+3 * 1
+3 * 1
jcnd=1/1 0x24dba * 
* * 
0x24dba * 1
+5 * 1
+3 * 1
+3 * 1
+2 * 1
+6 * 1
+5 +1 1
+2 -1 1
+4 +4 1
+2 * 1
+3 * 1
+4 +1 1
+4 +1 1
+3 * 1
+2 +1 1
+3 * 1
+6 -7 1
+3 * 1
jump=1 0x23367 +12 
* * 
fi=(30)
0x251d7 170 1
+2 * 1
+6 * 1
+6 -39 1
+6 * 1
jump=1 0x22423 +62 
* * 
fe=(2)

fl=(31)
fn=(164) expand_dynamic_string_token
0x80b0 385 1
+2 * 1
+2 * 1
+2 * 1
+2 * 1
+3 * 1
+1 * 1
+3 241 1
+5 385 1
+1 241 1
+3 385 1
+4 241 1
cfi=(42)
cfn=(118)
calls=1 0x2a810 23 
* * 48
+5 +3 1
+3 * 1
+2 410 1
+4 -11 1
+3 +11 1
+1 * 1
+1 * 1
+2 * 1
+2 * 1
+2 * 1
+2 -11 1
cfi=(54)
cfn=(166)
calls=1 0x271c0 40 
* * 97

fn=(168) open_verify.constprop.1
0x7620 1568 1
+1 * 1
+3 * 1
+2 * 1
+2 * 1
+3 * 1
+2 * 1
+3 * 1
+2 * 1
+3 * 1
+1 * 1
+4 +39 1
+7 * 1
+3 * 1
+6 +19 1
+5 * 1
+3 * 1
+2 * 1
cfi=(55) ./io/../sysdeps/unix/sysv/linux/open64_nocancel.c
cfn=(170) __open_nocancel
calls=1 0x26ae0 28 
* * 19
+5 * 1
+3 +2 1
+3 * 1
+6 +11 1
+10 +6 1
+4 * 1
+5 -5 1
+8 +5 1
+4 * 1
+2 * 1
+4 * 1
+3 * 1
+3 * 1
+4 * 1
+3 * 1
cfi=(56) ./io/../sysdeps/unix/sysv/linux/read_nocancel.c
cfn=(172) __read_nocancel
calls=1 0x26b60 25 
* * 6
+5 +2 1
+3 * 1
+6 +2 1
+4 * 1
+4 +2 1
+4 * 1
+2 +6 1
+4 * 1
+6 +17 1
+10 * 1
+4 * 1
+6 * 1
+5 * 1
+2 * 1
+6 * 1
+4 * 1
+3 * 1
+2 * 1
+6 * 1
jcnd=1/1 +99 * 
* * 
fi=(28)
+67 50 1
+3 * 1
cfi=(27)
cfn=(176)
calls=1 0xd530 +45 
* * 5
fe=(31)
+6 1856 1
+4 * 1
+3 * 1
+1 * 1
+2 * 1
+2 * 1
+2 * 1
+2 * 1
+1 * 1
+6 1674 1
+5 * 1
+2 * 1
+3 +74 1
+5 * 1
+6 +5 1
+6 * 1
+6 +2 1
+5 * 1
+3 * 1
+4 * 1
+6 +6 1
+6 * 1
+6 +6 1
+5 +1 1
+4 -1 1
+8 * 1
+3 * 1
+4 +1 1
+4 -1 1
+3 +1 1
+3 * 1
+6 +1 1
+4 * 1
+4 +20 1
+3 * 1
+3 * 1
+6 +31 1
+10 -31 1
+3 1633 1
+3 1820 1
+10 * 1
jump=1 +39 -30 
* * 
+11 -31 11
+8 * 11
+4 * 11
+3 * 11
+4 * 11
+3 * 11
jfi=(28)
jcnd=1/11 0x7730 50 
* * 
+6 +1 11
+3 * 11
jcnd=9/11 -31 -1 
* * 
+2 * 2
+4 * 2
+4 * 2
+2 +1 2
+4 * 2
+4 * 2
+6 * 2
+2 +4 2
+4 * 2
+4 * 2
+4 * 2
jcnd=2/2 0x7a60 +1 
* * 
0x78e0 +25 2
+5 * 2
+4 * 2
+3 * 2
+3 * 2
+3 * 2
jcnd=2/2 +94 +3 
* * 
+94 +3 2
+4 * 2
+4 * 2
+5 * 2
+3 * 2
+5 * 2
+3 * 2
+5 * 2
+3 * 2
+3 +3 2
+4 -4 2
+3 +4 2
+3 * 2
jcnd=2/2 +19 +6 
* * 
+19 +6 2
+5 * 2
jump=2 0x77f0 -43 
* * 
0x7a60 -36 2
+4 * 2
+4 * 2
jump=2 0x78e0 +24 
* * 

fn=(220) open_verify.constprop.0
0x6940 1568 1
+1 * 1
+3 * 1
+2 * 1
+2 * 1
+3 * 1
+2 * 1
+3 * 1
+2 * 1
+3 * 1
+1 * 1
+4 +39 1
+7 * 1
+3 * 1
+6 +19 1
+5 * 1
+3 * 1
+2 * 1
cfi=(55)
cfn=(170)
calls=1 0x26ae0 28 
* * 19
+5 * 1
+3 +2 1
+3 * 1
+6 +11 1
+10 +6 1
+4 * 1
+5 -5 1
+8 +5 1
+4 * 1
+2 * 1
+4 * 1
+3 * 1
+3 * 1
+4 * 1
+3 * 1
cfi=(56)
cfn=(172)
calls=1 0x26b60 25 
* * 6
+5 +2 1
+3 * 1
+6 +2 1
+4 * 1
+4 +2 1
+4 * 1
+2 +6 1
+4 * 1
+6 +17 1
+10 * 1
+4 * 1
jcnd=1/1 0x6df0 * 
* * 
+6 * 1
+5 * 1
+2 * 1
+6 * 1
+4 * 1
+3 * 1
+2 * 1
+6 * 1
jcnd=1/1 +99 * 
* * 
fi=(28)
+67 50 1
+3 * 1
cfi=(27)
cfn=(176)
calls=1 0xd530 +45 
* * 5
fe=(31)
+6 1856 1
+4 * 1
+3 * 1
+1 * 1
+2 * 1
+2 * 1
+2 * 1
+2 * 1
+1 * 1
+6 1674 1
+5 * 1
+2 * 1
+2 +74 1
+5 * 1
+6 +5 1
+6 * 1
+6 +2 1
+5 * 1
+3 * 1
+4 * 1
+6 +6 1
+6 * 1
+6 +6 1
+5 +1 1
+4 -1 1
+8 * 1
+3 * 1
+4 +1 1
+4 -1 1
+3 +1 1
+3 * 1
jcnd=1/1 0x6cf8 +4 
* * 
+14 +21 1
+3 * 1
+3 * 1
+6 +31 1
+10 -31 1
+3 1633 1
+3 1820 1
+10 * 1
jump=1 +40 -30 
* * 
+12 -31 8
+8 * 8
+4 * 8
+3 * 8
+4 * 8
+3 * 8
+6 +1 9
+3 * 9
jcnd=7/9 -31 -1 
* * 
+2 * 2
+4 * 2
+4 * 2
+2 +1 2
+4 * 2
+4 * 2
+6 * 2
+2 +4 2
+4 * 2
+4 * 2
+4 * 2
+6 +6 2
+7 * 2
+6 +1 2
+4 * 2
+3 * 2
+3 * 2
+6 * 2
+3 * 2
+4 * 2
+3 * 2
jcnd=2/2 +23 * 
* * 
+23 * 2
+6 * 2
+3 * 2
+3 * 2
jcnd=2/2 0x6ed0 * 
* * 
+6 * 2
+5 * 2
+4 +10 2
+3 * 2
+3 * 2
+4 * 2
+4 * 2
+4 * 2
cfi=(70)
cfn=(222)
calls=2 0x26b90 25 
* * 14
+5 * 2
+4 * 2
+4 * 2
+10 * 2
+10 * 2
+4 * 2
+3 * 2
+6 * 2
+10 +8 2
+5 * 2
+4 * 2
+3 * 2
+3 * 2
+3 * 2
jcnd=2/2 +94 +3 
* * 
-18 * 1
+5 * 1
+4 * 1
+3 * 1
+3 * 1
+3 * 1
+2 +15 1
+3 * 1
+6 +6 1
+5 -3 1
+5 +1 1
+5 +1 1
+5 +1 1
+2 * 1
+6 -3 1
+3 +1 1
+3 +1 1
+3 +2 1
+6 -3 1
+3 * 1
+2 * 1
+3 -1 1
+2 +4 1
+2 * 1
jfi=(28)
jcnd=1/1 0x6a50 50 
* * 
+28 -19 2
+4 * 2
+4 * 2
+5 * 2
+3 * 2
+5 * 2
+3 * 2
+5 * 2
+3 * 2
+3 +3 2
+4 -4 2
+3 +4 2
+3 * 2
jcnd=1/2 +19 +6 
* * 
+2 +5 1
+3 +1 1
+3 * 1
jump=1 0x6c00 -12 
* * 
+11 * 1
+5 * 1
jump=1 0x6b10 -43 
* * 
+67 -60 1
+4 * 1
+3 * 1
+3 * 1
+6 * 1
+3 * 1
+4 * 1
+3 * 1
jcnd=1/1 +23 * 
* * 
+23 * 1
+6 * 1
+3 * 1
+3 * 1
jcnd=1/1 0x6edb * 
* * 
+6 * 1
+5 +1 1
+3 * 1
+3 * 1
+3 -1 1
+4 +1 1
+3 * 1
+4 * 1
cfi=(70)
cfn=(222)
calls=1 0x26b90 25 
* * 7
+5 * 1
+4 * 1
+3 * 1
+6 +16 1
+5 * 1
+8 * 1
+3 * 1
+4 * 1
jump=1 0x6ade * 
* * 
0x6df0 1674 1
+10 * 1
+4 * 1
jcnd=1/1 0x69f1 * 
* * 
0x6ed0 1802 2
+6 * 2
jump=2 0x6bad * 
* * 
+5 -30 1
+6 * 1
jump=1 0x6d3b * 
* * 

fn=(88)
0x8b60 868 3
+4 +8 3
+5 -8 3
+3 +8 3
+2 -6 3
+4 +12 3
+4 * 3
+2 -13 3
+3 +13 3
+5 -13 3
+4 +13 3
+3 * 3
jump=3 +41 +3 
* * 
+41 +3 3
+2 * 3
+3 * 3
+2 +1 3
+4 * 3
+2 +1 3
+7 * 3
+2 +43 3

fn=(106)
0x8710 706 1
+4 * 1
+1 * 1
+3 * 1
+2 * 1
+2 * 1
+2 * 1
+2 * 1
+1 * 1
+4 * 1
+4 * 1
+3 +14 1
+7 -14 1
+4 * 1
+3 +14 1
+7 * 1
cfi=(38)
cfn=(108)
calls=1 0x1d480 175 
* * 1847
fi=(28)
+5 56 1
fe=(31)
+5 720 1
fi=(28)
+7 56 1
cfi=(27)
cfn=(76)
calls=1 0xd3d0 -21 
* * 25
fe=(31)
+6 725 1
+7 +2 1
+3 * 1
+6 +7 1
+10 * 1
+3 +1 1
+7 * 1
+8 -1 1
+3 * 1
+3 * 1
+4 +5 1
+4 * 1
+3 * 1
fi=(28)
+4 56 1
cfi=(27)
cfn=(76)
calls=1 0xd3d0 -21 
* * 25
fe=(31)
+6 739 1
+4 +2 1
+7 * 1
+3 * 1
+3 * 1
+6 +17 1
+7 -10 1
+7 +19 1
+7 -11 1
+5 -9 1
+10 +9 1
+4 +12 1
+8 * 1
+7 -10 1
+4 +3 1
+7 * 1
+4 +9 1
+8 -7 1
+7 +4 1
+4 +3 1
+4 * 1
+3 -3 1
+5 -8 1
+8 +3 1
+8 +8 1
+4 -3 1
+2 +1 4
+4 * 4
+3 * 4
+2 * 4
cfi=(44)
cfn=(132)
calls=4 0x2b1a0 125 
* * 72
+5 +2 4
+7 * 4
+3 * 4
jcnd=1/4 0x88b0 +12 
* * 
+2 * 3
+4 * 3
+4 -14 3
+4 +10 3
+4 +4 3
+4 -12 3
+7 -2 3
+4 +2 3
+4 +4 3
+4 -3 3
+8 +3 3
+4 +1 3
+5 -2 3
+4 +5 3
+3 * 3
+6 +1 3
+5 -4 3
+3 +4 3
jcnd=3/3 0x8831 +1 
* * 
+24 +15 1
+7 +3 1
+7 -15 1
+7 +7 1
+8 -1 1
+11 +9 1
+3 * 1
+4 +2 1
+7 * 1
+3 * 1
+2 * 1
+6 +2 1
+7 * 1
+3 * 1
jcnd=1/1 0x89ad +19 
* * 
+75 +36 1
+4 * 1
+3 * 1
jcnd=1/1 +7 +31 
* * 
+7 +31 1
+11 +1 1
+4 * 1
+1 * 1
+2 * 1
+2 * 1
+2 * 1
+2 * 1
+1 * 1
+64 -49 1
+7 -2 1
+11 +2 1
+3 * 1
jcnd=1/1 0x8ac5 +14 
* * 
0x8ac5 +14 1
+11 * 1
jump=1 0x8946 +3 
* * 

fn=(160)
0xa410 2022 3
+4 * 3
+2 * 3
+2 * 3
+2 * 3
+2 * 3
+1 * 3
+1 * 3
+7 * 3
+4 * 3
+4 +8 3
+3 * 3
+6 +1 3
+7 * 3
+3 * 3
+7 * 3
+6 +3 3
+4 * 3
+3 * 3
+3 * 3
+3 * 3
+4 * 3
+4 * 3
+3 * 3
jcnd=3/3 +24 +5 
* * 
+11 * 6
+4 * 6
+3 * 6
jcnd=2/6 0xa518 +34 
* * 
+6 +5 7
+8 * 7
+8 * 7
+3 * 7
+2 * 7
+2 * 7
+2 * 7
+2 +2 7
+3 * 7
+3 * 7
cfi=(53)
cfn=(162)
calls=7 0xd690 68 
* * 810
+5 * 7
+2 * 7
jcnd=1/7 +89 2329 
* * 
+2 +4 6
+8 * 6
+2 +1 6
+7 * 6
+3 * 6
jcnd=4/6 -75 -12 
* * 
+2 +4 2
+4 -1 2
+4 * 2
+4 * 2
+2 * 2
+8 * 2
jcnd=2/2 +5 +1 
* * 
+5 +1 2
+3 +1 2
+3 -1 2
+3 +1 2
cfi=(32)
cfn=(90)
calls=2 0x27220 108 
* * 86
+5 * 2
+2 * 2
jcnd=2/2 0xa470 -17 
* * 
+22 2329 3
+7 * 3
+3 * 3
+1 * 3
+1 * 3
+2 * 3
+2 * 3
+2 * 3
+2 * 3
+6 2068 2
+3 +1 2
+2 -1 2
+5 +1 2
+5 -1 2
+5 +1 2
+4 -1 2
+7 * 2
jcnd=2/2 +10 -44 
* * 
+10 -44 2
+9 +53 2
+7 * 2
+3 * 2
+6 +17 2
+5 * 2
+3 -2 2
+5 +2 2
cfi=(42)
cfn=(118)
calls=2 0x2a810 23 
* * 48
+5 * 2
+3 * 2
jcnd=1/2 0xa640 +4 
* * 
+6 2260 1
+3 * 1
+6 -1 1
+3 * 1
+3 * 1
cfn=(164)
calls=1 0x80b0 385 
* * 168
+5 +2 1
+3 -3 1
+5 +1 1
+3 +2 1
+3 * 1
+6 +4 1
+5 * 1
+5 * 1
+3 * 1
+5 * 1
cfn=(168)
calls=1 0x7620 1568 
* * 283
+5 +3 1
+5 * 1
+3 -3 1
+2 +3 1
+6 +12 1
+4 * 1
+2 * 1
+2 * 1
+4 +46 1
+7 +1 1
+3 * 1
+3 * 1
+3 -1 1
+5 +1 1
+1 * 1
+5 * 1
+1 * 1
+1 * 1
+4 * 1
+1 * 1
+5 * 1
+5 * 1
cfn=(178) _dl_map_object_from_fd
calls=1 0x8bd0 944 
* * 1848
-44 -1 1
+7 +1 1
+3 * 1
+3 * 1
+3 -1 1
+5 +1 1
+1 * 1
+5 * 1
+1 * 1
+1 * 1
+4 * 1
+1 * 1
+5 * 1
+5 * 1
cfn=(178)
calls=1 0x8bd0 944 
* * 2221
+5 * 2
+4 * 2
+3 * 2
jump=2 0xa4fe +2 
* * 
+56 2098 1
+3 * 1
cfi=(22)
cfn=(60)
calls=1 0x2aa40 41 
* * 17
+5 * 1
+4 * 1
+5 +2 1
+7 * 1
+6 +7 1
+3 * 1
+6 * 1
+9 * 1
jcnd=1/1 0xa7e5 +4 
* * 
+83 682 1
+8 2165 1
+8 682 1
+4 * 1
jcnd=1/1 0xa955 2173 
* * 
+75 2252 1
+7 * 1
+6 +28 1
+4 * 1
+2 * 1
+2 * 1
+4 +2 1
+3 * 1
+2 * 1
+5 * 1
jump=1 0xa5d0 +44 
* * 
0xa7e5 2111 1
+7 696 1
+5 * 1
+5 * 1
+5 2111 1
+5 +1 1
+2 696 1
+2 * 1
jump=1 +97 -14 
* * 
+80 2116 1
+8 * 1
+3 * 1
jcnd=1/1 0xaaa8 +15 
* * 
+6 682 1
+8 2117 1
+8 682 1
+4 * 1
jcnd=1/1 -37 2116 
* * 
0xa94c 2164 1
+3 * 1
jcnd=1/1 0xa6c3 682 
* * 
+6 +9 1
+9 +14 1
+6 * 1
+6 +2 1
+7 * 1
+3 * 1
+6 +4 1
+3 * 1
cfi=(67)
cfn=(210)
calls=1 0x16710 416 
* * 1510
+5 * 1
+3 +2 1
+3 * 1
+6 +4 1
+3 * 1
+6 +8 1
+9 * 1
+6 * 1
+3 +23 1
+5 * 1
+5 * 1
+5 * 1
+5 * 1
+3 * 1
cfn=(220)
calls=1 0x6940 1568 
* * 396
+5 +4 1
+5 * 1
+3 -4 1
+2 +4 1
+2 +1 1
+5 * 1
jump=1 0xa722 +17 
* * 
0xaaa8 2131 1
+2 * 1
+5 * 1
+5 * 1
+2 * 1
+6 +1 1
+5 * 1
+3 * 1
+6 * 1
+7 * 1
+3 * 1
+7 * 1
+4 * 1
+3 * 1
+2 * 1
+2 682 1
+7 2133 1
+7 682 1
+4 * 1
jcnd=1/1 0xae21 2142 
* * 
+98 2157 1
+8 * 1
+7 * 1
jcnd=1/1 0xa94c +7 
* * 
0xae21 -15 1
+3 * 1
jcnd=1/1 0xab5a +15 
* * 

fn=(178)
0x8bd0 944 2
+1 * 2
+3 * 2
+2 * 2
+2 * 2
+2 * 2
+2 * 2
+3 * 2
+1 * 2
+7 * 2
+7 +10 2
+4 -10 2
+7 * 2
+6 * 2
+7 * 2
+7 +10 2
cfi=(45)
cfn=(180)
calls=2 0x3310 38 
* * 14
+5 * 2
+7 +7 2
+3 * 2
+5 * 2
+6 * 2
jfi=(57) ./elf/../sysdeps/posix/dl-fileid.h
jcnd=2/2 0x90c8 37 
* * 
+28 +85 2
+3 * 2
+3 * 2
+6 * 2
+6 +10 2
+7 * 2
+6 +7 2
+4 * 2
+4 * 2
+3 * 2
+3 * 2
+7 * 2
+7 * 2
cfi=(26)
cfn=(70)
calls=2 0xd990 59 
* * 766
+5 * 2
+3 +1 2
+3 * 2
+6 +11 2
+7 * 2
+4 +5 2
+4 -5 2
+7 +1 2
+4 * 2
+7 +1 2
+4 +2 2
+8 -2 2
+8 +2 2
+3 * 2
+4 +1 2
+4 * 2
+3 * 2
jcnd=1/2 0x9220 +4 
* * 
+6 +1 1
+5 * 1
+7 +19 1
+8 * 1
+3 -2 1
+7 +2 1
+8 * 1
+3 * 1
+4 * 1
+4 * 1
+3 * 1
+6 * 1
+3 * 1
+4 * 1
+3 * 1
jcnd=1/1 +23 * 
* * 
-56 * 1
+8 * 1
+3 -2 1
+7 +2 1
+8 * 1
+3 * 1
+4 * 1
+4 * 1
+3 * 1
+6 * 1
+3 * 1
+4 * 1
+3 * 1
jcnd=1/1 +23 * 
* * 
+23 * 2
+6 * 2
+3 * 2
+3 * 2
+2 * 2
+6 * 2
+5 * 2
+3 * 2
+4 * 2
+4 * 2
+7 +10 2
+7 * 2
+3 * 2
+3 * 2
+6 +85 2
+7 -58 2
+7 -34 2
+7 -1 2
+7 +93 2
+7 +6 2
+3 -64 2
+4 * 2
+7 +9 2
+3 +55 2
+6 * 2
+5 -55 2
+7 -42 2
+2 +97 2
+6 * 2
+4 1101 2
+2 -5 2
+11 * 2
jump=2 +49 +15 
* * 
+8 +15 16
+3 * 16
jcnd=2/16 0x9380 +6 
* * 
+6 * 14
+3 * 14
jcnd=13/14 0x92a0 * 
* * 
+6 +20 1
+4 * 1
+7 +1 1
+3 -22 1
+4 * 1
+3 * 1
-7 * 22
+4 * 22
+3 * 22
+2 +1 25
+2 * 25
+3 * 25
jcnd=1/25 0x93d0 +65 
* * 
+6 * 24
jcnd=16/24 -52 * 
* * 
+2 * 8
+6 * 8
jcnd=2/8 0x9480 +98 
* * 
+6 * 6
+6 * 6
jcnd=4/6 -40 -1 
* * 
+2 1213 2
+5 * 2
+5 1110 2
+4 1213 2
+5 * 2
+8 1110 2
+3 * 2
+2 * 2
+6 1218 2
+3 * 2
+6 * 2
+4 +10 2
+3 * 2
+8 +1 2
+3 -1 2
+4 +1 2
+3 -1 2
+4 * 2
+3 * 2
jcnd=2/2 -17 +1 
* * 
-17 +1 6
+3 -1 6
+4 +1 6
+3 -1 6
+4 * 6
+3 * 6
jcnd=4/6 -17 +1 
* * 
+2 1076 2
+7 * 2
+6 1235 2
+4 * 2
+6 +10 2
+5 * 2
+6 * 2
+7 * 2
+6 +7 2
+7 * 2
fi=(61) ./elf/./dl-map-segments.h
+8 96 2
fe=(31)
+7 1252 2
+3 * 2
+8 * 2
fi=(61)
+5 28 2
fe=(31)
+8 1252 2
fi=(61)
+3 96 2
fe=(31)
+3 1252 2
fi=(61)
+7 28 2
+7 * 2
+6 +1 2
+8 * 2
+8 * 2
+5 * 2
+7 * 2
+7 * 2
+3 * 2
+7 * 2
cfi=(60)
cfn=(188)
calls=2 0x26ca0 +18 
* * 18
+5 +74 2
+7 * 2
+4 -1 2
+7 -73 2
+3 +74 2
+6 +3 2
+7 * 2
+3 +1 2
+3 +2 2
+7 -3 2
+7 +1 2
+3 +2 2
jcnd=1/2 +78 +17 
* * 
+2 +7 1
+8 * 1
+7 * 1
+3 * 1
+5 * 1
+7 * 1
+8 * 1
+3 * 1
+6 +3 1
+3 * 1
+2 * 1
+4 * 1
cfi=(71)
cfn=(226)
calls=1 0x26d20 -2 
* * 6
+5 * 1
+7 * 1
+2 * 1
+6 +7 2
+8 +2 2
fi=(62) ./elf/./dl-load.h
+3 -37 2
+4 * 2
jcnd=2/2 +16 +3 
* * 
-4 * 6
+4 * 6
jcnd=4/6 +16 +3 
* * 
+2 +1 2
+4 * 2
+3 * 2
+7 +2 2
+8 * 2
-8 * 6
+8 * 6
jcnd=1/6 0x9b27 +1 
* * 
fi=(61)
+6 +56 8
+4 * 8
+4 * 8
+3 * 8
jcnd=6/8 0x9043 +45 
* * 
+2 +8 2
+7 -2 2
+3 +1 2
+3 +2 2
+3 -1 2
+5 +1 2
+3 -1 2
+3 * 2
+3 * 2
+4 +8 2
+3 * 2
+2 +3 2
+4 * 2
+6 +8 2
+3 * 2
+2 * 2
+3 * 2
+7 * 2
+3 * 2
+7 * 2
cfi=(44)
cfn=(132)
calls=2 0x2b1a0 -52 
* * 238
+5 +1 2
+7 * 2
+7 +5 2
+3 * 2
jcnd=1/2 0x9d86 +4 
* * 
+6 +12 8
+4 -59 8
+8 * 8
+3 * 8
+4 * 8
+3 * 8
jfi=(31)
jcnd=2/8 0x953a 1268 
* * 
+6 +2 6
+4 * 6
+4 +3 6
+4 -3 6
+3 * 6
+6 +2 6
+4 * 6
+3 * 6
+3 * 6
+3 * 6
+7 * 6
+5 * 6
+7 * 6
cfi=(60)
cfn=(188)
calls=6 0x26ca0 -93 
* * 54
+5 * 6
+7 * 6
+4 * 6
jfi=(62)
jcnd=6/6 0x8fae -49 
* * 
fi=(57)
+36 37 2
+6 * 2
+7 * 2
cfi=(58)
cfn=(184)
calls=2 0x26880 -8 
* * 30
+5 * 2
+2 * 2
fe=(31)
+6 999 2
+4 * 2
fi=(57)
+7 40 2
+8 * 2
+7 * 2
fe=(31)
+7 999 2
fi=(57)
+4 40 2
fe=(31)
+7 999 2
+4 * 2
+4 * 2
+3 * 2
jcnd=2/2 +16 +1 
* * 
+7 * 5
+4 * 5
+3 * 5
jcnd=2/5 +89 +19 
* * 
+2 +1 5
+8 * 5
fi=(57)
+2 49 5
+7 * 5
jfi=(31)
jcnd=4/5 -26 999 
* * 
+2 * 1
+7 * 1
jfi=(31)
jcnd=1/1 -35 999 
* * 
fe=(31)
+42 1515 2
+4 * 2
+3 * 2
+1 * 2
+2 * 2
+2 * 2
+2 * 2
+2 * 2
+1 * 2
+2 1018 2
+5 * 2
jcnd=2/2 0x8c43 +28 
* * 
0x9220 +66 1
+4 * 1
+3 * 1
+3 * 1
+6 * 1
+3 * 1
+4 * 1
+3 * 1
jcnd=1/1 +23 * 
* * 
+23 * 1
+6 * 1
+3 * 1
+3 * 1
jcnd=1/1 0x9cb0 * 
* * 
+6 * 1
+5 +1 1
+6 * 1
+3 -1 1
+4 +1 1
+3 -1 1
+7 +1 1
cfi=(70)
cfn=(222)
calls=1 0x26b90 25 
* * 7
+5 * 1
+3 * 1
jcnd=1/1 0x8ce4 +15 
* * 
+25 +26 13
+3 * 13
jcnd=5/13 0x8df8 -1 
* * 
+6 +26 8
+4 * 8
+4 * 8
+3 * 8
+3 * 8
+3 * 8
+6 +10 8
+4 -1 8
+5 -1 8
+4 +2 8
+3 +2 8
+4 -2 8
+4 -1 8
+5 * 8
+8 * 8
+4 * 8
+3 * 8
+4 * 8
+5 +2 8
+4 * 8
+5 +1 8
+4 +2 8
+4 -3 8
+4 +3 8
+3 * 8
+3 * 8
+4 * 8
+4 * 8
+3 * 8
+4 +2 8
+7 * 8
+4 +4 8
+4 * 8
jcnd=2/8 +30 +5 
* * 
+2 +1 6
+7 * 6
+4 * 6
+6 * 6
+4 * 6
+7 +4 6
+8 +1 6
+6 -1 6
+3 +1 6
+3 * 6
+3 * 6
+3 * 6
+3 * 6
+3 * 6
+3 * 6
+4 -18 6
+3 +28 6
jump=6 0x8df8 -63 
* * 
-42 -11 2
+8 +1 2
+6 -1 2
+3 +1 2
+3 * 2
+3 * 2
+3 * 2
+3 * 2
+3 * 2
+3 * 2
+4 -18 2
+3 +28 2
jump=2 0x8df8 -63 
* * 
+10 -56 2
+5 * 2
+6 +7 2
+4 +2 2
+8 -2 2
+4 +1 2
+4 +1 2
+4 -1 2
+4 * 2
+8 +1 2
+3 * 2
+2 * 2
+3 * 2
+3 * 2
+3 * 2
+3 * 2
+7 * 2
jump=2 0x8df8 -16 
* * 
+9 +50 1
+4 * 1
+3 * 1
+6 +5 1
+4 -1 1
+5 * 1
+5 +5 1
+4 -5 1
+4 * 1
+8 -56 1
+4 +61 1
+3 * 1
+3 * 1
+4 * 1
+7 +1 1
+4 +3 1
+7 -3 1
+7 +8 1
+8 * 1
+3 * 1
+4 * 1
jcnd=1/1 0x8df8 -84 
* * 
+79 +15 2
+3 * 2
+7 +1 2
jump=2 0x8df8 1110 
* * 
0x953a +58 2
+4 * 2
+7 * 2
+3 * 2
+6 +1 2
+3 * 2
+4 * 2
fi=(63) ./elf/./elf/get-dynamic-info.h
+4 39 2
+3 * 2
+6 +6 2
+3 -2 2
+4 +2 2
+3 * 2
+6 +9 2
+5 +5 2
+5 +3 2
+6 +2 2
+6 -3 2
+6 -3 2
+6 -3 2
+6 * 2
jump=2 +32 -6 
* * 
+6 * 8
+3 * 8
+3 * 8
+3 +13 8
+4 -23 8
+4 * 8
+4 * 8
+3 * 8
jcnd=2/8 0x9630 +27 
* * 
-15 +23 33
+4 -23 33
+4 * 33
+4 * 33
+3 * 33
+2 +4 41
+4 * 41
jcnd=31/41 -21 +19 
* * 
+2 +5 10
+3 * 10
+3 * 10
+4 * 10
jcnd=8/10 -42 +1 
* * 
+2 +2 2
+3 * 2
+3 * 2
+3 * 2
+3 * 2
jcnd=2/2 +56 +3 
* * 
+56 +3 2
+3 * 2
+3 * 2
+4 * 2
jcnd=2/2 0x9c4c +3 
* * 
+22 +13 2
+3 * 2
+2 * 2
+8 * 2
+2 +10 2
+4 * 2
+3 * 2
jcnd=1/2 +6 +1 
* * 
+2 * 1
+4 +1 1
+4 * 1
+3 * 1
-7 * 1
+4 * 1
+3 * 1
+2 * 2
+4 +1 2
+4 * 2
+3 * 2
+2 * 2
+4 +1 2
+4 * 2
+3 * 2
+2 * 2
+4 +2 2
+4 * 2
+3 * 2
+2 * 2
+4 +5 2
+7 * 2
+3 * 2
jcnd=1/2 +6 +1 
* * 
+2 * 1
+4 +1 1
+7 * 1
+3 * 1
-10 * 1
+7 * 1
+3 * 1
jcnd=1/1 +6 +1 
* * 
+2 * 1
+4 +1 1
+7 * 1
+3 * 1
-10 * 1
+7 * 1
+3 * 1
+2 * 2
+4 +3 2
+7 * 2
+3 * 2
jcnd=1/2 +13 +12 
* * 
+2 +5 1
+5 * 1
+6 +7 2
+5 * 2
+2 +1 2
+7 * 2
+5 * 2
+6 +22 2
+7 * 2
+3 * 2
jcnd=1/2 +46 +15 
* * 
+2 +5 1
+4 * 1
+7 +2 1
+3 * 1
jcnd=1/1 +9 +2 
* * 
+9 +2 1
+3 * 1
jcnd=1/1 +9 +2 
* * 
+9 +2 1
+3 * 1
+6 +4 2
+7 * 2
+3 * 2
jfi=(31)
jcnd=1/2 0x9eb7 1275 
* * 
+6 +2 1
+4 * 1
+7 * 1
+2 +1 1
+3 * 1
+6 +9 1
+7 * 1
+6 +6 1
+2 * 1
+6 +4 2
+8 * 2
jfi=(31)
jcnd=2/2 +13 1275 
* * 
fe=(31)
+13 1275 2
+2 * 2
+6 +1 2
+2 * 2
jcnd=2/2 +13 +2 
* * 
+13 +2 2
+2 * 2
jcnd=2/2 +16 +10 
* * 
+16 +10 2
+7 * 2
+3 * 2
+6 +19 2
+3 * 2
+7 * 2
+3 +2 2
+6 * 2
+2 * 2
+7 * 2
+2 * 2
+6 +52 2
+7 * 2
+3 * 2
jcnd=1/2 +12 +7 
* * 
+2 +1 1
+3 * 1
+7 +6 1
+8 * 1
+8 * 1
+3 * 1
+4 * 1
+3 * 1
-26 * 1
+8 * 1
+8 * 1
+3 * 1
+4 * 1
+3 * 1
+6 * 2
+7 * 2
jump=2 +57 +1 
* * 
+6 +1 21
+5 * 21
jcnd=19/21 +33 -1 
* * 
+2 +6 2
+6 * 2
+3 * 2
+3 * 2
cfn=(88)
calls=2 0x8b60 868 
* * 40
+5 -7 2
+7 * 2
+7 * 2
+7 * 2
-7 * 23
+7 * 23
jcnd=2/23 0x99c0 +12 
* * 
+6 +1 25
+5 +6 25
+4 -6 25
+3 * 25
jcnd=21/25 -63 * 
* * 
fi=(30)
+2 95 4
+8 * 4
+2 * 4
+6 * 4
jfi=(31)
jcnd=2/4 -43 1368 
* * 
+2 213 2
+5 -1 2
+5 * 2
+3 105 2
+4 * 2
+6 212 2
+3 105 2
+6 -2 2
+3 -3 2
+2 +2 2
+10 +3 2
+3 -4 2
+10 * 2
jump=2 +45 +7 
* * 
+12 +92 2
+4 * 2
+4 * 2
+5 * 2
+4 -1 2
+3 -87 2
+4 * 2
+3 * 2
jfi=(31)
jcnd=2/2 0x9bf0 1506 
* * 
+6 +3 2
+2 * 2
+3 * 2
+2 +1 2
+4 * 2
+2 +1 2
+7 * 2
+2 +4 2
+8 * 2
+3 * 2
+6 +4 2
+3 * 2
+3 * 2
+7 +3 2
+3 * 2
+3 * 2
+6 +1 2
+4 * 2
+6 +4 2
+4 +1 2
+6 * 2
+2 * 2
+4 * 2
jump=2 +52 +4 
* * 
+24 +58 2
+4 * 2
+4 * 2
+4 +2 2
+3 * 2
+3 * 2
+4 * 2
jfi=(57)
jcnd=1/2 0x9fea 49 
* * 
+6 -56 3
+3 * 3
+3 +1 3
+3 +3 3
+3 * 3
+6 +3 3
+4 +1 3
+2 * 3
+4 * 3
+3 * 3
+6 +5 3
+3 * 3
+7 +2 3
+7 * 3
+2 +5 3
+3 * 3
+6 +14 3
+3 -1 3
+7 * 3
jcnd=2/3 +19 +1 
* * 
+2 +2 1
+7 * 1
jcnd=1/1 0xa104 +4 
* * 
+10 -1 2
+6 * 2
jump=2 0x9936 +20 
* * 
fe=(31)
+10 1380 2
+6 * 2
cfi=(64)
cfn=(198)
calls=2 0x269d0 25 
* * 12
+5 * 2
+2 * 2
+6 +13 2
+7 * 2
+6 +2 2
+7 * 2
+3 * 2
+3 * 2
+7 +2 2
+7 * 2
+6 +16 2
+3 * 2
cfi=(8)
cfn=(14)
calls=2 0x13530 25 
* * 58
+5 +4 2
+4 * 2
+2 +1 2
+8 * 2
+6 +17 2
+8 * 2
jcnd=1/2 +9 +4 
* * 
+2 +1 1
+7 +3 1
+8 +5 1
+8 -5 1
+8 +5 1
-24 -5 1
+8 +5 1
+8 -5 1
+8 +5 1
+6 +10 2
+8 * 2
+6 +7 2
+4 * 2
+7 * 2
+4 * 2
+4 * 2
+6 * 2
jcnd=2/2 0x9e5c +1 
* * 
+6 +10 2
+8 * 2
jcnd=1/2 +29 +13 
* * 
+2 +1 1
+8 * 1
+3 * 1
+2 * 1
+6 +5 1
+3 * 1
cfi=(46)
cfn=(228) _dl_assign_tls_modid
calls=1 0x140b0 131 
* * 10
+5 +7 2
+4 * 2
+3 * 2
cfi=(26)
cfn=(82)
calls=2 0xd8f0 31 
* * 94
+5 +3 2
+7 * 2
+3 * 2
+2 * 2
jcnd=2/2 0x9bc5 +19 
* * 
+40 +23 2
+4 * 2
+7 * 2
+4 * 2
+4 * 2
+4 * 2
+7 * 2
+6 +1 2
+4 * 2
+3 * 2
cfi=(48)
cfn=(200)
calls=2 0x1b450 76 
* * 10
+5 * 2
jump=2 0x916d +4 
* * 
fi=(62)
+25 95 1
+7 * 1
+4 * 1
+4 * 1
+3 * 1
+6 +2 1
+4 -1 1
+4 * 1
+4 +1 1
+8 -1 1
+3 +1 1
+3 -1 1
+3 +1 1
+4 -1 1
+3 * 1
+6 +3 1
+3 * 1
+3 * 1
+7 * 1
jfi=(61)
jump=1 0x8fd0 +51 
* * 
fe=(31)
+79 1506 2
+3 * 2
jcnd=2/2 0x9ade +4 
* * 
+40 * 2
+6 * 2
+8 * 2
fi=(30)
+4 198 2
+2 * 2
+6 * 2
+4 * 2
+6 +2 2
+8 +1 2
+7 +2 2
+9 -3 2
+3 * 2
+3 * 2
fe=(31)
+7 1368 2
+7 * 2
+7 * 2
jump=2 0x982e * 
* * 
fi=(63)
+5 62 2
+3 * 2
+3 * 2
+4 * 2
+6 +2 2
+3 * 2
+3 * 2
+3 * 2
jump=2 0x95a9 +4 
* * 
fe=(31)
+75 1084 1
+6 * 1
jump=1 0x9263 * 
* * 
fi=(61)
0x9d86 187 1
+3 * 1
+3 * 1
+6 * 1
+3 * 1
+3 * 1
+3 * 1
+5 * 1
cfi=(60)
cfn=(188)
calls=1 0x26ca0 47 
* * 9
+5 +3 1
+4 * 1
jcnd=1/1 0x9043 +5 
* * 
fe=(31)
0x9e5c 1462 2
+7 * 2
+3 * 2
jcnd=1/2 0x9a79 +9 
* * 
+6 +2 1
+4 -1 1
+4 * 1
+4 * 1
+2 * 1
+8 * 1
jcnd=1/1 +5 +1 
* * 
+5 +1 1
+3 -1 1
+7 +1 1
+3 -1 1
cfi=(32)
cfn=(90)
calls=1 0x27220 108 
* * 25
+5 * 1
+2 * 1
+6 +2 1
+4 * 1
+4 * 1
+4 * 1
+5 * 1
jump=1 0x9a79 +6 
* * 
+5 1275 1
+7 * 1
jfi=(63)
jump=1 0x9753 169 
* * 
fi=(57)
0x9fea 49 1
+2 * 1
+6 * 1
jfi=(30)
jump=1 0x98a3 193 
* * 
fi=(30)
0xa104 170 1
+2 * 1
+6 * 1
+6 -39 1
+6 * 1
jump=1 0x98a3 +62 
* * 
fe=(31)

fn=(206) _dl_dst_count
0x7e70 238 2
+4 * 2
+2 +3 2
+5 -3 2
+2 * 2
+2 +7 2
+3 -7 2
+1 * 2
+1 +3 2
cfi=(42)
cfn=(118)
calls=2 0x2a810 23 
* * 72
+5 +3 2
+3 * 2
+2 +20 2
+1 * 2
+3 * 2
+1 * 2
+2 * 2
+2 * 2
+2 * 2

fl=(133)
fn=(424)
0x1e7e0 30 1
+4 * 1
+2 +10 1
+7 * 1
+6 * 1
+5 -10 1
+1 +10 1
+3 * 1
+7 -10 1
+1 +7 1
+7 +3 1
+3 * 1
cfi=(134)
cfn=(426)
calls=1 0xd0b0 +34 
* * 175
+5 +4 1
+3 * 1
+6 +1 1
+3 * 1
+4 * 1
+5 * 1
+2 * 1
+3 * 1
+2 * 1
+3 * 1
+4 +2 1
+6 * 1
+3 * 1
+3 -2 1
+7 +2 1
+7 * 1
+5 * 1
cfi=(134)
cfn=(426)
calls=1 0xd0b0 +27 
* * 198
+5 +4 1
+3 * 1
+2 +1 1
+5 * 1
+2 * 1
+3 * 1
+2 * 1
+3 * 1
+4 +1 1
+1 * 1
+1 -1 1
+7 +1 1
+2 * 1

fl=(9)
fn=(456)
0x1f880 262 1
+4 +1 1

fn=(16)
0x1f440 85 1
+4 * 1
+2 * 1
+3 * 1
+2 +25 1
+4 -25 1
+2 * 1
+2 * 1
+1 * 1
+1 * 1
+3 * 1
+4 +25 1
+3 -1 1
+7 +1 1
+7 * 1
+6 * 1
+3 * 1
+5 * 1
+7 * 1
+4 * 1
+3 * 1
+2 * 64
+4 * 64
+4 * 64
jcnd=63/64 -8 * 
* * 
+2 * 1
+4 +11 1
+4 -8 1
+7 +1 1
+11 -4 1
+7 +3 1
+5 +6 1
+11 +2 1
+3 * 1
+6 * 1
+5 * 1
+2 * 1
+3 * 1
+3 * 1
+5 * 1
+3 * 1
+3 * 1
+3 * 1
+5 * 1
+3 * 1
+3 -34 1
+3 -1 1
+2 +36 1
+7 * 1
+7 * 1
+4 * 1
+4 * 1
jcnd=1/1 +24 -1 
* * 
-8 * 21
+4 * 21
+4 * 21
jcnd=4/21 +24 -1 
* * 
+2 * 17
+4 * 17
+3 * 17
jump=1 0x1f740 +31 
* * 
jump=1 0x1f678 +56 
* * 
jump=1 0x1f6a0 +28 
* * 
jump=1 0x1f768 +12 
* * 
jump=1 0x1f7b8 +6 
* * 
jump=8 +15 -1 
* * 
jump=1 +7 +3 
* * 
jump=1 0x1f6f0 +40 
* * 
jump=1 0x1f790 +9 
* * 
jump=1 0x1f718 +34 
* * 
+7 +3 1
+4 +1 1
+4 -5 1
+4 * 1
+4 * 1
+3 * 1
jcnd=1/1 -43 +1 
* * 
-11 * 13
+4 * 13
+4 * 13
+3 * 13
jcnd=12/13 -43 +1 
* * 
+2 * 1
+3 * 1
+3 * 1
jcnd=1/1 +13 * 
* * 
+13 * 1
+3 * 1
+2 * 1
+5 * 1
+7 * 1
+3 * 1
jcnd=1/1 +14 * 
* * 
+14 * 1
+3 * 1
jcnd=1/1 +14 * 
* * 
+14 * 1
+3 * 1
+2 * 1
+4 * 1
+6 * 1
+3 * 1
jcnd=1/1 +14 * 
* * 
+14 * 1
+3 * 1
+2 * 1
+5 * 1
+7 * 1
+3 * 1
+2 * 1
+5 * 1
+7 * 1
+5 * 1
+2 * 1
+4 * 1
+6 * 1
+5 * 1
+2 * 1
+5 * 1
+5 * 1
+5 * 1
+6 * 1
+5 * 1
+7 * 1
jump=1 0x1f7dd 224 
* * 
0x1f678 +57 1
+4 -57 1
+4 +58 1
+6 -1 1
+5 -57 1
+3 * 1
+3 * 1
jcnd=1/1 0x1f508 +1 
* * 
+15 +29 1
+3 -29 1
+4 +30 1
+5 -1 1
+4 -29 1
+3 * 1
+3 * 1
jcnd=1/1 0x1f508 +1 
* * 
+58 +41 1
+3 -41 1
+4 +42 1
+6 -1 1
+4 -41 1
+3 * 1
+3 * 1
jcnd=1/1 0x1f508 +1 
* * 
+17 +35 1
+4 -35 1
+4 +36 1
+6 -1 1
+5 -35 1
+3 * 1
+3 * 1
jcnd=1/1 0x1f508 +1 
* * 
+15 +32 1
+4 -32 1
+4 +33 1
+6 -1 1
+5 -32 1
+3 * 1
+3 * 1
jcnd=1/1 0x1f508 +1 
* * 
+15 +13 1
+4 -13 1
+4 +14 1
+5 -1 1
+5 -13 1
+3 * 1
+3 * 1
jcnd=1/1 0x1f508 +1 
* * 
+16 +10 1
+4 -10 1
+4 +11 1
+5 -1 1
+5 -10 1
+3 * 1
+3 * 1
jcnd=1/1 0x1f508 +1 
* * 
+16 +7 1
+4 -7 1
+4 * 1
+4 * 1
+3 * 1
jcnd=1/1 0x1f508 +1 
* * 
+22 224 1
cfi=(10)
cfn=(18)
calls=1 0x17970 +58 
* * 32253
+5 +3 1
cfi=(12)
cfn=(22) _dl_sort_maps_init
calls=1 0x13700 +54 
* * 32
fi=(13)
+5 36 1
+2 * 1
cfi=(14)
cfn=(28)
calls=1 0x25a80 -1 
* * 8
fi=(6)
+5 215 1
cfi=(15)
cfn=(32)
calls=1 0x1a7b0 37 
* * 7224
fe=(9)
+5 +23 1
+7 * 1
+3 * 1
+2 +1 1
cfi=(22)
cfn=(60)
calls=1 0x2aa40 41 
* * 17
+5 * 1
+7 +2 1
+2 * 1
cfi=(23)
cfn=(62)
calls=1 0x25ab0 37 
* * 15
+5 * 1
+7 * 1
+3 * 1
+2 +12 1
+6 * 1
+2 * 1
+2 +3 1
+5 * 1
+3 * 1
+3 * 1
+7 * 1
cfi=(2)
cfn=(64)
calls=1 0x218e0 1320 
* * 118796
+2 +2 1
+5 * 1
+4 * 1
+1 * 1
+1 * 1
+2 * 1
+2 * 1
+2 * 1
+2 * 1

fl=(32)
fn=(90)
0x27220 108 206
+4 +33 206
+2 +1 206
+2 +2 206
+4 +1 206
+4 +21 206
+3 +1 206
jcnd=27/206 +77 +48 
* * 
+2 +1 179
+3 +1 179
jcnd=18/179 +72 +46 
* * 
+2 +1 161
+4 +1 161
+4 +1 161
+5 +1 161
+5 +21 161
+4 +1 161
+4 +1 161
+4 +1 161
+4 +1 161
+4 +1 161
+6 +1 161
jcnd=153/161 0x28640 2208 
* * 
+6 +5 8
+4 +1 8
+4 * 8
+11 * 8
+1 +9 8
+4 +1 8
+4 +1 8
+5 +1 8
+3 +1 8
+3 +1 8
+3 +1 8
+2 +1 8
-24 -7 45
+4 +1 45
+4 +1 45
+5 +1 45
+3 +1 45
+3 +1 45
+3 +1 45
+2 +1 45
jcnd=4/45 +40 +21 
* * 
+2 +1 49
jcnd=21/49 +9 +5 
* * 
+2 +1 28
+3 +1 28
+1 +1 28
+3 +2 28
+4 +1 28
+3 +1 28
+7 +1 28
+4 +1 28
+4 +1 28
jump=2 0x28120 1693 
* * 
jump=1 0x27fe0 1568 
* * 
jump=2 0x283a0 1943 
* * 
jump=1 0x275e0 568 
* * 
jump=4 0x28260 1818 
* * 
jump=3 0x27ae0 1068 
* * 
jump=15 0x284e0 2068 
* * 
-22 -5 21
+4 +1 21
+3 +1 21
+7 +1 21
+4 +1 21
+4 +1 21
jump=1 0x284e0 2068 
* * 
jump=1 0x279a0 943 
* * 
jump=3 0x27ae0 1068 
* * 
jump=2 0x28120 1693 
* * 
jump=2 0x27ea0 1443 
* * 
jump=3 0x27d60 1318 
* * 
jump=3 0x28260 1818 
* * 
jump=3 0x27fe0 1568 
* * 
jump=3 0x27c20 1193 
* * 
+7 +10 4
+4 +1 4
+4 +1 4
+4 +2 4
+4 +6 4
+4 +1 4
+5 +1 4
+2 +1 4
+3 +1 4
+3 +5 4
jcnd=1/4 0x28625 2199 
* * 
+6 +2 3
+7 +1 3
+7 +1 3
+4 * 3
+7 +8 3
+5 +1 3
+5 +3 3
+4 +1 3
+4 +1 3
+4 +1 3
+4 +1 3
+6 +1 3
jcnd=3/3 0x28620 2197 
* * 
0x275e0 568 1
+4 +1 1
+4 +1 1
+4 +1 1
+4 +1 1
+5 +2 1
+4 +1 1
+4 +1 1
+5 +1 1
+2 +1 1
+3 +1 1
+3 +1 1
jcnd=1/1 0x28625 2199 
* * 
0x279a0 943 1
+4 +1 1
+4 +1 1
+4 +1 1
+4 +1 1
+5 +2 1
+4 +1 1
+4 +1 1
+5 +1 1
+2 +1 1
+3 +1 1
+3 +1 1
+6 +1 1
+4 +4 1
+4 +1 1
+7 +1 1
+6 +6 1
+4 +1 1
+7 +1 1
+7 * 1
+9 +4 1
+4 +1 1
+6 +3 1
+5 +1 1
+5 +1 1
+4 +3 1
+5 +1 1
+5 +1 1
+4 +6 1
+4 +1 1
+4 +1 1
+4 +1 1
+4 +1 1
+6 +1 1
jcnd=1/1 0x28620 2197 
* * 
0x27ae0 +72 6
+4 +1 6
+4 +1 6
+4 +1 6
+4 +1 6
+5 +2 6
+4 +1 6
+4 +1 6
+5 +1 6
+2 +1 6
+3 +1 6
+3 +1 6
jcnd=4/6 0x28625 2199 
* * 
+6 +1 2
+4 +4 2
+4 +1 2
+7 +1 2
+6 +6 2
+4 +1 2
+7 +1 2
+7 * 2
+9 +4 2
+4 +1 2
+6 +3 2
+5 +1 2
+5 +1 2
+4 +3 2
+5 +1 2
+5 +1 2
+4 +6 2
+4 +1 2
+4 +1 2
+4 +1 2
+4 +1 2
+6 +1 2
jcnd=1/2 0x28620 2197 
* * 
+6 +7 1
+4 +1 1
+4 +2 1
+4 +1 1
+2 +2 1
+5 +1 1
+5 +1 1
+4 +3 1
+5 +1 1
+5 +1 1
+4 +6 1
+4 +1 1
+4 +1 1
+4 +1 1
+4 +1 1
+6 +1 1
jcnd=1/1 0x28620 2197 
* * 
+94 +41 3
+4 +1 3
+4 +1 3
+4 +1 3
+4 +1 3
+5 +2 3
+4 +1 3
+4 +1 3
+5 +1 3
+2 +1 3
+3 +1 3
+3 +1 3
jcnd=2/3 0x28625 2199 
* * 
+6 +1 1
+4 +4 1
+4 +1 1
+7 +1 1
+6 +6 1
+4 +1 1
+7 +1 1
+7 * 1
+9 +4 1
+4 +1 1
+6 +3 1
+5 +1 1
+5 +1 1
+4 +3 1
+5 +1 1
+5 +1 1
+4 +6 1
+4 +1 1
+4 +1 1
+4 +1 1
+4 +1 1
+6 +1 1
jcnd=1/1 0x28620 2197 
* * 
0x27d60 +72 3
+4 +1 3
+4 +1 3
+4 +1 3
+4 +1 3
+5 +2 3
+4 +1 3
+4 +1 3
+5 +1 3
+2 +1 3
+3 +1 3
+3 +1 3
jcnd=1/3 0x28625 2199 
* * 
+6 +1 2
+4 +4 2
+4 +1 2
+7 +1 2
+6 +6 2
+4 +1 2
+7 +1 2
+7 * 2
+9 +4 2
+4 +1 2
+6 +3 2
+5 +1 2
+5 +1 2
+4 +3 2
+5 +1 2
+5 +1 2
+4 +6 2
+4 +1 2
+4 +1 2
+4 +1 2
+4 +1 2
+6 +1 2
jcnd=2/2 0x28620 2197 
* * 
0x27ea0 +72 2
+4 +1 2
+4 +1 2
+4 +1 2
+4 +1 2
+5 +2 2
+4 +1 2
+4 +1 2
+5 +1 2
+2 +1 2
+3 +1 2
+3 +1 2
jcnd=1/2 0x28625 2199 
* * 
+6 +1 1
+4 +4 1
+4 +1 1
+7 +1 1
+6 +6 1
+4 +1 1
+7 +1 1
+7 * 1
+9 +4 1
+4 +1 1
+6 +3 1
+5 +1 1
+5 +1 1
+4 +3 1
+5 +1 1
+5 +1 1
+4 +6 1
+4 +1 1
+4 +1 1
+4 +1 1
+4 +1 1
+6 +1 1
jcnd=1/1 0x28620 2197 
* * 
0x27fe0 +72 4
+4 +1 4
+4 +1 4
+4 +1 4
+4 +1 4
+5 +2 4
+4 +1 4
+4 +1 4
+5 +1 4
+2 +1 4
+3 +1 4
+3 +1 4
jcnd=2/4 0x28625 2199 
* * 
+6 +1 2
+4 +4 2
+4 +1 2
+7 +1 2
+6 +6 2
+4 +1 2
+7 +1 2
+7 * 2
+9 +4 2
+4 +1 2
+6 +3 2
+5 +1 2
+5 +1 2
+4 +3 2
+5 +1 2
+5 +1 2
+4 +6 2
+4 +1 2
+4 +1 2
+4 +1 2
+4 +1 2
+6 +1 2
jcnd=2/2 0x28620 2197 
* * 
0x28120 +72 4
+4 +1 4
+4 +1 4
+4 +1 4
+4 +1 4
+5 +2 4
+4 +1 4
+4 +1 4
+5 +1 4
+2 +1 4
+3 +1 4
+3 +1 4
jcnd=1/4 0x28625 2199 
* * 
+6 +1 3
+4 +4 3
+4 +1 3
+7 +1 3
+6 +6 3
+4 +1 3
+7 +1 3
+7 * 3
+9 +4 3
+4 +1 3
+6 +3 3
+5 +1 3
+5 +1 3
+4 +3 3
+5 +1 3
+5 +1 3
+4 +6 3
+4 +1 3
+4 +1 3
+4 +1 3
+4 +1 3
+6 +1 3
jcnd=3/3 0x28620 2197 
* * 
0x28260 +72 7
+4 +1 7
+4 +1 7
+4 +1 7
+4 +1 7
+5 +2 7
+4 +1 7
+4 +1 7
+5 +1 7
+2 +1 7
+3 +1 7
+3 +1 7
jcnd=2/7 0x28625 2199 
* * 
+6 +1 5
+4 +4 5
+4 +1 5
+7 +1 5
+6 +6 5
+4 +1 5
+7 +1 5
+7 * 5
+9 +4 5
+4 +1 5
+6 +3 5
+5 +1 5
+5 +1 5
+4 +3 5
+5 +1 5
+5 +1 5
+4 +6 5
+4 +1 5
+4 +1 5
+4 +1 5
+4 +1 5
+6 +1 5
jcnd=5/5 0x28620 2197 
* * 
0x283a0 +72 2
+4 +1 2
+4 +1 2
+4 +1 2
+4 +1 2
+5 +2 2
+4 +1 2
+4 +1 2
+5 +1 2
+2 +1 2
+3 +1 2
+3 +1 2
jcnd=1/2 0x28625 2199 
* * 
+6 +1 1
+4 +4 1
+4 +1 1
+7 +1 1
+6 +6 1
+4 +1 1
+7 +1 1
+7 * 1
+9 +4 1
+4 +1 1
+6 +3 1
+5 +1 1
+5 +1 1
+4 +3 1
+5 +1 1
+5 +1 1
+4 +6 1
+4 +1 1
+4 +1 1
+4 +1 1
+4 +1 1
+6 +1 1
jcnd=1/1 0x28620 2197 
* * 
0x284e0 +72 16
+4 +1 16
+4 +1 16
+4 +1 16
+4 +1 16
+5 +2 16
+4 +1 16
+4 +1 16
+5 +1 16
+2 +1 16
+3 +1 16
+3 +1 16
jcnd=10/16 0x28625 2199 
* * 
+6 +2 6
+4 +4 6
+4 +1 6
+7 +1 6
+6 +6 6
+4 +1 6
+7 +2 6
+7 * 6
+9 +4 6
+4 +1 6
+6 +3 6
+5 +1 6
+5 +1 6
+4 +3 6
+5 +1 6
+5 +1 6
+4 +6 6
+4 +1 6
+4 +1 6
+4 +1 6
+4 +1 6
+6 +1 6
jcnd=6/6 0x28620 +74 
* * 
0x28620 +74 27
+5 +2 27
+4 +1 27
+4 +1 27
+3 +1 27
jcnd=16/27 +16 +6 
* * 
-11 -3 26
+4 +1 26
+4 +1 26
+3 +1 26
jcnd=9/26 +16 +6 
* * 
+2 +1 28
+3 * 28
+11 +5 28
+4 +6 28
+4 +1 28
+4 +8 28
+2 +1 28
-14 -16 178
+4 +6 178
+4 +1 178
+4 +8 178
+2 +1 178

fl=(52)
fn=(156)
0x26ef0 30 3
+4 +2 3
+3 +9 3
+3 +1 3
+7 * 3
+4 +1 3
+4 +4 3
+4 +1 3
+4 +1 3
+4 +1 3
+4 +1 3
+5 +2 3
+7 * 3
+4 +2 3
+4 +1 3
+4 +1 3
+1 +2 3
+7 * 3
+4 +2 3
+4 +8 3
+2 +3 3
+5 +1 3
+4 +7 3
+2 +1 3

fl=(39)
fn=(110)
0x1dff0 29 1
fi=(18)
+4 +2 1
fe=(39)
+6 +7 1
fi=(18)
+2 -7 1
+2 * 1
+6 -1 1
+6 * 1
jcnd=1/1 +6 +2 
* * 
fe=(39)
+2 +22 1
fi=(18)
+4 -20 1
+6 * 1
+3 * 1
+2 +4 1
fe=(39)
+6 +2 1
fi=(18)
+2 -2 1
+6 * 1
+2 +3 1
+6 * 1
+2 * 1
+5 * 1
+2 +1 1
+6 * 1
+2 * 1
+3 * 1
+2 +5 1
fe=(39)
+2 -7 1
fi=(18)
+2 +7 1
+6 * 1
+6 * 1
fe=(39)
+2 -2 1
fi=(18)
+5 +5 1
+6 * 1
+2 +1 1
+6 * 1
+4 * 1
+2 +2 1
+2 * 1
+6 * 1
+6 * 1
+2 +1 1
+3 * 1
+2 +1 1
+6 * 1
+2 +6 1
fe=(39)
+2 -11 1
fi=(18)
+5 +11 1
+6 -3 1
+6 * 1
jfi=(39)
jcnd=1/1 0x1e00c -4 
* * 
fe=(39)

fl=(12)
fn=(238) dfs_traversal.part.0
0x13620 140 8
+2 * 8
+3 * 8
+2 * 8
+3 * 8
+1 * 8
+3 * 8
+1 * 8
+4 +10 8
+7 -2 8
+7 +2 8
+3 * 8
jcnd=3/8 +39 +11 
* * 
+2 +2 5
+3 * 5
+3 * 5
+2 * 5
+5 +3 5
+9 * 5
-9 * 5
+9 * 5
+2 -3 10
+4 * 10
+4 * 10
+3 * 10
jcnd=5/10 -22 +3 
* * 
+2 +9 8
+3 * 8
jcnd=4/8 +66 * 
* * 
+2 +15 8
+4 * 8
+4 * 8
+4 +1 8
+4 +1 8
+4 * 8
+1 * 8
+1 * 8
+2 * 8
+2 * 8
+38 -17 4
+7 * 4
+3 * 4
jcnd=4/4 -74 +15 
* * 

fn=(22)
0x13700 281 1
+4 * 1
+4 +1 1
+2 * 1
+5 * 1
+5 * 1
cfi=(10)
cfn=(24)
calls=1 0x17d70 405 
* * 20
+5 +2 1
+2 * 1
+5 * 1
+3 -1 1
+6 +2 1
+4 * 1

fn=(236)
0x13730 290 2
+4 * 2
+1 * 2
+3 * 2
+3 * 2
+2 * 2
+2 * 2
+2 * 2
+2 * 2
+1 * 2
+4 +8 2
+7 -8 2
+3 +8 2
+3 * 2
jcnd=2/2 0x139cd -75 
* * 
0x13870 +4 2
+4 * 2
+1 * 2
+2 * 2
+2 * 2
+2 * 2
+2 * 2
+1 * 2
0x139cd -79 2
+3 * 2
+2 -37 2
+3 +37 2
+4 -36 2
+3 * 2
+3 * 2
+6 * 2
+3 +1 2
+4 -1 2
+4 +1 2
+7 -1 2
+2 * 2
jcnd=2/2 -17 +1 
* * 
-17 +1 6
+4 -1 6
+4 +1 6
+7 -1 6
+2 * 6
jcnd=4/6 -17 +1 
* * 
+2 +36 2
+4 * 2
+3 * 2
+4 * 2
+4 * 2
+3 * 2
+7 * 2
+3 * 2
+3 * 2
jcnd=2/2 +23 * 
* * 
+23 * 2
+6 * 2
+3 * 2
+3 * 2
+2 * 2
+6 * 2
+3 +8 2
+2 * 2
+4 * 2
+5 -3 2
+4 +2 2
+4 +1 2
+4 -8 2
+3 +5 2
+4 +3 2
+3 * 2
+4 * 2
+3 * 2
jump=2 +21 +4 
* * 
+8 +2 6
+4 * 6
+3 * 6
+6 +2 8
+4 -90 8
+7 * 8
+2 * 8
+3 * 8
+3 * 8
cfn=(238)
calls=8 0x13620 -5 
* * 284
+5 +93 8
+4 * 8
jcnd=6/8 -41 -5 
* * 
+2 +18 2
+4 * 2
jcnd=2/2 0x13b7e +20 
* * 
+83 +13 2
+3 +33 2
jump=2 0x13870 * 
* * 
0x13b7e -26 2
+3 * 2
+3 * 2
+3 * 2
cfi=(29)
cfn=(80)
calls=2 0x2afb0 -64 
* * 22
+5 * 2
jump=2 0x13afa -7 
* * 

fl=(54)
fn=(166)
0x271c0 40 2
+4 * 2
+2 * 2
+1 * 2
+3 * 2
+4 +1 2
cfi=(22)
cfn=(60)
calls=2 0x2aa40 * 
* * 70
+5 * 2
fi=(203) ./string/../include/rtld-malloc.h
+4 +15 2
+3 * 2
cfi=(27)
cfn=(76)
calls=2 0xd3d0 -21 
* * 50
fe=(54)
+6 -12 2
+3 * 2
+2 +4 2
+4 -1 2
+3 * 2
+3 * 2
+3 +1 2
+1 * 2
+2 -1 2
cfi=(29)
cfn=(80)
calls=2 0x2afb0 212 
* * 30

fl=(8)
fn=(14)
0x13530 25 4
+4 +3 4
+7 -3 4
+3 +3 4
+3 * 4
+2 +3 4
+4 * 4
+7 * 4
+2 +1 4
+2 * 4
+6 +2 4
+3 -1 4
+4 +3 4
+3 * 4
+2 * 4
+6 +1 4
+6 +4 4
+2 -3 4
+4 +7 4
+3 -4 4
+4 -3 4
+3 +2 4
+5 * 4
+5 +5 4
+4 -5 4
+4 -2 4
+6 +7 4
+7 -5 4
+7 +10 4

fl=(25)
fn=(68)
0x1cf90 28 2
+4 +1 2
+3 +3 2
+3 * 2
+3 * 2
jcnd=1/2 +24 +2 
* * 
+2 * 1
jump=1 +57 +17 
* * 
+9 * 63
+4 +13 63
+4 -13 63
+3 * 63
+2 +2 64
+3 * 64
jcnd=48/64 -16 -2 
* * 
+2 +1 16
+4 * 16
jcnd=15/16 -22 -3 
* * 
+2 * 1
+4 * 1
+2 +5 1
+4 -3 1
+4 +3 1
+3 +2 1
+7 +7 1

fl=(134)
fn=(426)
0xd0b0 74 3
+4 * 3
+2 * 3
+2 * 3
+2 * 3
+3 * 3
+2 * 3
+1 * 3
+3 * 3
+1 * 3
+4 +2 3
+8 -2 3
+5 +4 3
+6 -4 3
+5 +2 3
+6 +2 3
+2 * 3
+2 * 3
+2 +37 3
+3 -37 3
+2 * 3
+7 * 3
+3 +1 3
+2 * 3
+6 +2 3
+7 * 3
+5 * 3
+4 * 3
+5 +3 3
+3 * 3
+3 * 3
+2 * 3
+2 * 3
jcnd=1/3 0xd208 +9 
* * 
-10 * 2
+3 * 2
+3 * 2
+2 * 2
+2 * 2
jcnd=1/2 0xd208 +9 
* * 
+6 -52 3
+4 +54 3
+3 * 3
+5 -54 3
+2 +54 3
+4 -54 3
+4 * 3
+8 * 3
jcnd=3/3 +9 +1 
* * 
+9 +1 3
+2 * 3
+4 * 3
+4 +2 3
+6 * 3
+3 +1 3
+6 * 3
+6 +12 3
+5 * 3
+4 * 3
+3 * 3
+6 +3 3
+4 +2 3
+3 -2 3
+4 +2 3
+4 * 3
+3 * 3
cfi=(32)
cfn=(90)
calls=3 0x27220 +55 
* * 207
+5 * 3
+2 * 3
+2 +4 3
+4 * 3
+7 +1 3
+4 -1 3
+4 +1 3
+5 * 3
+4 * 3
+7 * 3
+4 * 3
+3 * 3
+2 +1 3
+5 * 3
+3 * 3
cfi=(32)
cfn=(90)
calls=3 0x27220 +49 
* * 75
+5 * 3
+2 * 3
+2 +57 3
+4 * 3
+3 * 3
+1 * 3
+1 * 3
+2 * 3
+2 * 3
+2 * 3
+2 * 3
+31 -23 2
+4 * 2
+4 * 2
jcnd=2/2 0xd118 -9 
* * 

fl=(142) ./elf/./elf/dl-runtime.c
fn=(450) _dl_fixup
0x12e70 46 2
+4 * 2
+2 * 2
+3 * 2
+2 * 2
+1 * 2
+3 * 2
+1 * 2
+4 +2 2
+4 * 2
+4 * 2
+3 * 2
+7 * 2
jcnd=2/2 +8 +1 
* * 
+8 +1 2
+4 +6 2
fi=(204) ./elf/../sysdeps/x86_64/dl-runtime.h
+2 -27 2
fe=(142)
+4 +21 2
+4 +5 2
+7 +1 2
+4 -6 2
+3 +6 2
+4 * 2
+3 +1 2
+4 +2 2
+3 -2 2
+3 +2 2
+3 -2 2
+4 * 2
+4 * 2
+3 * 2
+4 * 2
+4 +7 2
+4 * 2
+6 +4 2
+4 * 2
+6 +4 2
+7 * 2
+3 * 2
+2 +4 2
+3 * 2
+4 * 2
+3 +1 2
+5 * 2
+4 * 2
+7 * 2
+4 -7 2
+2 * 2
+4 * 2
+3 * 2
+4 +16 2
+8 -1 2
+5 +1 2
+2 * 2
jcnd=2/2 +19 +10 
* * 
+19 +10 2
+2 * 2
+3 * 2
+2 * 2
+6 * 2
+1 * 2
+7 * 2
+3 * 2
+3 * 2
+3 * 2
cfi=(78)
cfn=(270)
calls=2 0xc0d0 840 
* * 1363
+5 * 2
+3 +4 2
+8 * 2
+1 * 2
+1 * 2
+2 * 2
+2 +10 2
+4 * 2
+3 * 2
+6 * 2
+5 * 2
+6 * 2
+3 * 2
+6 * 2
+4 * 2
+4 * 2
+5 +15 2
+4 * 2
+3 * 2
+3 * 2
+6 +9 2
+7 * 2
+3 * 2
jcnd=2/2 +23 +26 
* * 
+23 +26 2
+6 * 2
+2 * 2
fi=(6)
+2 +70 2
fe=(142)
+4 -66 2
+4 * 2
+1 * 2
+1 * 2
+2 * 2
+2 * 2

fl=(144)
fn=(468) call_init.part.0
0x63e0 26 4
+2 * 4
+2 * 4
+3 * 4
+2 * 4
+3 * 4
+1 * 4
+2 * 4
+1 +13 4
+7 -13 4
+3 +16 4
+4 -3 4
+3 * 4
+6 +3 4
+3 * 4
jcnd=1/4 0x6490 +1 
* * 
+6 +5 3
+7 * 3
+6 +8 3
+7 * 3
+3 * 3
jcnd=2/3 +19 +4 
* * 
+2 +1 1
+4 * 1
+3 * 1
+3 * 1
+3 * 1
+2 * 1
cob=(2)
cfi=(50)
cfn=(470) 0x000000000483f000
calls=1 0x483f000 -56 
* * 7
+2 +3 3
+7 +1 3
+3 * 3
jcnd=1/3 +66 +12 
* * 
+2 +6 2
+7 * 2
+4 +2 2
+3 * 2
+4 -2 2
+4 +3 2
+2 * 2
+2 * 2
+3 * 2
+4 * 2
+4 * 2
jump=2 +9 +1 
* * 
+5 * 1
+4 +1 1
+3 * 1
+3 * 1
+2 * 1
cob=(3)
cfi=(149) ./libio/./libio/vtables.c
cfn=(488) check_stdfiles_vtables
calls=1 0x29ca0 +13 
* * 12
-8 * 2
+3 * 2
+3 * 2
+2 * 2
cob=(3)
cfi=(146) ./csu/./csu/init-first.c
cfn=(480) _init_first
calls=1 0x29c30 -24 
* * 74
cob=(4)
cfi=(145)
cfn=(474)
calls=1 0x1110 -70 
* * 12
+2 -1 3
+3 * 3
+3 * 3
jcnd=1/3 -20 * 
* * 
+2 +3 4
+1 * 4
+1 * 4
+2 * 4
+2 * 4
+2 * 4
+2 -29 1
+2 * 1
jcnd=1/1 -12 +29 
* * 

fn=(466)
0x64d0 77 1
+4 * 1
+2 * 1
+2 * 1
+3 * 1
+2 * 1
+3 * 1
+2 * 1
+3 * 1
+1 * 1
+2 * 1
+1 * 1
+4 +1 1
+7 +1 1
+7 +3 1
+7 * 1
+3 * 1
jcnd=1/1 0x65d0 -51 
* * 
+6 +8 1
+3 * 1
jcnd=1/1 +7 +25 
* * 
+7 +25 1
+7 +1 1
+3 * 1
+2 * 1
+2 * 1
+4 * 1
+9 +1 1
+7 * 1
+4 -86 1
+4 * 1
+7 * 1
+2 * 1
jcnd=1/1 +10 +2 
* * 
-24 +86 3
+7 * 3
+4 -86 3
+4 * 3
+7 * 3
+2 * 3
jcnd=3/3 +10 +2 
* * 
+10 +2 4
+7 * 4
jcnd=1/4 +15 +83 
* * 
+2 * 3
+3 * 3
+3 * 3
+2 * 3
cfn=(468)
calls=3 0x63e0 -7 
* * 193
+5 +83 4
+4 * 4
+4 * 4
jcnd=3/4 -64 +1 
* * 
+2 +7 1
+4 * 1
+1 * 1
+1 * 1
+2 * 1
+2 * 1
+2 * 1
+2 * 1
+80 -92 1
+4 * 1
+7 * 1
+2 * 1
jcnd=1/1 +6 +2 
* * 
+6 +2 1
+7 * 1
+2 * 1
+3 * 1
+3 * 1
+2 * 1
cfn=(468)
calls=1 0x63e0 -7 
* * 72
+5 +52 1
+11 * 1
jump=1 0x650b +5 
* * 

fl=(46)
fn=(402)
0x14e00 1015 1
+4 * 1
+2 * 1
+3 * 1
+2 * 1
+1 * 1
+3 * 1
+1 * 1
+4 +6 1
+7 +3 1
+7 +1 1
jump=1 +22 +4 
* * 
+22 +4 1
+4 * 1
+3 * 1
+2 +34 1
+3 * 1
jcnd=1/1 +20 +3 
* * 
+20 +3 1
+4 * 1
+4 * 1
+5 +1 1
+7 * 1
+4 * 1
+4 +3 1
+4 * 1
+1 * 1
+1 * 1
+2 * 1
+2 * 1

fn=(252)
0x14230 221 1
+4 * 1
+2 * 1
+2 * 1
+2 * 1
+2 * 1
+1 * 1
+1 * 1
+4 +6 1
+7 * 1
+3 * 1
+6 +3 1
+5 * 1
+6 +36 1
+4 * 1
+3 * 1
+6 +2 1
+3 -2 1
+3 -2 1
+3 -40 1
+3 -1 1
+3 -1 1
+5 +46 1
+5 * 1
jump=1 +76 * 
* * 
+5 +23 1
+4 * 1
+2 * 1
+4 +3 1
+3 -3 1
+3 * 1
+3 * 1
+4 * 1
+3 +2 1
+3 * 1
jcnd=1/1 +11 -2 
* * 
+11 -2 1
+3 -25 1
+4 +20 1
+7 -20 1
+3 * 1
+4 * 1
+5 * 1
+3 * 1
jcnd=1/1 0x1433f +41 
* * 
+2 +2 1
+5 * 1
+6 +3 1
+7 -1 1
+7 +5 1
+3 * 1
+7 -5 1
+3 +1 1
+4 -1 1
+3 +3 1
+3 * 1
+4 +2 1
+3 * 1
+3 * 1
jcnd=1/1 0x14288 +16 
* * 
+54 +32 1
+7 * 1
+2 * 1
+5 -1 1
+7 +1 1
+5 * 1
+3 * 1
+3 * 1
+4 +2 1
+6 * 1
+5 -2 1
+4 * 1
+7 +53 1
+4 * 1
+1 * 1
+1 * 1
+2 * 1
+2 * 1
+2 * 1
+2 * 1

fn=(250)
0x14020 97 1
+4 * 1
+2 +4 1
+2 -4 1
+1 * 1
+3 +4 1
+2 -4 1
+1 * 1
+4 +4 1
+5 * 1
+3 * 1
cfi=(10)
cfn=(24)
calls=1 0x17d70 405 
* * 21
+5 * 1
+5 +1 1
+2 * 1
+3 * 1
+5 * 1
cfi=(10)
cfn=(24)
calls=1 0x17d70 405 
* * 21
+5 * 1
+5 +8 1
+5 -8 1
+5 +6 1
+3 * 1
+4 +2 1
+3 * 1
+3 * 1
+2 +3 1
+3 +2 1
+7 -32 1
+4 * 1
+3 * 1
+3 +34 1
+7 * 1
+2 * 1
+7 +1 1
+4 * 1
+1 * 1
+1 * 1
+2 * 1

fn=(406)
0x144f0 528 1
+4 * 1
+2 * 1
+2 * 1
+2 * 1
+2 * 1
+1 * 1
+1 * 1
+4 * 1
+5 * 1
+5 +1 1
+3 * 1
+6 +4 1
+4 +6 1
+7 -6 1
+4 +6 1
cfi=(24)
cfn=(84)
calls=1 0x15080 42 
* * 3
+6 +3 1
+7 * 1
+4 * 1
+6 +12 1
+7 -18 1
+3 -1 1
+9 +43 1
+3 * 1
+3 * 1
+4 -19 1
+5 * 1
+2 * 1
+3 * 1
+3 * 1
+3 * 1
+3 * 1
+6 * 1
+4 * 1
+3 * 1
+3 * 1
+3 * 1
+3 * 1
jump=1 0x14665 +6 
* * 
+15 +9 1
+3 * 1
+4 * 1
+5 +1 1
+3 * 1
+6 +6 1
+5 * 1
+7 * 1
+6 +1 1
+3 +2 1
+7 * 1
+8 -2 1
+4 +6 1
+7 -4 1
+3 * 1
+4 +4 1
+4 -4 1
+4 * 1
+3 +3 1
+4 * 1
+2 +4 1
+3 * 1
+6 +1 1
+7 * 1
+7 * 1
+3 * 1
+6 +2 1
+3 * 1
+6 +1 1
+5 * 1
+3 +17 1
+5 -8 1
+3 +8 1
jcnd=1/1 +9 +2 
* * 
+9 +2 1
+7 * 1
+3 * 1
cfi=(29)
cfn=(128)
calls=1 0x2afa0 199 
* * 13
+5 * 1
+3 * 1
+2 * 1
+3 * 1
+3 * 1
cfi=(44)
cfn=(132)
calls=1 0x2b1a0 125 
* * 25
+5 -49 1
+4 +55 1
+7 -55 1
+4 * 1
+4 * 1
+3 * 1
+2 +6 2
+3 * 2
jcnd=1/2 0x14590 +3 
* * 
+6 +55 1
+7 * 1
cfi=(24)
cfn=(84)
calls=1 0x15080 42 
* * 3
+6 +3 1
+4 * 1
+3 +3 1
+5 * 1
+4 * 1
+1 * 1
+1 * 1
+2 * 1
+2 * 1
+2 * 1
+2 * 1

fn=(254)
0x14410 422 1
+4 * 1
+2 +13 1
+7 -13 1
+1 * 1
+1 +2 1
+7 +12 1
fi=(28)
+5 56 1
cfi=(27)
cfn=(76)
calls=1 0xd3d0 -21 
* * 53
fe=(46)
+6 437 1
+3 * 1
+6 * 1
+3 +8 1
+2 * 1
fi=(28)
+5 44 1
fe=(46)
+5 445 1
+3 * 1
+4 +1 1
+8 +4 1
+2 * 1
+5 * 1
+3 * 1
+8 * 1
+12 * 1
+4 * 1
+3 * 1
+6 * 1
+3 * 1
jcnd=1/1 * * 
* * 
* * 311
jcnd=310/311 * * 
* * 
+3 +19 1
+8 -99 1
+7 +4 1
+4 +1 1
fi=(28)
+4 44 1
cfi=(27)
cfn=(72)
calls=1 0xd4f0 +34 
* * 36
fe=(46)
+6 376 1
+3 * 1
+2 +3 1
+3 +6 1
+4 * 1
+5 +90 1
+3 * 1
+1 * 1
+1 * 1
+2 * 1

fn=(228)
0x140b0 131 1
+4 * 1
+4 +3 1
+7 +13 1
+7 -13 1
+2 +52 1
+4 +2 1
+7 +3 1
+7 +1 1
+4 * 1

fn=(136)
0x141c0 197 1
+4 +2 1
+7 * 1
+2 +1 1
+7 +15 1
+3 * 1

fl=(56)
fn=(172)
0x26b60 25 2
+4 +1 2
+2 * 2
+2 * 2
+6 * 2
+2 +1 2

fl=(129)
fn=(412) _dlfo_process_initial
0x5260 474 2
+2 +3 2
+3 -3 2
+4 +1 2
+7 +3 2
+8 * 2
+6 +26 2
+7 * 2
+3 * 2
+6 * 2
+7 * 2
+3 * 2
+3 * 2
+5 +1 2
+3 * 2
+3 * 2
jcnd=2/2 +19 +3 
* * 
+10 +1 8
+4 -1 8
+3 * 8
jcnd=2/8 +89 -1 
* * 
+2 +3 8
+3 * 8
jcnd=2/8 -12 -2 
* * 
+2 * 6
+4 * 6
+2 +3 6
+7 * 6
+3 * 6
+2 * 6
jcnd=6/6 0x5340 +2 
* * 
+64 -7 2
+7 * 2
+4 * 2
+7 * 2
+3 * 2
+6 +25 2
+7 +2 2
+4 * 2
+3 * 2
+2 * 2
+5 -18 6
+7 * 6
+3 * 6
jcnd=3/6 +17 +4 
* * 
+2 +3 3
+3 * 3
+4 -1 3
+3 * 3
cfi=(130) ./elf/./dl-find_object.h
cfn=(410) _dl_find_object_from_map
calls=3 0x51f0 95 
* * 189
+5 +2 6
+4 * 6
jump=6 0x52b0 -11 
* * 

fn=(408)
0x5830 561 1
+4 * 1
+1 * 1
+1 * 1
+4 +3 1
+7 +2 1
+7 * 1
jcnd=1/1 0x5960 +1 
* * 
+17 +13 1
cfn=(412)
calls=1 0x5260 474 
* * 79
+5 +1 1
+7 -1 1
+3 +1 1
fi=(28)
+4 56 1
cfi=(27)
cfn=(76)
calls=1 0xd3d0 -21 
* * 25
fe=(129)
+6 580 1
fi=(28)
+7 56 1
fe=(129)
+3 582 1
+3 * 1
jcnd=1/1 0x5938 +3 
* * 
0x5938 +3 1
+3 * 1
+2 +5 1
+11 +1 1
cfn=(412)
calls=1 0x5260 474 
* * 280
+5 +3 1
+7 * 1
+3 * 1
jcnd=1/1 +58 +2 
* * 
+2 +10 1
+4 * 1
+1 * 1
+1 * 1
+1 -37 1
+7 * 1
cfi=(130)
cfn=(410)
calls=1 0x51f0 95 
* * 68
+5 * 1
jump=1 0x5859 +12 
* * 
+37 +29 1
+3 * 1
cfn=(414) _dlfo_sort_mappings
calls=1 0x5780 -60 
* * 80
+5 +3 1
+7 * 1
+4 * 1
+4 * 1
+7 * 1
+4 * 1
+7 +2 1
jump=1 -97 +3 
* * 

fn=(414)
0x5780 536 1
+4 +1 1
+4 * 1
+6 +3 1
+4 * 1
+3 * 1
+3 * 1
+8 +4 1
+3 +1 1
+4 -1 1
+3 +1 1
+3 * 1
-13 -1 1
+3 +1 1
+4 -1 1
+3 +1 1
+3 * 1
+2 * 2
+3 * 2
+6 +1 2
+3 * 2
+4 * 2
+4 * 2
+3 * 2
jcnd=1/2 +8 -1 
* * 
-14 * 1
+3 * 1
+4 * 1
+4 * 1
+3 * 1
+2 * 2
+3 * 2
+3 -1 2
+4 * 2
+3 * 2
-7 * 1
+4 * 1
+3 * 1
jcnd=1/1 -29 +1 
* * 
+2 +8 2
+4 * 2
+3 * 2
+3 +1 2
+5 * 2
+5 -1 2
+6 -13 2
+4 * 2
+5 +14 2
+4 * 2
+6 * 2
+5 +1 2
+5 * 2
+5 -15 2
+3 * 2
jcnd=1/2 0x57a0 +4 
* * 
+2 +17 1

fl=(66)
fn=(208)
0x3460 61 2
+4 * 2
+1 * 2
+3 +7 2
+3 -4 2
+3 * 2
+4 +1 2
+7 -1 2
+4 * 2
+4 * 2
+2 * 2
+3 * 2
+2 * 2
+5 * 2
+3 * 2
cfi=(31)
cfn=(160)
calls=2 0xa410 2022 
* * 5116
+5 * 2
+4 +5 2
+1 * 2

fn=(204)
0x3840 159 1
+4 * 1
+1 * 1
+3 * 1
+4 * 1
+5 +1 1
+4 * 1
+4 * 1
+4 -1 1
+3 +1 1
+8 -1 1
+2 * 1
+2 +1 1
+4 -1 1
+3 * 1
+3 * 1
+2 +1 1
+4 -1 1
+2 * 1
+1 * 1
+7 * 1
+6 +1 1
+3 * 1
+7 * 1
+3 * 1
+8 * 1
+3 * 1
+3 * 1
jcnd=1/1 +23 * 
* * 
+23 * 1
+5 * 1
+3 * 1
+3 * 1
jcnd=1/1 0x4530 * 
* * 
+6 * 1
+5 -8 1
+8 -7 1
+5 +15 1
+4 -14 1
+4 +6 1
+3 +8 1
+7 -15 1
+5 +7 1
+3 -8 1
+7 +1 1
+4 +7 1
+7 -7 1
+5 +31 1
+3 * 1
+6 * 1
+4 -28 1
+5 * 1
+6 * 1
+6 -2 1
+3 +31 1
+3 -33 1
+3 * 1
+6 +2 1
+3 * 1
+4 +30 1
+4 * 1
+4 -30 1
+4 -1 1
+5 * 1
+5 * 1
+4 * 1
+4 +7 1
+7 * 1
+3 * 1
+3 * 1
+6 +24 1
+3 * 1
+2 -32 1
+4 +60 1
+4 -60 1
+4 * 1
+7 +36 1
fi=(73) ./elf/../include/scratch_buffer.h
+8 77 1
+7 * 1
+7 * 1
fe=(66)
+7 198 1
fi=(73)
+6 78 1
fe=(66)
+11 200 1
+10 * 1
+7 +98 1
+7 198 1
+6 +4 1
+3 +7 1
+6 +4 1
+7 * 1
+7 * 1
+3 * 1
jcnd=1/1 0x4328 +1 
* * 
-23 -4 3
+6 +4 3
+7 * 3
+7 * 3
+3 * 3
jcnd=3/3 0x4328 +1 
* * 
+17 +11 4
+5 * 4
jcnd=2/4 0x3af8 +2 
* * 
+6 * 2
+8 * 2
+6 -18 2
+3 +18 2
+8 * 2
+6 433 4
+7 * 4
+3 * 4
jcnd=2/4 0x3aa6 +22 
* * 
+2 +2 2
+3 +3 2
+5 -3 2
+4 * 2
+8 +3 2
fi=(28)
+4 56 2
cfi=(27)
cfn=(76)
calls=2 0xd3d0 -21 
* * 50
+6 * 2
fe=(66)
+3 439 2
+3 * 2
+6 +6 2
+3 +1 2
+7 * 2
+8 * 2
+4 * 2
+3 * 2
cfi=(29)
cfn=(80)
calls=2 0x2afb0 212 
* * 22
+5 +1 2
+4 * 2
+3 * 2
+3 * 2
+4 * 2
cfi=(29)
cfn=(80)
calls=2 0x2afb0 212 
* * 22
+5 +4 2
+8 -1 2
+7 +5 2
+7 * 2
+3 * 2
+3 * 2
jcnd=2/2 +33 +2 
* * 
-13 * 2
+7 * 2
+3 * 2
+3 * 2
jcnd=2/2 +33 +2 
* * 
+2 204 3
+7 * 3
+4 * 3
jump=3 0x39de +5 
* * 
+8 458 3
+3 * 3
+3 * 3
jcnd=3/3 0x487b -78 
* * 
+6 -1 4
+4 +1 4
+3 * 4
jcnd=3/4 -19 * 
* * 
+2 199 1
+10 * 1
+7 * 1
jfi=(73)
jump=1 0x3edb 85 
* * 
+10 +27 2
+4 * 2
+4 * 2
+7 * 2
+8 * 2
jcnd=2/2 +15 +5 
* * 
+15 +5 2
+7 +6 2
+4 -5 2
+7 -1 2
+7 +2 2
+7 * 2
+7 +4 2
+4 * 2
+3 * 2
+6 * 2
+7 -31 2
+3 +31 2
+7 +1 2
+4 * 2
+6 * 2
+3 +6 2
+7 * 2
+5 * 2
+3 * 2
cfi=(31)
cfn=(206)
calls=2 0x7e70 -6 
* * 108
+5 * 2
+3 * 2
+3 * 2
jcnd=2/2 0x3e68 * 
* * 
0x3c5b +4 2
+7 * 2
+7 -2 2
+7 +2 2
+7 * 2
cob=(2)
cfi=(50)
cfn=(152)
calls=2 0x4002050 0 
* * 5274
+5 +1 2
+8 * 2
+6 +9 2
+7 +2 2
+7 * 2
+2 +5 2
+3 * 2
+3 * 2
jcnd=2/2 +23 * 
* * 
+23 * 2
+4 * 2
+6 +6 2
+7 +2 2
+7 -8 2
+5 * 2
+4 +3 2
+4 +1 2
+6 +1 2
+8 +1 2
+4 +4 2
+7 * 2
+7 * 2
+3 * 2
+3 * 2
+6 +4 2
+7 * 2
+3 * 2
jcnd=1/2 +13 -42 
* * 
+2 +1 1
+3 * 1
+4 * 1
+4 -43 1
+5 * 1
+4 * 1
+3 * 1
-12 * 49
+5 * 49
+4 * 49
+3 * 49
jcnd=2/49 0x3a30 433 
* * 
+6 +1 48
+4 * 48
+6 +44 48
+4 * 48
+6 * 48
jcnd=48/48 -38 -45 
* * 
0x3e68 -38 2
+3 * 2
jump=2 0x3c5b +4 
* * 
fi=(73)
0x3edb 85 1
+7 * 1
+7 * 1
jfi=(66)
jcnd=1/1 +8 464 
* * 
fe=(66)
+8 464 1
+7 * 1
+3 * 1
+2 * 1
+6 * 1
+2 * 1
+2 +1 1
+6 +3 1
+7 * 1
+7 * 1
+3 * 1
jcnd=1/1 +32 +11 
* * 
+32 +11 1
+6 * 1
+4 * 1
fi=(28)
+4 56 1
cfi=(27)
cfn=(76)
calls=1 0xd3d0 -21 
* * 25
+6 * 1
fe=(66)
+3 481 1
+3 * 1
+6 +5 1
+6 * 1
+7 * 1
+3 +1 1
+7 -1 1
+4 * 1
+7 +4 1
+3 * 1
+6 -2 1
+7 +2 1
+2 -2 1
+5 * 1
jump=1 +32 +6 
* * 
+9 +13 3
+4 +5 3
+7 -16 3
+4 * 3
+3 * 3
jcnd=1/3 +54 * 
* * 
+2 -2 3
+3 +6 3
+4 +7 3
+4 -2 3
+3 * 3
jcnd=3/3 -34 +2 
* * 
-11 -5 1
+4 +7 1
+4 -2 1
+3 * 1
+2 +2 1
+2 * 1
+4 +5 1
+8 -16 1
+4 * 1
+3 * 1
+6 * 1
+2 * 1
jump=1 -45 -2 
* * 
+7 * 1
+6 +19 1
+7 * 1
+6 +52 1
+7 * 1
+3 * 1
jcnd=1/1 0x44e8 -1 
* * 
0x4194 +37 1
+6 * 1
+3 * 1
+6 +15 1
+3 -11 1
+7 +11 1
+8 -14 1
+2 * 1
jcnd=1/1 0x44d8 +14 
* * 
0x4297 +20 1
+3 -1 1
+7 * 1
+3 * 1
+3 +1 1
+4 * 1
+4 * 1
+4 -1 1
+5 * 1
+3 * 1
+2 * 1
+3 * 1
cfi=(12)
cfn=(236)
calls=1 0x13730 290 
* * 260
+5 +5 1
+8 +3 1
+8 -1 1
+7 +2 1
+3 * 1
jcnd=1/1 +21 +7 
* * 
+21 +7 1
+7 * 1
+3 * 1
jcnd=1/1 +10 +3 
* * 
+10 +3 1
+6 * 1
+2 * 1
+6 +3 1
+4 * 1
+1 * 1
+2 * 1
+2 * 1
+2 * 1
+2 * 1
+1 * 1
+4 214 4
+8 * 4
+6 * 4
+7 * 4
jcnd=1/4 0x3a06 +10 
* * 
+6 * 3
+8 * 3
+3 * 3
jcnd=1/3 0x3a06 +10 
* * 
+6 +3 2
fi=(73)
+3 -86 2
+7 * 2
+5 * 2
cfi=(72)
cfn=(230)
calls=2 0x26bf0 30 
* * 40
fe=(66)
+5 +86 2
+2 * 2
+6 +4 2
+7 * 2
+7 * 2
jump=2 0x3a06 +3 
* * 
0x44d8 613 1
+3 * 1
cfi=(29)
cfn=(80)
calls=1 0x2afb0 212 
* * 11
+5 * 1
jump=1 0x4297 +6 
* * 
+8 -53 1
+3 * 1
jump=1 0x4194 +38 
* * 
+69 160 1
+6 * 1
jump=1 0x38cf * 
* * 
0x487b 380 3
+7 * 3
jump=3 0x3ab5 204 
* * 

fl=(13)
fn=(100)
0x1fa40 46 1
+4 * 1
+2 * 1
+1 * 1
+1 * 1
+7 +2 1
+7 * 1
+3 * 1
jcnd=1/1 0x1fb18 +40 
* * 
0x1fb09 +85 1
+7 * 1
+1 * 1
+1 * 1
+2 * 1
+4 -45 1
+5 * 1
cfi=(36)
cfn=(102)
calls=1 0x26e60 +32 
* * 6
+5 +15 1
+8 -15 1
+2 * 1
+6 +20 1
+3 -1 1
+2 +3 1
+3 * 1
+3 * 1
+3 * 1
-9 * 2
+3 * 2
+3 * 2
+3 * 2
+2 +4 3
+4 -2 3
+4 * 3
+3 +2 3
+3 * 3
+4 * 3
jcnd=3/3 +40 +7 
* * 
+40 +7 3
+3 -1 3
+4 +4 3
+4 -2 3
+2 +2 3
+3 * 3
jcnd=1/3 +20 +5 
* * 
+2 * 2
+4 * 2
jcnd=2/2 -91 -14 
* * 
+14 +5 1
+4 * 1
jcnd=1/1 0x1fb09 +4 
* * 

fl=(49)
fn=(146)
0x2aef0 25 1
+4 +2 1
+3 +7 1
+3 +1 1
+7 +2 1
+5 +1 1
+3 +1 1
+2 +1 1
+1 +1 1
jump=1 * * 
* * 
* * 32
jcnd=31/32 * * 
* * 
+3 +3 1
+3 * 1
+11 * 1
+3 +7 1
+2 +1 1
+2 +1 1
+2 +1 1
+3 +2 1
+3 +1 1
+3 +1 1
+2 +1 1
+3 +2 1
+3 +1 1
+3 +1 1
jcnd=1/1 +20 +9 
* * 
+20 +9 1
+4 * 1
+11 * 1
+3 +12 1
+4 +2 1
+2 +1 1
+3 +1 1
-9 -4 14
+4 +2 14
+2 +1 14
+3 +1 14
+2 +2 15
+3 +1 15
+3 +1 15
jcnd=1/15 +24 +12 
* * 
+2 +2 14
+3 +1 14
+3 +1 14
+2 +2 14
+3 +1 14
+3 +1 14
jcnd=14/14 -33 -16 
* * 
+8 +4 1
+3 +2 1
+7 +7 1
+3 +4 1

fl=(130)
fn=(410)
0x51f0 95 4
+7 * 4
+3 +1 4
+7 * 4
+4 +1 4
+4 +6 4
+7 * 4
+7 * 4
+8 * 4
+3 * 4
+4 +1 4
+3 * 4
jcnd=4/4 +16 +1 
* * 
+7 * 37
+4 * 37
+3 * 37
+2 +1 41
+6 * 41
jcnd=37/41 -15 -1 
* * 
+2 +2 4
+3 * 4
+4 * 4
+4 +5 4

fl=(141) ./elf/../sysdeps/x86_64/dl-trampoline.h
fn=(448) _dl_runtime_resolve_xsave
0x15c60 67 2
+4 +5 2
+1 +3 2
+3 +2 2
+4 +10 2
+7 +6 2
+4 +1 2
+5 +1 2
+5 +1 2
+5 +1 2
+5 +1 2
+5 +1 2
+5 +4 2
+5 +1 2
+2 +3 2
+8 +1 2
+8 +2 2
+8 +1 2
+8 +1 2
+8 +1 2
+8 +1 2
+8 +1 2
+8 +2 2
+5 +7 2
+4 +1 2
+4 +1 2
cfi=(142)
cfn=(450)
calls=2 0x12e70 -80 
* * 1555
+5 +1 2
+3 +5 2
+5 +1 2
+2 +1 2
+5 +2 2
+5 +1 2
+5 +1 2
+5 +1 2
+5 +1 2
+5 +1 2
+5 +1 2
+4 +2 2
+3 +2 2
+4 +4 2
+4 +2 2

fl=(65)
fn=(202)
0x269a0 25 1
+4 +2 1
+5 * 1
+2 * 1
+6 * 1
jcnd=1/1 +7 * 
* * 
+7 * 1
+2 * 1
+6 * 1
+5 +4 1

fl=(71)
fn=(226)
0x26d20 117 5
+4 * 5
+5 * 5
+2 * 5
+6 * 5
+2 +5 5

fn=(462)
0x26cf0 117 1
+4 * 1
+5 * 1
+2 * 1
+6 * 1
+2 +5 1

fl=(19)
fn=(46)
0x18f10 255 12
+7 * 12
+6 -5 12
+2 * 12
+2 +16 12
+6 -16 12
+2 * 12
+2 * 12
+1 * 12
+2 * 12
+1 * 12
+4 +13 12
+5 +1 12
+5 * 12
+5 * 12
+5 -3 12
+8 * 12
jump=12 +12 +11 
* * 
+12 +11 12
+5 * 12
+2 * 12
+4 * 12
+3 * 12
+2 +5 12
+4 * 12
+2 +2 12
+3 +1 12
+3 -1 12
+4 +5 12
+3 * 12
+3 * 12
+2 * 12
cfn=(48) intel_check_word.constprop.0
calls=12 0x18c10 123 
* * 3876
+5 +2 12
+3 * 12
+2 +3 12
+3 * 12
+3 * 12
+2 * 12
+2 * 12
cfn=(48)
calls=12 0x18c10 123 
* * 1156
+5 +2 12
+3 * 12
jcnd=11/12 +75 +19 
* * 
+2 +3 1
+3 * 1
+3 * 1
+3 * 1
+2 * 1
cfn=(48)
calls=1 0x18c10 123 
* * 20
+5 +2 1
+3 * 1
+2 +3 1
+4 * 1
+3 * 1
+3 * 1
+2 * 1
cfn=(48)
calls=1 0x18c10 123 
* * 255
+5 +2 1
+3 * 1
+2 -35 1
+4 * 1
+5 * 1
+2 +39 1
+6 * 1
+3 * 1
jcnd=1/1 +10 +5 
* * 
+10 +5 12
+4 * 12
+1 * 12
+1 * 12
+2 * 12
+2 * 12
+2 * 12
+2 * 12

fn=(52)
0x18780 481 1
+2 +17 1
+6 -17 1
+3 * 1
+3 * 1
+2 * 1
+3 +16 1
+7 -16 1
+2 +15 1
+7 -15 1
+2 * 1
+1 * 1
+1 +18 1
+3 -1 1
+4 +9 1
+6 * 1
+4 +3 1
+3 * 1
+6 * 1
+5 +11 1
+2 -11 1
+5 -5 1
+8 +21 1
+6 * 1
+6 * 1
+2 +4 1
+4 * 1
jcnd=1/1 +89 +5 
* * 
+21 681 1
+3 * 1
+2 * 1
+2 * 1
+2 +1 1
+3 * 1
+2 * 1
+2 * 1
+3 * 1
+3 +4 1
+5 * 1
jcnd=1/1 +23 +9 
* * 
+23 +9 1
+1 * 1
+1 -2 1
+3 +2 1
+2 * 1
+2 -1 1
+3 +1 1
+2 * 1
+2 * 1
+2 535 1
+5 * 1
+2 * 1
jcnd=1/1 +12 * 
* * 
+12 * 1
+2 * 1
+5 * 1
+5 +3 1
+3 * 1
+5 * 1
+6 * 1
+6 * 1
+5 * 1
+4 * 1
+3 * 1
+2 +7 1
+2 * 1
-11 -7 3
+4 * 3
+3 * 3
+2 +7 3
+2 * 3
+6 +3 4
+2 * 4
+3 * 4
+3 * 4
+3 * 4
jcnd=1/4 0x18950 +5 
* * 
+6 * 3
+3 * 3
jcnd=2/3 +43 -10 
* * 
+2 +14 1
+4 * 1
+2 +4 1
+3 +3 1
+2 +1 1
+3 -4 1
+5 * 1
+2 +3 1
+2 * 1
+3 * 1
+4 +6 1
+2 * 1
jcnd=1/1 0x18970 -68 
* * 
+9 -37 3
+3 * 3
jump=3 -83 * 
* * 
0x18950 +15 1
+4 * 1
+6 +4 1
+3 +1 1
+3 -1 1
+5 * 1
+2 +18 1
+2 * 1
jcnd=1/1 0x188c8 -37 
* * 
+7 -68 1
+4 * 1
+3 * 1
+5 * 1
+5 * 1
+5 * 1
+3 +74 1
+2 * 1
+6 * 1
+4 * 1
+6 +8 1
+2 * 1
+6 * 1
+3 * 1
+3 * 1
+4 * 1
+3 * 1
+3 +2 1
+2 * 1
+6 +4 1
+5 * 1
+2 * 1
+2 +2 1
+3 +2 1
+6 * 1
+2 * 1
+2 * 1
+2 * 1
+5 -4 1
+5 +16 1
+6 -16 1
+3 * 1
+6 * 1
jcnd=1/1 +56 +6 
* * 
+12 +21 1
+6 * 1
jcnd=1/1 0x18ae0 +3 
* * 
+6 -21 1
+4 * 1
+3 * 1
+2 * 1
+2 +3 1
+6 +1 1
+6 * 1
+2 * 1
+2 * 1
+2 -4 1
+3 +6 1
+6 * 1
jcnd=1/1 -50 +15 
* * 
-6 * 1
+6 * 1
+2 +3 1
+4 * 1
+2 +5 1
+3 +2 1
+3 * 1
+3 +1 1
+3 +1 1
+3 -2 1
+2 * 1
+2 +1 1
+2 -19 1
+2 * 1
jcnd=1/1 -69 +2 
* * 
-2 * 1
+2 * 1
+2 * 1
+3 +46 1
+2 * 1
+6 +1 1
+3 +1 1
+2 * 1
+6 +2 1
+5 * 1
+6 -1 1
+3 * 1
+5 * 1
jump=1 0x187fc +39 
* * 
0x18ae0 -23 1
+4 * 1
+6 +7 1
+3 +2 1
+3 * 1
+3 -16 1
+3 +22 1
+3 -6 1
+2 * 1
+2 +1 1
+2 +5 1
jump=1 0x18a47 -41 
* * 

fn=(48)
0x18c10 123 26
+2 * 26
+6 * 26
+3 -4 26
+2 * 26
+2 * 26
+1 +10 26
+7 * 26
+3 * 26
+5 * 26
+4 -10 26
+1 +10 26
+4 * 26
+4 +2 26
+2 * 26
jcnd=1/26 0x18d09 -6 
* * 
+6 +71 25
+7 * 25
+3 * 25
+7 * 25
+4 * 25
+7 * 25
+3 * 25
+3 * 25
jump=25 +32 -69 
* * 
+23 -71 51
+3 * 51
jcnd=13/51 0x18d09 -6 
* * 
+6 +2 63
+4 +2 63
+4 * 63
+2 +8 63
+5 * 63
jcnd=12/63 0x18d21 +12 
* * 
+6 +51 51
+3 * 51
jcnd=51/51 +23 +22 
* * 
+23 +22 51
fi=(20) ./elf/../bits/stdlib-bsearch.h
+3 28 51
+5 -1 51
+2 * 51
+1 +4 51
+4 * 51
+3 +1 51
fe=(19)
+4 +78 51
+3 * 51
fi=(20)
-14 -79 38
+4 * 38
+3 +1 38
fe=(19)
+4 +78 38
+3 * 38
+2 +3 345
jfi=(20)
jcnd=63/345 +64 -76 
* * 
fi=(20)
+2 -84 282
+3 * 282
jfi=(19)
jcnd=26/282 -88 131 
* * 
+2 * 256
+3 +2 256
+4 * 256
+3 +1 256
fe=(19)
+4 +78 256
+3 * 256
jcnd=256/256 -24 +3 
* * 
+33 +15 15
+2 246 15
+1 * 15
+1 * 15
+2 * 15
-4 * 11
+1 * 11
+1 * 11
+2 * 11
fi=(20)
+1 37 63
+4 -8 63
+3 * 63
jcnd=38/63 -87 +2 
* * 
+2 * 25
jfi=(19)
jump=25 0x18c7d 131 
* * 
fe=(19)
+8 155 12
+5 * 12
+2 * 12
+2 +3 12
+2 * 12
+3 * 12
+2 -6 12
+2 * 12
+4 * 12
jcnd=3/12 0x18ee0 +3 
* * 
+6 * 9
+3 * 9
jcnd=2/9 0x18ea0 +3 
* * 
+6 +3 7
+6 * 7
jump=7 +26 +7 
* * 
+4 +9 7
+3 * 7
+2 +23 19
+3 -32 19
+3 * 19
+2 * 19
+2 +3 19
+2 * 19
+3 * 19
jcnd=1/19 -91 -33 
* * 
+2 +4 25
+3 * 25
+3 +2 25
+3 * 25
+4 * 25
+3 * 25
jcnd=7/25 -38 * 
* * 
+2 +2 18
+3 * 18
jcnd=11/18 +7 +2 
* * 
+2 * 7
+3 * 7
jcnd=7/7 -43 +21 
* * 
+2 +2 11
+3 * 11
jcnd=4/11 0x18e28 +1 
* * 
+6 * 7
+4 * 7
jcnd=4/7 0x18e28 +1 
* * 
+6 +4 11
+7 +2 11
+3 * 11
jcnd=4/11 +79 +2 
* * 
+2 +6 7
+3 * 7
jcnd=3/7 0x18e50 +1 
* * 
+6 +3 4
+3 * 4
+6 +1 4
+6 * 4
+4 * 4
jump=4 0x18d0b +62 
* * 
+49 -8 4
+2 +2 4
+2 -1 4
+3 -1 4
+3 +2 4
+6 * 4
+3 -2 4
+3 +3 4
+3 * 4
+3 * 4
+3 -2 4
+2 * 4
+6 * 4
+3 +2 4
+3 * 4
jump=4 0x18d0b +67 
* * 
+13 -10 8
+3 * 8
jcnd=4/8 +12 +1 
* * 
+2 * 4
+4 * 4
jcnd=3/4 0x18d95 +3 
* * 
+6 +1 5
+3 * 5
jcnd=5/5 0x18d55 +17 
* * 
+22 +11 3
+2 * 3
+3 * 3
+3 * 3
jump=3 0x18d0b +65 
* * 
+72 -26 2
+5 * 2
jump=2 +26 +7 
* * 
+2 +9 2
+2 * 2
+2 +23 2
+3 -32 2
+2 * 2
+2 * 2
+2 +3 2
+2 * 2
+3 * 2
+6 +4 4
+3 * 4
+3 +2 4
+3 * 4
+3 * 4
+3 * 4
jcnd=2/4 -39 * 
* * 
+2 +2 2
+3 * 2
+2 * 2
+2 * 2
jcnd=2/2 0x18d95 +6 
* * 
+9 -11 3
+5 +7 3
+3 * 3
+3 +2 3
+3 * 3
+2 * 3
+3 * 3
jcnd=3/3 0x18d95 +8 
* * 

fl=(53)
fn=(162)
0xd690 68 14
+4 * 14
+1 * 14
+3 * 14
+1 * 14
+3 * 14
+4 +1 14
+4 * 14
cfi=(32)
cfn=(90)
calls=14 0x27220 +39 
* * 500
+5 * 14
+2 * 14
+2 +3 14
+4 +2 14
+3 * 14
jcnd=14/14 +21 +1 
* * 
+12 +6 15
+4 -6 15
+3 * 15
jcnd=11/15 +33 +9 
* * 
+2 +1 18
+3 * 18
+3 * 18
cfi=(32)
cfn=(90)
calls=18 0x27220 +33 
* * 767
+5 * 18
+2 * 18
jcnd=15/18 -22 +5 
* * 
+2 +8 3
+4 -13 3
+5 +13 3
+1 * 3
+1 * 3
+5 * 11
+4 -1 11
+2 +1 11
+1 * 11
+1 * 11

fn=(212)
0xd600 36 1
+4 * 1
+2 +3 1
+2 -3 1
+3 * 1
+2 * 1
+7 * 1
+1 * 1
+1 * 1
+3 +3 1
+5 -3 1
+7 +3 1
cfi=(55)
cfn=(170)
calls=1 0x26ae0 -11 
* * 19
+5 +1 1
+2 * 1
jcnd=1/1 +20 +2 
* * 
+2 +23 1
+7 * 1
+3 * 1
+1 * 1
+1 * 1
+2 * 1
+2 * 1
+2 -21 1
+3 * 1
+2 * 1
+2 * 1
cfi=(58)
cfn=(184)
calls=1 0x26880 -13 
* * 15
+5 * 1
+2 * 1
+2 +2 1
+5 * 1
+3 +3 1
+3 * 1
jcnd=1/1 +21 +2 
* * 
+9 +13 1
+2 * 1
cfi=(64)
cfn=(198)
calls=1 0x269d0 -35 
* * 6
+5 * 1
jump=1 -61 +3 
* * 
+5 -11 1
+3 * 1
+3 * 1
+5 * 1
+3 * 1
+2 * 1
cfi=(60)
cfn=(188)
calls=1 0x26ca0 -2 
* * 9
+5 * 1
+3 * 1
jump=1 -36 +11 
* * 

fl=(59)
fn=(186)
0x268d0 153 3
+4 * 3
+3 -55 3
+5 * 3
+2 +70 3
+5 * 3
+2 * 3
+2 +1 3

fl=(55)
fn=(170)
0x26ae0 28 3
+4 +3 3
+3 -3 3
+5 * 3
+3 * 3
+3 +3 3
+4 * 3
+2 * 3
+2 * 3
+5 * 3
+5 * 3
+2 +8 3
+3 * 3
+3 * 3
+5 * 3
+5 * 3
+2 * 3
+6 * 3
+2 +2 3

ob=(3)
fl=(106)
fn=(340)
0xc5470 43 1
+4 -6 1
+7 * 1
+7 * 1
+7 * 1
+7 * 1
+4 +6 1

fl=(96)
fn=(314)
0xa8960 28 1
fi=(83) ./string/../sysdeps/x86_64/multiarch/ifunc-avx2.h
+4 +5 1
+7 * 1
+7 * 1
+6 * 1
+2 * 1
+6 -1 1
+6 * 1
jcnd=1/1 +10 +2 
* * 
+10 +2 1
+6 * 1
+3 * 1
+2 +2 1
+2 * 1
+2 +4 1
+7 * 1
+3 * 1
+2 +3 1
+3 * 1
+7 * 1
+7 * 1
fe=(96)
+4 -15 1

fl=(113)
fn=(356)
0xb1570 29 1
fi=(83)
+4 +4 1
+7 * 1
+7 * 1
+6 * 1
+2 * 1
+6 -1 1
+6 * 1
jcnd=1/1 +10 +2 
* * 
+10 +2 1
+6 * 1
+3 * 1
+2 +2 1
+2 * 1
+2 +4 1
+7 * 1
+3 * 1
+2 +3 1
+3 * 1
+7 * 1
+7 * 1
fe=(113)
+4 -14 1

fl=(176) ./malloc/./malloc/morecore.c
fn=(598) __glibc_morecore
0xa25b0 25 2
+4 +1 2
+7 * 2
+2 -1 2
+4 +4 2
cfi=(177) ./misc/./misc/sbrk.c
cfn=(600) sbrk
calls=2 0x11a860 +8 
* * 67
+5 +1 2
+4 * 2
+2 +4 2
+4 * 2

fl=(97)
fn=(318)
0xa95a0 29 3
fi=(92) ./string/../sysdeps/x86_64/multiarch/ifunc-memmove.h
+4 +24 3
+7 * 3
+7 * 3
+6 -1 3
+3 * 3
+2 +4 3
+6 * 3
+6 * 3
+2 +14 3
+3 * 3
+2 +2 3
+2 * 3
+6 +8 3
+6 * 3
jcnd=3/3 +34 +8 
* * 
+34 +8 3
+3 * 3
jcnd=3/3 0xa96a8 +2 
* * 
0xa96a8 +2 3
+6 * 3
+7 * 3
+7 * 3
+4 * 3
fe=(97)

fl=(125)
fn=(392)
0xa97d0 33 1
fi=(92)
+4 +20 1
+7 * 1
+7 * 1
+6 -1 1
+3 * 1
+2 +4 1
+6 * 1
+6 * 1
+2 +14 1
+3 * 1
+2 +2 1
+2 * 1
+6 +8 1
+6 * 1
jcnd=1/1 +34 +8 
* * 
+34 +8 1
+3 * 1
jcnd=1/1 0xa98d8 +2 
* * 
0xa98d8 +2 1
+6 * 1
+7 * 1
+7 * 1
+4 * 1
fe=(125)

fl=(152) ./stdlib/./stdlib/cxa_atexit.c
fn=(496) __cxa_atexit
0x458c0 69 1
+4 * 1
+2 * 1
+5 * 1
+5 * 1
+1 * 1
+4 * 1
+1 * 1
+4 * 1
+4 -28 1
+3 * 1
+6 +2 1
+7 * 1
+3 * 1
+2 * 1
+5 * 1
+5 * 1
+2 +1 1
+7 * 1
cfn=(498) __new_exitfn
calls=1 0x456d0 +38 
* * 32
+5 +2 1
+3 * 1
+2 +10 1
+5 +2 1
+7 -5 1
+3 * 1
+9 * 1
+4 +3 1
+4 -1 1
+4 +4 1
+2 * 1
+3 +1 1
+3 -1 1
+3 * 1
+2 +12 1
+4 * 1
+3 * 1
+1 * 1
+1 * 1
+2 * 1

fn=(498)
0x456d0 82 1
+4 +6 1
+7 * 1
+6 -6 1
+1 * 1
+1 * 1
+3 * 1
+4 +11 1
+3 * 1
+3 * 1
+6 * 1
+3 -10 1
+2 * 1
+5 +12 1
+4 * 1
jump=1 +34 * 
* * 
+34 * 1
+3 * 1
+2 -2 1
+3 +10 1
+8 -10 1
+3 * 1
+3 * 1
jcnd=1/1 0x457a0 +32 
* * 
+38 +45 1
+7 +5 1
+3 -4 1
+8 +4 1
+4 * 1
+1 * 1
+1 * 1
+38 -18 1
+8 -1 1
+4 +1 1
jump=1 -74 +13 
* * 

fl=(119)
fn=(378)
0xc5a40 29 1
fi=(120) ./wcsmbs/../sysdeps/x86_64/multiarch/ifunc-memcmp.h
+4 +5 1
+7 * 1
+6 +1 1
+6 -1 1
+3 * 1
+2 +1 1
+6 * 1
jcnd=1/1 +46 +1 
* * 
+46 +1 1
+3 * 1
+2 +1 1
+6 * 1
+6 * 1
+2 +2 1
+2 * 1
+2 +4 1
+7 * 1
+3 * 1
+2 +3 1
+6 * 1
+7 * 1
fe=(119)
+2 -17 1

fl=(121)
fn=(382)
0xa9950 33 1
fi=(100) ./string/../sysdeps/x86_64/multiarch/ifunc-strcpy.h
+4 +3 1
+7 * 1
+6 +1 1
+6 -1 1
+3 * 1
+2 +1 1
+6 * 1
jcnd=1/1 +46 +2 
* * 
+46 +2 1
+2 * 1
+2 +4 1
+7 * 1
+3 * 1
+2 +3 1
+7 * 1
+6 * 1
fe=(121)
+2 -13 1

fl=(85)
fn=(290)
0xa82e0 65 1
+4 -24 1
+7 * 1
+6 +1 1
+6 -1 1
+3 * 1
+2 +1 1
+6 * 1
jcnd=1/1 +46 +2 
* * 
+46 +2 1
+2 * 1
+2 +5 1
+7 * 1
+3 * 1
+2 +3 1
+7 * 1
+6 * 1
+2 +13 1

fl=(117)
fn=(370)
0xa86a0 29 2
fi=(83)
+4 +4 2
+7 * 2
+7 * 2
+6 * 2
+2 * 2
+6 -1 2
+6 * 2
jcnd=2/2 +10 +2 
* * 
+10 +2 2
+6 * 2
+3 * 2
+2 +2 2
+2 * 2
+2 +4 2
+7 * 2
+3 * 2
+2 +3 2
+3 * 2
+7 * 2
+7 * 2
fe=(117)
+4 -14 2

fl=(118)
fn=(374)
0xa88d0 29 1
fi=(100)
+4 +7 1
+7 * 1
+6 +1 1
+6 -1 1
+3 * 1
+2 +1 1
+6 * 1
jcnd=1/1 +46 +2 
* * 
+46 +2 1
+2 * 1
+2 +4 1
+7 * 1
+3 * 1
+2 +3 1
+7 * 1
+6 * 1
fe=(118)
+2 -17 1

fl=(143) ./nptl/../sysdeps/unix/sysv/linux/x86/elision-conf.c
fn=(454) __lll_elision_init
0x90c50 96 1
+4 * 1
+1 +5 1
+5 -5 1
+4 +5 1
+7 -5 1
+9 * 1
+5 * 1
+2 +5 1
+5 * 1
+3 * 1
cob=(2)
cfi=(50)
cfn=(442) 0x000000000487e650
calls=1 0x487e650 0 
* * 22
+5 +2 1
+7 * 1
+3 * 1
+5 * 1
cob=(2)
cfi=(50)
cfn=(442)
calls=1 0x487e650 0 
* * 22
+5 +2 1
+7 * 1
+3 * 1
+5 * 1
cob=(2)
cfi=(50)
cfn=(442)
calls=1 0x487e650 0 
* * 22
+5 +2 1
+7 * 1
+3 * 1
+5 * 1
cob=(2)
cfi=(50)
cfn=(442)
calls=1 0x487e650 0 
* * 22
+5 +2 1
+7 * 1
+3 * 1
+5 * 1
cob=(2)
cfi=(50)
cfn=(442)
calls=1 0x487e650 0 
* * 22
+5 +4 1
+6 * 1
+2 * 1
+2 +1 1
+10 +1 1
+5 * 1
+9 * 1
+2 * 1
+4 * 1
+1 * 1

fl=(188) ./libio/./libio/strops.c
fn=(708) _IO_str_init_static_internal
0x8f9b0 36 200
+4 * 200
+2 * 200
+5 * 200
+3 * 200
+2 * 200
+4 * 200
+3 * 200
+2 * 200
+3 * 200
+1 * 200
+1 * 200
+3 * 200
+4 * 200
+4 +4 200
+3 * 200
jcnd=200/200 0x8fa50 +2 
* * 
+15 +6 200
+2 * 200
+3 * 200
+3 * 200
+3 * 200
cfi=(161) ./libio/./libio/genops.c
cfn=(604) _IO_setb
calls=200 0x8dc20 329 
* * 4800
+5 +5 200
+3 * 200
+2 * 200
+3 -1 200
+5 * 200
+5 * 200
+5 * 200
+5 +14 200
+11 -14 200
+4 * 200
+5 * 200
+5 * 200
+4 * 200
+5 * 200
+5 +15 200
+4 * 200
+1 * 200
+1 * 200
+2 * 200
+2 * 200
+2 * 200
+6 -23 200
+3 +1 200
+7 * 200
+3 * 200
+4 * 200
+3 * 200
jump=200 0x8f9eb +3 
* * 

fl=(175) ./stdlib/../sysdeps/unix/sysv/linux/getrandom.c
fn=(586) getrandom
0x46c70 28 1
+4 +1 1
+8 * 1
+2 * 1
+2 * 1
+5 * 1
+2 * 1
+6 * 1
+2 +1 1

fl=(82)
fn=(284)
0xa8720 31 2
fi=(83)
+4 +2 2
+7 * 2
+7 * 2
+6 * 2
+2 * 2
+6 -1 2
+6 * 2
jcnd=2/2 +10 +2 
* * 
+10 +2 2
+6 * 2
+3 * 2
+2 +2 2
+2 * 2
+2 +4 2
+7 * 2
+3 * 2
+2 +3 2
+3 * 2
+7 * 2
+7 * 2
fe=(82)
+4 -12 2

fl=(183) ./stdlib/./stdlib/random_r.c
fn=(680) random_r
0x466c0 354 100
+4 +3 100
+3 * 100
+2 * 100
+3 * 100
+2 +5 100
+4 -2 100
+4 +2 100
+3 * 100
jcnd=100/100 +31 +8 
* * 
+31 +8 100
+3 +1 100
+4 +1 100
+4 +3 100
+3 * 100
+2 +3 100
+4 +4 100
+4 -7 100
+3 +2 100
+2 * 100
+2 +2 100
+3 * 100
jcnd=3/100 +13 +11 
* * 
+2 +8 97
+3 * 97
jcnd=94/97 +33 +11 
* * 
+2 -27 3
+3 +27 3
+3 +3 3
+5 * 3
+5 +3 3
+3 -3 3
+4 +8 3
+3 -8 3
+3 +8 3
-23 -8 97
+5 * 97
+5 +3 97
+3 -3 97
+4 +8 97
+3 -8 97
+3 +8 97
+2 * 94
+3 * 94
jump=94 -28 -8 
* * 

fn=(672) srandom_r
0x462c0 162 1
+4 +8 1
+3 * 1
+6 +2 1
+3 +1 1
+3 * 1
+6 +7 1
+2 * 1
+5 -4 1
+4 +4 1
+3 * 1
+3 +1 1
+2 * 1
+6 +5 1
+4 +16 1
+3 +1 1
+4 -16 1
+3 * 1
+6 * 1
+5 * 1
+3 * 1
+2 +5 1
+3 * 1
+2 * 1
+7 * 1
+3 * 1
+4 * 1
+2 * 1
+3 * 1
+2 +2 1
+6 -1 1
+6 * 1
+2 +1 1
+6 * 1
+3 +2 1
+2 * 1
+6 * 1
+3 +1 1
+4 * 1
+3 -10 1
+3 * 1
jcnd=1/1 -70 +5 
* * 
-70 +5 29
+3 * 29
+2 * 29
+7 * 29
+3 * 29
+4 * 29
+2 * 29
+3 * 29
+2 +2 29
+6 -1 29
+6 * 29
+2 +1 29
+6 * 29
+3 +2 29
+2 * 29
+6 * 29
+3 +1 29
+4 * 29
+3 -10 29
+3 * 29
jcnd=28/29 -70 +5 
* * 
+2 +13 1
+4 * 1
+5 * 1
+4 * 1
+5 * 1
+4 * 1
+3 +3 1
jump=1 +32 362 
* * 
+32 362 310
+3 * 310
+2 * 310
+2 +9 310
+4 -1 310
+3 +2 310
+4 +3 310
+3 * 310
+3 +3 310
+4 +4 310
+4 -3 310
+3 * 310
jcnd=10/310 +44 210 
* * 
+2 +8 300
+3 * 300
+4 +3 300
+5 * 300
+5 * 300
+4 * 300
+3 203 300
+3 * 300
jcnd=299/300 -64 362 
* * 
-20 390 10
+5 * 10
+5 * 10
+4 * 10
+3 203 10
+3 * 10
jcnd=10/10 -64 362 
* * 
+2 +7 1
+2 * 1
+11 * 10
+3 * 10
jump=10 -38 390 
* * 

fl=(95)
fn=(312)
0xa8260 61 1
+4 -20 1
+7 * 1
+6 +1 1
+6 -1 1
+2 * 1
+5 -1 1
+5 * 1
jcnd=1/1 +29 +2 
* * 
+29 +2 1
+3 * 1
+2 +2 1
+2 * 1
+2 +4 1
+7 * 1
+3 * 1
+2 +3 1
+7 * 1
+3 * 1
+2 +10 1

fl=(190) ./stdlib/./stdlib/exit.c
fn=(724) __run_exit_handlers
0x45390 40 1
+4 * 1
+2 * 1
+2 * 1
+2 * 1
+2 * 1
+3 * 1
+1 * 1
+2 * 1
+1 * 1
+4 * 1
+4 +5 1
+2 * 1
jcnd=1/1 0x455c4 +1 
* * 
+6 +3 1
+7 * 1
+2 * 1
+5 * 1
+5 * 1
+6 +50 1
+2 -42 1
+4 +2 1
+3 * 1
+6 * 1
+5 +8 1
+4 * 1
+3 * 1
-7 * 1
+4 * 1
+3 * 1
jcnd=1/1 0x45500 +58 
* * 
+6 +2 1
+4 +3 1
+3 -3 1
+4 +3 1
+4 * 1
+5 * 1
+4 * 1
+6 * 1
+4 * 1
jcnd=1/1 +81 +34 
* * 
+81 +34 1
+3 +1 1
+4 +1 1
+4 -2 1
+8 +7 1
+2 -3 1
+4 * 1
+9 +3 1
+3 * 1
+3 * 1
+6 +1 1
+2 * 1
+3 * 1
cob=(1)
cfi=(192)
cfn=(728)
calls=1 0x6040 -82 
* * 902
+2 +1 1
+5 * 1
+2 * 1
+5 * 1
jcnd=1/1 0x453e0 -48 
* * 
+95 +10 1
+3 * 1
+4 +1 1
+3 * 1
+6 -63 1
+7 +69 1
+2 * 1
+3 * 1
+3 * 1
+6 +2 1
+5 * 1
+2 +1 1
+7 * 1
+7 * 1
+3 * 1
+2 * 1
+1 * 1
cfi=(161)
cfn=(778) _IO_cleanup
calls=1 0x8eb50 863 
* * 365
+2 * 1
+4 * 1
+3 * 1
+2 +2 1
+2 * 1
cfi=(198) ./posix/../sysdeps/unix/sysv/linux/_exit.c
cfn=(792) _Exit
calls=1 0xeac00 27 
* * 5
0x455c4 -90 1
cfi=(191) ./stdlib/./stdlib/cxa_thread_atexit_impl.c
cfn=(726) __call_tls_dtors
calls=1 0x45d60 149 
* * 12
+5 * 1
jump=1 0x453b3 +2 
* * 

fn=(722) exit
0x455f0 142 1
+4 * 1
+1 * 1
+1 +1 1
+5 * 1
+5 * 1
+7 -1 1
+4 +1 1
cfn=(724)
calls=1 0x45390 40 
* * 1363

fl=(127)
fn=(398)
0xaaf80 31 1
fi=(123) ./string/../sysdeps/x86_64/multiarch/ifunc-evex.h
+4 +4 1
+7 * 1
+7 * 1
+6 * 1
+2 * 1
+6 -1 1
+6 * 1
jcnd=1/1 +10 +2 
* * 
+10 +2 1
+6 * 1
+3 * 1
+2 +5 1
+2 * 1
+6 -3 1
+2 * 1
+2 +9 1
+7 * 1
+2 * 1
+2 +3 1
+3 * 1
+7 * 1
+7 * 1
fe=(127)
+4 -19 1

fl=(191)
fn=(726)
0x45d60 149 1
+4 * 1
+1 * 1
+1 * 1
+4 +1 1
+7 * 1
+4 * 1
+3 * 1
jcnd=1/1 +69 +18 
* * 
+69 +18 1
+4 * 1
+1 * 1
+1 * 1

fl=(93)
fn=(308)
0xc5370 31 2
fi=(94) ./wcsmbs/../sysdeps/x86_64/multiarch/ifunc-avx2.h
+4 +2 2
+7 * 2
+7 * 2
+6 * 2
+2 * 2
+6 -1 2
+6 * 2
jcnd=2/2 +10 +2 
* * 
+10 +2 2
+6 * 2
+3 * 2
+2 +2 2
+2 * 2
+2 +4 2
+7 * 2
+3 * 2
+2 +3 2
+3 * 2
+7 * 2
+7 * 2
fe=(93)
+4 -12 2

fl=(137) ./ctype/./ctype/ctype-info.c
fn=(434) __ctype_init
0x3a3c0 29 1
+4 +2 1
+7 * 1
+7 * 1
+4 * 1
+3 * 1
+4 * 1
+7 * 1
+4 +2 1
+4 * 1
+7 * 1
+7 * 1
+4 +2 1
+4 * 1
+7 * 1
+6 * 1
+4 +1 1

fl=(147) ./misc/./misc/init-misc.c
fn=(482) __init_misc
0x1258f0 30 1
+4 +1 1
+3 * 1
+2 -1 1
+1 * 1
+1 * 1
+3 * 1
+4 +1 1
+3 * 1
+3 * 1
+2 +2 1
+3 * 1
+5 * 1
cob=(2)
cfi=(50)
cfn=(484) 0x000000000487e5f0
calls=1 0x487e5f0 -33 
* * 30
+5 +4 1
+4 * 1
+3 * 1
+7 * 1
+4 * 1
+3 +1 1
+7 * 1
+3 * 1
+3 +2 1
+4 * 1
+1 * 1
+1 * 1

fl=(101)
fn=(330)
0xc59b0 31 2
fi=(102) ./wcsmbs/../sysdeps/x86_64/multiarch/ifunc-evex.h
+4 +4 2
+7 * 2
+7 * 2
+6 * 2
+2 * 2
+6 -1 2
+6 * 2
jcnd=2/2 +10 +2 
* * 
+10 +2 2
+6 * 2
+3 * 2
+2 +5 2
+2 * 2
+6 -3 2
+2 * 2
+2 +9 2
+7 * 2
+2 * 2
+2 +3 2
+3 * 2
+7 * 2
+7 * 2
fe=(101)
+4 -19 2

fl=(146)
fn=(480)
0x29c30 46 1
+4 * 1
+1 * 1
+2 * 1
+4 +5 1
+7 * 1
+2 +4 1
+7 * 1
+3 * 1
+7 * 1
+4 * 1
+2 +8 1
+7 -2 1
+6 +10 1
+2 -9 1
+7 +1 1
+3 +9 1
+4 * 1
+1 -1 1
cfi=(147)
cfn=(482)
calls=1 0x1258f0 -41 
* * 55

fl=(153) ./csu/../sysdeps/nptl/libc_start_call_main.h
fn=(516) (below main)
0x29d10 29 1
+1 * 1
+1 * 1
+7 * 1
+5 +15 1
+5 -15 1
+4 * 1
+5 * 1
+9 * 1
+8 * 1
+2 +15 1
cfi=(154) ./setjmp/../sysdeps/x86_64/bsd-_setjmp.S
cfn=(518) _setjmp
calls=1 0x421e0 -16 
* * 34
+5 * 1
+4 +2 1
+2 * 1
+2 +5 1
+9 * 1
+5 +1 1
+9 * 1
+5 +3 1
+5 * 1
+9 +3 1
+7 * 1
+4 * 1
+5 * 1
+3 * 1
+5 * 1
cob=(5)
cfi=(157) /home/forgrademe/learn/lcthw/exercise/ex40/liblcthw/tests/bstree_tests.c
cfn=(524) main
calls=1 0x3340 168 
* * 1387179

fl=(149)
fn=(488)
0x29ca0 83 1
+4 +1 1
+7 * 1
+7 * 1
+7 * 1
jcnd=1/1 +30 +1 
* * 
+30 +1 1
+7 * 1
+7 * 1
+2 +1 1
+7 * 1
+7 * 1
+2 +2 1

fl=(161)
fn=(552) _IO_doallocbuf
0x8dc90 343 2
+4 +1 2
+5 * 2
jcnd=2/2 +7 -1 
* * 
+7 -1 2
+2 * 2
+1 * 2
+1 +3 2
+2 * 2
+3 * 2
+2 * 2
jcnd=1/2 +12 +1 
* * 
+2 * 1
+6 * 1
+2 * 1
jcnd=1/1 0x8dd20 +3 
* * 
+2 +1 1
fi=(166) ./libio/./libio/libioP.h
+7 940 1
+7 * 1
+7 * 1
+3 +2 1
+3 * 1
+3 +1 1
+3 * 1
fe=(161)
+2 347 1
+3 * 1
cfi=(170) ./libio/./libio/filedoalloc.c
cfn=(570) _IO_file_doallocate
calls=1 0x7eb10 78 
* * 1920
+3 * 1
+3 * 1
jcnd=1/1 +54 +3 
* * 
+31 -10 1
+3 -5 1
+5 * 1
+5 +5 1
+2 -5 1
+4 * 1
+4 +18 1
+1 * 1
+1 * 1
+2 * 1
-4 * 1
+1 * 1
+1 * 1
+2 * 1
+3 -1 1
+7 * 1
+7 -19 1
jump=1 -44 +7 
* * 

fn=(538) _IO_default_xsputn
0x8ddc0 371 685
+4 +3 685
+3 * 685
jcnd=300/685 0x8dfa0 +19 
* * 
+6 -3 385
+2 * 385
+3 * 385
+3 * 385
+2 * 385
+3 * 385
+2 * 385
+3 * 385
fi=(166)
+2 940 385
fe=(161)
+7 371 385
fi=(166)
+1 940 385
fe=(161)
+7 371 385
fi=(166)
+1 940 385
fe=(161)
+3 371 385
+4 * 385
jump=385 +72 +8 
* * 
+8 +18 384
+3 * 384
jcnd=384/384 0x8dec8 +4 
* * 
+6 +8 384
+3 +2 384
+3 * 384
jcnd=384/384 0x8deb3 +5 
* * 
-3 * 15
+3 * 15
jcnd=1/15 0x8deb3 +5 
* * 
+6 * 14
fi=(166)
+7 942 14
+3 * 14
+3 +1 14
+3 * 14
fe=(161)
+2 399 14
+3 * 14
+4 * 14
+3 * 14
cfi=(165) ./libio/./libio/fileops.c
cfn=(550) _IO_file_overflow@@GLIBC_2.2.5
calls=14 0x8cdc0 731 
* * 591
+3 * 14
+3 * 14
+2 +2 14
+4 -22 14
+3 * 14
+4 * 14
+4 * 14
+3 * 14
jcnd=14/14 -63 +20 
* * 
-11 * 385
+4 * 385
+4 * 385
+3 * 385
jcnd=1/385 -63 +20 
* * 
+2 +2 384
+3 * 384
+3 * 384
+4 +3 384
+4 * 384
jcnd=384/384 -91 +5 
* * 
+88 +20 385
+4 -29 385
+3 +29 385
+1 * 385
+1 * 385
+2 * 385
+2 * 385
+2 * 385
+2 * 385
+4 -11 384
+4 * 384
+3 * 384
+4 * 384
+3 * 384
+4 * 384
+6 * 384
+4 * 384
jcnd=155/384 0x8dfa8 * 
* * 
+6 * 229
+4 * 229
jcnd=215/229 0x8df7a +1 
* * 
+6 +1 14
+4 -1 14
+4 * 14
+4 * 14
+4 +1 14
+3 -1 14
+4 * 14
+2 +1 217
+4 * 217
+3 -1 217
+3 * 217
jcnd=83/217 +84 +1 
* * 
+2 +1 134
+5 * 134
+4 -1 134
+4 * 134
jcnd=110/134 +69 +1 
* * 
+2 +1 24
+5 * 24
+4 -1 24
+4 * 24
jcnd=5/24 +54 +1 
* * 
+2 +1 19
+5 * 19
+4 -1 19
+4 * 19
jcnd=15/19 +39 +1 
* * 
+2 +1 4
+5 * 4
+4 -1 4
+4 * 4
jcnd=3/4 +24 +1 
* * 
+2 +1 1
+5 * 1
+4 -1 1
+4 * 1
jcnd=1/1 +9 +1 
* * 
+9 +1 384
+3 * 384
+3 * 384
+4 * 384
jump=384 0x8de09 +3 
* * 
+5 * 215
+3 * 215
+4 * 215
+4 * 215
+3 -1 215
+4 * 215
+4 * 215
jcnd=203/215 0x8df0d +1 
* * 
+6 * 12
jump=12 -43 +1 
* * 
+10 * 300
+2 +11 300
+6 -11 155
+2 * 155
+6 +1 155
+4 * 155
+3 -1 155
+4 * 155
+3 * 155
jcnd=131/155 -14 +1 
* * 
-14 +1 519
+4 * 519
+3 -1 519
+4 * 519
+3 * 519
jcnd=388/519 -14 +1 
* * 
+2 * 155
jump=155 -85 +1 
* * 

fn=(604)
0x8dc20 329 201
+4 * 201
+1 * 201
+5 * 201
+5 * 201
+2 * 201
+1 * 201
+3 * 201
+4 * 201
+4 +1 201
+4 * 201
+2 * 201
+3 * 201
jcnd=201/201 +6 +5 
* * 
+6 +5 201
+2 * 201
+3 -3 201
+4 +3 201
+3 * 201
+2 * 201
+3 * 201
+2 +3 201
+4 * 201
+1 * 201
+1 * 201

fn=(704) _IO_no_init
0x8e650 563 200
+4 * 200
+2 * 200
+3 * 200
+2 * 200
+3 * 200
+1 * 200
+3 * 200
+1 * 200
+3 * 200
+4 +1 200
cfn=(706) _IO_old_init
calls=200 0x8e5e0 -33 
* * 4600
+5 +1 200
+7 +1 200
+3 * 200
jcnd=200/200 +71 +20 
* * 
+47 +21 200
+11 +1 200
+4 * 200
+1 * 200
+1 * 200
+2 * 200
+2 * 200
+3 -2 200
+11 * 200
jump=200 -35 +1 
* * 

fn=(780) _IO_flush_all_lockp
0x8e8e0 686 1
+4 * 1
+2 * 1
+2 * 1
+3 * 1
+2 * 1
+2 * 1
+1 * 1
+1 * 1
+4 * 1
+9 * 1
+5 * 1
+2 +5 1
+5 * 1
+7 * 1
+9 * 1
+3 * 1
+5 * 1
cfi=(164) ./nptl/./nptl/libc-cleanup.c
cfn=(546) __libc_cleanup_push_defer
calls=1 0x911c0 24 
* * 10
+5 +1 1
+9 * 1
+7 * 1
+2 * 1
+2 * 1
+5 * 1
+8 * 1
+6 * 1
+7 * 1
+6 +3 1
+7 -8 1
+3 +5 1
+3 * 1
+6 +3 1
+3 * 1
fi=(166)
+6 940 1
+7 * 1
+7 * 1
+3 * 1
jfi=(161)
jump=1 0x8ea1c 697 
* * 
fe=(161)
+70 709 3
+3 * 3
jcnd=3/3 +55 +2 
* * 
+55 +2 3
+11 -16 3
+4 * 3
+3 * 3
jcnd=1/3 0x8ea90 +20 
* * 
+2 +2 3
+7 +1 3
+3 * 3
jcnd=3/3 +64 +3 
* * 
+64 +3 3
+7 * 3
+2 * 3
+6 * 3
+4 * 3
+4 * 3
+6 * 3
jump=3 0x8e9ce +8 
* * 
+13 +14 1
+6 * 1
+3 * 1
+6 * 1
+2 * 1
+2 * 1
+11 * 1
+6 * 1
+3 * 1
+2 +1 1
+3 * 1
cfi=(164)
cfn=(562) __libc_cleanup_pop_restore
calls=1 0x91200 39 
* * 8
+5 +4 1
+5 * 1
+9 * 1
+2 * 1
+4 * 1
+3 * 1
+1 * 1
+1 * 1
+2 * 1
+2 * 1
+2 * 1
+2 * 1

fn=(716) __overflow
0x8d800 199 1
+4 * 1
+1 * 1
+4 +2 1
+6 * 1
+2 * 1
jcnd=1/1 +12 +2 
* * 
+12 +2 1
fi=(166)
+7 940 1
+7 * 1
+7 * 1
+3 +2 1
+3 * 1
+3 +1 1
+3 * 1
fe=(161)
+2 203 1
+4 +1 1
+4 * 1
+1 -1 1
cfi=(165)
cfn=(550)
calls=1 0x8cdc0 731 
* * 149

fn=(706)
0x8e5e0 531 200
+4 +3 200
+6 -2 200
+6 +2 200
+2 +5 200
+4 -7 200
+2 +2 200
+2 +10 200
+8 -10 200
+3 +16 200
+2 -11 200
+4 -5 200
+3 +16 200
+7 -16 200
+3 +21 200
+7 -16 200
+4 * 200
+4 * 200
+4 * 200
+4 * 200
+4 +16 200
+3 * 200
jcnd=200/200 +17 +3 
* * 
+17 +3 200

fn=(788) _IO_default_setbuf
0x8e3b0 452 1
+4 * 1
fi=(166)
+2 940 1
fe=(161)
+7 452 1
+2 * 1
fi=(166)
+3 940 1
fe=(161)
+7 452 1
fi=(166)
+1 940 1
fe=(161)
+3 452 1
+3 * 1
+1 * 1
+3 * 1
+4 +1 1
fi=(166)
+7 942 1
+3 * 1
+3 +1 1
+3 * 1
fe=(161)
+6 453 1
+3 * 1
cfi=(165)
cfn=(790) _IO_file_sync@@GLIBC_2.2.5
calls=1 0x8a430 792 
* * 18
+4 * 1
+3 * 1
+6 +4 1
+2 330 1
+4 462 1
+2 -7 1
+3 * 1
jcnd=1/1 +87 +2 
* * 
+25 332 1
+5 * 1
+5 +5 1
+3 -5 1
+4 +5 1
+2 467 1
+3 332 1
+4 466 1
+4 * 1
+4 * 1
+4 * 1
+4 +2 1
+4 * 1
+1 * 1
+1 * 1
+2 * 1
+2 * 1
+10 -11 1
+3 +1 1
+7 * 1
+7 -1 1
+2 330 1
+3 * 1
+2 * 1
+3 * 1
jcnd=1/1 -89 +2 
* * 

fn=(778)
0x8eb50 863 1
+4 * 1
+2 +3 1
+2 -3 1
+2 * 1
+2 * 1
+2 * 1
+1 * 1
+1 * 1
+4 * 1
+9 * 1
+5 * 1
+2 -77 1
+5 +80 1
cfn=(780)
calls=1 0x8e8e0 686 
* * 126
+5 -80 1
+3 * 1
+9 +80 1
+3 -80 1
+7 * 1
+5 * 1
cfi=(164)
cfn=(546)
calls=1 0x911c0 24 
* * 10
+5 +1 1
+9 * 1
+7 * 1
+2 * 1
+2 * 1
+5 * 1
+8 * 1
+6 * 1
+7 * 1
+6 +3 1
+7 -3 1
+3 * 1
+6 +3 1
+3 * 1
fi=(166)
+6 940 1
+7 * 1
+7 * 1
+3 * 1
jfi=(161)
jump=1 +28 799 
* * 
fe=(161)
+4 838 3
+11 -48 3
+4 * 3
+3 * 3
jcnd=1/3 0x8ed08 +52 
* * 
+6 +9 3
+3 * 3
+4 * 3
jcnd=1/3 -31 +39 
* * 
+2 +2 2
+7 * 2
+2 * 2
jcnd=1/2 -42 +37 
* * 
+2 +6 1
+7 * 1
+3 * 1
+2 * 1
+9 * 1
+4 * 1
+6 * 1
+5 * 1
+2 * 1
+4 * 1
+6 * 1
+7 * 1
+4 * 1
+7 +8 1
+7 * 1
+2 * 1
+3 * 1
+2 * 1
jcnd=1/1 0x8ed60 +4 
* * 
+6 +9 1
fi=(166)
+7 942 1
+3 * 1
+3 +1 1
+3 * 1
fe=(161)
+6 824 1
+2 * 1
+2 * 1
+3 * 1
cfi=(165)
cfn=(786) _IO_file_setbuf@@GLIBC_2.2.5
calls=1 0x8a5a0 381 
* * 83
+3 +2 1
+7 * 1
+2 * 1
jcnd=1/1 +16 +4 
* * 
+16 +4 1
+4 * 1
+6 * 1
+7 * 1
+3 * 1
+6 +1 1
+3 * 1
+3 * 1
+3 * 1
+6 * 1
+8 * 1
+2 * 1
+3 * 1
jcnd=1/1 0x8ec00 +7 
* * 
+23 +11 1
+6 * 1
+3 * 1
+6 * 1
+2 * 1
+2 * 1
+11 * 1
+6 * 1
+3 * 1
+2 +1 1
+3 * 1
cfi=(164)
cfn=(562)
calls=1 0x91200 39 
* * 8
+5 +35 1
+5 * 1
+9 * 1
+6 * 1
+4 * 1
+3 * 1
+1 * 1
+1 * 1
+2 * 1
+2 * 1
+2 * 1
+2 * 1
+2 -59 1
+8 -2 1
+3 +3 1
+7 -3 1
+3 +2 1
+5 * 1
+8 * 1
jump=1 0x8ec82 +5 
* * 

fl=(195) ./stdlib/./stdlib/cxa_finalize.c
fn=(742) __cxa_finalize
0x459a0 30 2
+4 * 2
+2 +3 2
+2 * 2
+5 -3 2
+2 * 2
+2 * 2
+2 * 2
+3 * 2
+1 * 2
+1 * 2
+4 +3 2
+7 * 2
+6 * 2
+6 * 2
+1 +3 2
+7 * 2
+3 * 2
+6 +4 2
+4 * 2
+4 * 2
+4 * 2
+5 * 2
+3 * 2
jcnd=2/2 0x45a80 -4 
* * 
0x45a80 -4 2
+3 * 2
+3 * 2
+6 +58 2
+7 * 2
+3 * 2
+2 * 2
+8 +4 2
+4 * 2
+4 * 2
+4 * 2
+5 * 2
+3 * 2
jcnd=2/2 +34 -4 
* * 
+34 -4 2
+3 * 2
+3 * 2
+2 +11 2
+3 * 2
+2 +1 2
+3 * 2
cfi=(196) ./posix/./posix/register-atfork.c
cfn=(744) __unregister_atfork
calls=2 0xeadd0 -30 
* * 32
+5 +1 2
+2 * 2
+4 * 2
+3 * 2
+6 +1 2
+4 * 2
+1 * 2
+1 * 2
+2 * 2
+2 * 2
+2 * 2
+2 * 2

fl=(86)
fn=(292)
0xc6cd0 29 1
fi=(87) ./wcsmbs/../sysdeps/x86_64/multiarch/ifunc-wcslen.h
+4 +5 1
+7 * 1
+6 * 1
+2 * 1
+5 -1 1
+5 * 1
jcnd=1/1 +35 +2 
* * 
+35 +2 1
+6 * 1
+6 * 1
+2 +2 1
+2 * 1
+2 +4 1
+7 * 1
+3 * 1
+2 +3 1
+6 * 1
+7 * 1
fe=(86)
+2 -15 1

fl=(98)
fn=(322)
0xc53f0 30 1
fi=(94)
+4 +3 1
+7 * 1
+7 * 1
+6 * 1
+2 * 1
+6 -1 1
+6 * 1
jcnd=1/1 +10 +2 
* * 
+10 +2 1
+6 * 1
+3 * 1
+2 +2 1
+2 * 1
+2 +4 1
+7 * 1
+3 * 1
+2 +3 1
+3 * 1
+7 * 1
+7 * 1
fe=(98)
+4 -13 1

fl=(99)
fn=(326)
0xa99e0 31 1
fi=(100)
+4 +5 1
+7 * 1
+6 +1 1
+6 -1 1
+3 * 1
+2 +1 1
+6 * 1
jcnd=1/1 +46 +2 
* * 
+46 +2 1
+2 * 1
+2 +4 1
+7 * 1
+3 * 1
+2 +3 1
+7 * 1
+6 * 1
fe=(99)
+2 -15 1

fl=(189) ./libio/./libio/ioputs.c
fn=(714) puts
0x80e50 33 1
+4 * 1
+2 * 1
+2 * 1
+2 * 1
+3 * 1
+1 * 1
+1 * 1
+4 +2 1
cob=(2)
cfi=(50)
cfn=(540) 0x000000000487e490
calls=1 0x487e490 -35 
* * 16
+5 +1 1
+7 -1 1
+3 +1 1
+4 * 1
+3 * 1
+5 * 1
+2 * 1
+9 * 1
+7 * 1
+4 * 1
+6 * 1
+5 * 1
+5 * 1
+6 * 1
+7 +3 1
+4 -3 1
+4 +3 1
+6 -3 1
+5 +3 1
+2 * 1
+2 -1 1
+3 * 1
jcnd=1/1 +36 +2 
* * 
+36 +2 1
fi=(166)
+7 940 1
+7 * 1
+7 * 1
+3 +2 1
+3 * 1
+3 +1 1
+3 * 1
fe=(189)
+2 40 1
+3 * 1
+3 * 1
cfi=(165)
cfn=(548) _IO_file_xsputn@@GLIBC_2.2.5
calls=1 0x8b600 1197 
* * 143
+4 * 1
+3 * 1
+2 +1 1
+4 * 1
+4 * 1
+4 * 1
jcnd=1/1 0x80fa0 * 
* * 
+13 +1 1
+4 * 1
+5 * 1
+3 * 1
fi=(166)
+4 883 1
+7 * 1
+2 +1 1
+7 * 1
+3 * 1
+3 * 1
+3 * 1
+2 * 1
+2 * 1
+8 * 1
+2 * 1
+3 * 1
fe=(189)
+2 46 1
+4 * 1
+1 * 1
+1 * 1
+2 * 1
+2 * 1
+2 * 1
+30 -5 1
+5 * 1
cfi=(161)
cfn=(716)
calls=1 0x8d800 199 
* * 167
+5 * 1
+3 * 1
jcnd=1/1 0x80f3a +1 
* * 

fl=(148) ./string/../sysdeps/x86_64/multiarch/strrchr-avx2.S
fn=(486) __strrchr_avx2
0x19d610 46 1
+4 +1 1
+4 +1 1
+2 +2 1
+5 +1 1
+4 +3 1
+3 +1 1
+3 +1 1
+2 +2 1
+4 +1 1
+4 +1 1
+4 +1 1
+4 +1 1
+4 +1 1
+4 +2 1
+2 +1 1
jcnd=1/1 +27 +12 
* * 
+27 +12 1
+2 +1 1
jcnd=1/1 0x19d7a5 219 
* * 
0x19d7a5 219 1
+3 +1 1
+4 +1 1
+3 +1 1
+3 +1 1
+2 +2 1
+2 +1 1
+3 +1 1
+5 +1 1
+3 * 1

fl=(163) ./stdio-common/./stdio-common/_itoa.c
fn=(544) _itoa_word
0x5a230 163 213
+4 * 213
+3 +3 213
+2 * 213
+7 * 213
+7 * 213
+4 +2 213
+3 * 213
jcnd=213/213 0x5a2c0 +9 
* * 
0x5a2c0 +9 213
+10 * 213
+6 * 213
+3 * 213
+3 * 213
+4 * 213
+3 * 213
+4 * 213
+4 * 213
+3 * 213
+3 * 213
+4 * 213
+3 * 213
+3 * 213
+3 * 213
+4 * 213
jcnd=212/213 -44 * 
* * 
-44 * 1717
+3 * 1717
+3 * 1717
+4 * 1717
+3 * 1717
+4 * 1717
+4 * 1717
+3 * 1717
+3 * 1717
+4 * 1717
+3 * 1717
+3 * 1717
+3 * 1717
+4 * 1717
jcnd=1505/1717 -44 * 
* * 
+2 +9 213
+3 * 213

fl=(90)
fn=(300)
0xc5540 29 1
fi=(87)
+4 +5 1
+7 * 1
+6 * 1
+2 * 1
+5 -1 1
+5 * 1
jcnd=1/1 +35 +2 
* * 
+35 +2 1
+6 * 1
+6 * 1
+2 +2 1
+2 * 1
+2 +4 1
+7 * 1
+3 * 1
+2 +3 1
+6 * 1
+7 * 1
fe=(90)
+2 -15 1

fl=(126)
fn=(396)
0xa9ac0 31 1
fi=(205) ./string/../sysdeps/x86_64/multiarch/ifunc-strcasecmp.h
+4 +1 1
+7 * 1
+7 * 1
+6 * 1
+6 * 1
jfi=(126)
jcnd=1/1 +47 -1 
* * 
fe=(126)
+47 -1 1

fl=(164)
fn=(546)
0x911c0 24 16
+4 +3 16
+9 * 16
+4 +3 16
+2 * 16
+8 * 16
+3 * 16
+3 +1 16
+9 +2 16
+9 +1 16

fn=(562)
0x91200 39 16
+4 +3 16
+4 * 16
+9 +2 16
+3 * 16
+8 +1 16
+3 * 16
+2 +2 16

fl=(136)
fn=(432)
0x175b30 33 1
+4 * 1
+1 * 1
+2 * 1
+4 * 1
+9 * 1
+5 * 1
+2 +2 1
cfi=(137)
cfn=(434)
calls=1 0x3a3c0 -6 
* * 17
+5 +3 1
fi=(139) ./elf/../sysdeps/nptl/pthread_early_init.h
+7 -5 1
+5 * 1
fe=(136)
+3 +8 1
+6 -3 1
fi=(139)
+2 -5 1
cfi=(138) ./resource/../sysdeps/unix/sysv/linux/getrlimit64.c
cfn=(436) getrlimit
calls=1 0x11a2d0 +5 
* * 10
+5 * 1
+5 * 1
+2 * 1
+2 +1 1
+4 * 1
+5 * 1
+3 * 1
+4 * 1
+4 * 1
+4 +11 1
fi=(206) ./elf/../nptl/nptl-stack.h
+7 +13 1
+2 * 1
+7 * 1
fi=(139)
+7 -13 1
fi=(206)
+4 +13 1
+3 * 1
fi=(139)
+3 -4 1
fi=(206)
+7 +4 1
+4 * 1
fi=(139)
+3 -6 1
fi=(206)
+3 +6 1
fi=(139)
+4 -12 1
+8 +6 1
+3 * 1
+4 * 1
+3 * 1
+5 * 1
+3 * 1
+4 +1 1
+7 +4 1
cfi=(140) ./nptl/./nptl/pthread_mutex_conf.c
cfn=(440) __pthread_tunables_init
calls=1 0x974e0 -7 
* * 884
fe=(136)
+5 -10 1
+5 * 1
+9 * 1
+2 +2 1
+4 * 1
+1 -2 1
cfi=(143)
cfn=(454)
calls=1 0x90c50 +49 
* * 147

fl=(165)
fn=(558) _IO_file_write@@GLIBC_2.2.5
0x8aec0 1173 16
+4 * 16
+2 * 16
+3 * 16
+2 * 16
+1 * 16
+1 * 16
+4 +2 16
+3 * 16
+6 * 16
+3 * 16
+3 * 16
+3 * 16
jump=16 +26 +4 
* * 
+5 +5 16
cfi=(167) ./io/../sysdeps/unix/sysv/linux/write.c
cfn=(560) write
calls=16 0x114870 25 
* * 144
+5 +1 16
+3 * 16
+2 +5 16
+3 +1 16
+3 -12 16
+3 * 16
jcnd=16/16 +85 +14 
* * 
+2 +4 16
+4 * 16
+3 * 16
+3 +1 16
+5 * 16
jcnd=16/16 -36 * 
* * 
+31 +10 16
+7 * 16
+3 * 16
jcnd=16/16 +12 +3 
* * 
+12 +3 16
+4 * 16
+1 * 16
+1 * 16
+2 * 16
+2 * 16
+5 -4 16
+3 * 16
+3 * 16
jump=16 -43 +1 
* * 

fn=(554) _IO_do_write@@GLIBC_2.2.5
0x8c930 423 17
+4 +2 17
+2 * 17
+3 * 17
jcnd=4/17 +7 -2 
* * 
+2 +1 13
+5 -3 4
fi=(166)
+2 940 4
fe=(165)
+7 423 4
+2 * 4
fi=(166)
+2 940 4
fe=(165)
+7 423 4
fi=(166)
+2 940 4
+3 * 4
fe=(165)
+3 423 4
+1 * 4
+3 * 4
+1 * 4
+3 * 4
+4 +20 4
+7 -10 4
+6 * 4
+6 +7 4
+4 * 4
+4 * 4
+3 * 4
jfi=(166)
jcnd=4/4 +63 942 
* * 
fi=(166)
+63 942 4
+3 * 4
+3 +1 4
+3 * 4
fe=(165)
+6 448 4
+3 * 4
+3 * 4
+3 * 4
cfn=(558)
calls=4 0x8aec0 1173 
* * 184
+4 * 4
+3 +1 4
+7 * 4
+3 * 4
+2 * 4
+3 * 4
+2 +2 4
+4 +4 4
+6 * 4
+5 -3 4
+4 * 4
+4 -1 4
+4 * 4
+4 +4 4
+2 * 4
jcnd=4/4 +58 -1 
* * 
+6 -2 4
+4 -28 4
+2 * 4
+3 * 4
+3 * 4
+2 +1 4
+4 * 4
+1 * 4
+1 * 4
+2 * 4
+2 * 4
+2 * 4
+2 * 4
+24 +28 4
+6 * 4
jcnd=4/4 -58 -1 
* * 

fn=(550)
0x8cdc0 731 30
+4 * 30
+2 * 30
+1 * 30
+3 * 30
+1 +1 30
+2 * 30
+2 * 30
+6 * 30
+2 +7 30
+4 * 30
+3 * 30
jcnd=2/30 +82 +3 
* * 
+2 * 28
+3 * 28
+6 +37 28
+4 -2 28
+3 * 28
jcnd=13/28 0x8ce9c +13 
* * 
+6 +3 15
+4 * 15
+6 +3 15
+4 * 15
+4 * 15
+2 +1 15
+3 * 15
+2 * 15
+6 +1 15
+3 * 15
+2 * 15
+3 * 15
jcnd=2/15 0x8ceb0 +2 
* * 
+6 +4 15
+3 +1 15
+1 * 15
+1 * 15
+2 * 15
+6 -45 2
+3 * 2
jcnd=2/2 0x8cf58 +2 
* * 
+10 +12 2
+3 * 2
+6 +9 2
+4 * 2
+3 * 2
+6 +5 2
+4 * 2
+4 * 2
+4 +2 2
+2 * 2
+3 -3 2
+4 * 2
+3 +3 2
+3 +1 2
+6 -6 2
+4 +1 2
+4 +5 2
+2 * 2
+6 * 2
+5 * 2
+6 +1 2
+4 +2 2
+3 * 2
+6 +13 15
+1 -12 15
+3 +1 15
+3 +11 15
+1 * 15
+2 -12 15
cfn=(554)
calls=15 0x8c930 423 
* * 281
+10 +9 2
+4 * 2
+4 -1 2
+3 +1 2
+3 -1 2
cfn=(554)
calls=2 0x8c930 423 
* * 216
+5 * 2
+3 * 2
jcnd=2/2 0x8ce23 +3 
* * 
0x8cf58 -39 2
+3 * 2
cfi=(161)
cfn=(552)
calls=2 0x8dc90 343 
* * 1972
+5 +1 2
+4 +9 2
+3 -9 2
+5 * 2
+4 * 2
+4 * 2
+4 * 2
jump=2 0x8ce3d +9 
* * 

fn=(790)
0x8a430 792 1
+4 * 1
+1 * 1
+1 * 1
+3 * 1
+4 +5 1
+4 * 1
+4 * 1
+3 * 1
jcnd=1/1 +43 +2 
* * 
+43 +2 1
+4 +1 1
+4 * 1
jcnd=1/1 +65 +11 
* * 
+65 +11 1
+11 * 1
+2 +4 1
+4 * 1
+1 * 1
+1 * 1

fn=(572) _IO_file_stat
0x8aeb0 1146 1
+4 +1 1
+3 * 1
cfi=(171) ./io/../sysdeps/unix/sysv/linux/fstat64.c
cfn=(574) fstat
calls=1 0x113cd0 29 
* * 15

fn=(548)
0x8b600 1197 19
+4 * 19
+2 * 19
+2 * 19
+2 * 19
+2 +7 19
+3 -7 19
+1 * 19
+1 * 19
+4 +6 19
+3 * 19
+2 * 19
+3 * 19
+3 +9 19
+4 * 19
+3 -2 19
+3 * 19
+5 * 19
+5 * 19
jcnd=6/19 +76 +2 
* * 
+2 +17 13
+4 * 13
+3 * 13
jcnd=13/13 +99 +4 
* * 
+13 +6 6
+3 +2 6
+3 +2 6
+3 * 6
+4 -2 6
+3 +1 6
+3 +1 6
+3 -2 6
cob=(2)
cfi=(50)
cfn=(608) 0x000000000487e3e0
calls=6 0x487e3e0 0 
* * 107
+5 * 6
+4 +4 6
+3 * 6
jcnd=2/6 +55 +4 
* * 
+2 +28 19
+4 * 19
+3 * 19
+1 * 19
+1 * 19
+2 * 19
+2 * 19
+2 * 19
+2 * 19
+1 -55 6
+4 +4 6
+4 -4 6
+3 +1 6
+3 * 6
jcnd=6/6 0x8b73d +3 
* * 
+18 +18 13
+3 +12 13
fi=(166)
+7 940 13
+7 * 13
+7 * 13
+3 +2 13
+3 * 13
+3 +1 13
+3 * 13
fe=(165)
-33 1243 2
fi=(166)
+7 940 2
+7 * 2
+7 * 2
+3 +2 2
+3 * 2
+3 +1 2
+3 * 2
fe=(165)
+6 1243 15
+5 * 15
+3 * 15
cfn=(550)
calls=15 0x8cdc0 731 
* * 2656
+3 * 15
+3 * 15
+6 +6 15
+4 * 15
+4 +1 15
+3 * 15
+4 * 15
jcnd=12/15 +13 +2 
* * 
+2 * 3
+3 * 3
+2 * 3
+3 * 3
+3 +2 3
+3 * 3
-3 * 12
+3 * 12
jcnd=12/12 +83 443 
* * 
+2 +11 15
+3 * 15
+3 * 15
jcnd=14/15 0x8b66e +4 
* * 
+6 +1 1
+5 * 1
+3 * 1
+3 * 1
cfi=(161)
cfn=(538)
calls=1 0x8ddc0 371 
* * 890
+5 +2 1
+3 * 1
+3 * 1
jump=1 0x8b66e +1 
* * 
+15 -48 50
+4 * 50
+3 * 50
jcnd=2/50 0x8b850 +2 
* * 
+6 -2 54
+3 * 54
jcnd=50/54 -16 +2 
* * 
+2 * 4
+3 * 4
jump=4 0x8b64a +17 
* * 
+11 443 12
+7 -10 12
+7 * 12
+6 +7 12
+4 * 12
+4 * 12
+3 * 12
jfi=(166)
jcnd=12/12 +66 942 
* * 
fi=(166)
+66 942 12
+3 * 12
+3 +1 12
+3 * 12
fe=(165)
+6 448 12
+4 * 12
+3 * 12
+3 * 12
+3 * 12
cfn=(558)
calls=12 0x8aec0 1173 
* * 552
+3 +1 12
+4 -1 12
+3 +1 12
+7 * 12
+3 * 12
+2 * 12
+3 * 12
+6 +2 12
+4 +4 12
+6 * 12
+5 -3 12
+4 * 12
+4 -1 12
+4 * 12
+4 +4 12
+2 * 12
jcnd=12/12 0x8b898 -1 
* * 
+10 -2 12
+4 1256 12
+3 * 12
+6 -1 12
+3 * 12
jump=12 0x8b6ff +8 
* * 
+41 -35 2
+3 +11 2
+4 * 2
+3 * 2
jcnd=2/2 0x8b921 443 
* * 
+62 454 12
+7 * 12
jcnd=12/12 0x8b817 -1 
* * 
0x8b921 -11 2
+6 * 2
jump=2 0x8b64a 1233 
* * 

fn=(786)
0x8a5a0 381 1
+4 * 1
+1 * 1
+3 +1 1
cfi=(161)
cfn=(788)
calls=1 0x8e3b0 +70 
* * 69
+5 * 1
+3 * 1
+2 +3 1
+5 +4 1
+3 * 1
+4 -2 1
+4 * 1
+4 * 1
+4 +3 1
+1 * 1

fl=(108)
fn=(346)
0xa9b60 31 1
fi=(205)
+4 +1 1
+7 * 1
+7 * 1
+6 * 1
+6 * 1
jfi=(108)
jcnd=1/1 +47 -1 
* * 
fe=(108)
+47 -1 1

fl=(187) ./libio/./libio/vsnprintf.c
fn=(702) __vsnprintf_internal
0x883f0 95 200
+4 * 200
+2 * 200
+3 * 200
+2 * 200
+3 * 200
+2 * 200
+2 * 200
+1 * 200
+1 * 200
+3 * 200
+7 * 200
+9 * 200
+8 * 200
+2 +4 200
+12 +5 200
+3 * 200
+6 * 200
+3 +9 200
+4 * 200
+8 -3 200
+5 * 200
+3 * 200
+2 * 200
+5 * 200
+5 * 200
+3 * 200
+5 * 200
cfi=(161)
cfn=(704)
calls=200 0x8e650 563 
* * 9200
+5 +3 200
+3 * 200
+3 * 200
+3 -2 200
+7 +2 200
+3 -2 200
+8 +1 200
+4 +1 200
cfi=(188)
cfn=(708)
calls=200 0x8f9b0 -77 
* * 14400
+5 +1 200
+2 * 200
+3 * 200
+3 * 200
+3 * 200
cfi=(159) ./stdio-common/./stdio-common/vfprintf-internal.c
cfn=(530) __vfprintf_internal
calls=200 0x75030 1180 
* * 121634
+5 +2 200
+5 * 200
+5 * 200
+2 +1 200
+5 * 200
+3 +2 200
+8 * 200
+9 * 200
+2 * 200
+7 * 200
+1 * 200
+1 * 200
+2 * 200
+2 * 200
+2 * 200
+2 * 200

fl=(154)
fn=(518)
0x421e0 28 1
+4 +2 1
+2 +2 1
cfi=(155) ./setjmp/../sysdeps/x86_64/setjmp.S
cfn=(520) __sigsetjmp
calls=1 0x42110 -2 
* * 31

fl=(107)
fn=(342)
0xa81d0 29 1
fi=(100)
+4 +7 1
+7 * 1
+6 +1 1
+6 -1 1
+3 * 1
+2 +1 1
+6 * 1
jcnd=1/1 +46 +2 
* * 
+46 +2 1
+2 * 1
+2 +4 1
+7 * 1
+3 * 1
+2 +3 1
+7 * 1
+6 * 1
fe=(107)
+2 -17 1

fl=(170)
fn=(570)
0x7eb10 78 1
+4 * 1
+2 * 1
+1 * 1
+3 * 1
+1 * 1
+7 * 1
+9 * 1
+8 * 1
+2 +6 1
+3 * 1
+2 * 1
+6 * 1
fi=(166)
+7 940 1
+7 * 1
+7 * 1
+3 +2 1
+3 * 1
+3 +1 1
+3 * 1
fe=(170)
+6 84 1
+3 * 1
+3 * 1
cfi=(165)
cfn=(572)
calls=1 0x8aeb0 1146 
* * 18
+6 * 1
+2 * 1
+2 +2 1
+4 * 1
+5 * 1
+5 * 1
jcnd=1/1 0x7ec08 +5 
* * 
+6 +11 1
+5 * 1
+4 * 1
+6 * 1
+2 +4 1
+3 * 1
cob=(2)
cfi=(50)
cfn=(578) 0x000000000487e380
calls=1 0x487e380 0 
* * 1815
+5 * 1
+3 +1 1
+3 * 1
+2 +2 1
+4 * 1
+5 * 1
+3 * 1
cfi=(161)
cfn=(604)
calls=1 0x8dc20 329 
* * 24
+5 +1 1
+5 +1 1
+8 * 1
+9 * 1
+6 * 1
+7 * 1
+1 * 1
+1 * 1
+2 * 1
+36 -15 1
fi=(207) ./libio/../include/sys/sysmacros.h
+5 -44 1
+3 * 1
+4 * 1
+4 * 1
+5 * 1
+6 * 1
fe=(170)
+2 +44 1
+5 -2 1
+3 * 1
+2 +5 1
+7 * 1
jump=1 0x7eb8b +3 
* * 

fl=(182) ./stdlib/./stdlib/random.c
fn=(678) random
0x46230 288 100
+4 * 100
+4 +3 100
+5 -3 100
+9 * 100
+5 * 100
+2 +3 100
+8 * 100
+2 +2 100
+5 * 100
+7 * 100
cfi=(183)
cfn=(680)
calls=100 0x466c0 +61 
* * 3188
+5 +2 100
+2 * 100
+6 * 100
+3 * 100
+2 +2 100
+5 +1 100
+5 * 100
+9 * 100
+2 * 100
+4 * 100

fn=(670) srand
0x460a0 209 1
+4 * 1
+1 +1 1
+2 -1 1
+2 +1 1
+5 * 1
+8 * 1
+2 +1 1
+7 * 1
+2 * 1
cfi=(183)
cfn=(672)
calls=1 0x462c0 -49 
* * 6830
+5 +1 1
+2 * 1
+6 * 1
+3 * 1
+2 +1 1
+1 * 1

fl=(159)
fn=(532) buffered_vfprintf
0x775a0 2229 12
+2 * 12
+2 * 12
+2 * 12
+1 * 12
+1 * 12
+7 * 12
+5 * 12
+7 * 12
+5 * 12
+7 * 12
+9 * 12
+8 * 12
+2 * 12
+8 * 12
+3 * 12
+5 +8 12
+6 * 12
+4 * 12
+2 * 12
jcnd=12/12 0x77790 * 
* * 
+16 +10 12
+8 +14 12
+5 -14 12
+5 +17 12
+3 -17 12
+5 +10 12
+3 -16 12
+8 +16 12
+7 +1 12
+7 -10 12
+11 +2 12
+8 +5 12
+12 +3 12
+8 +3 12
cfn=(531) __vfprintf_internal'2
calls=12 0x75030 1180 
* * 14748
+5 +3 12
+3 * 12
+5 -3 12
+3 +3 12
+7 * 12
+4 * 12
cfi=(164)
cfn=(546)
calls=12 0x911c0 24 
* * 120
+5 +1 12
+2 * 12
+5 * 12
jcnd=12/12 0x77740 * 
* * 
+26 +14 12
fi=(208) ./stdio-common/../libio/libioP.h
+7 940 12
+7 * 12
+7 * 12
+3 +2 12
+3 * 12
+3 +1 12
+3 * 12
fe=(159)
+6 2279 12
+3 * 12
+3 * 12
cfi=(165)
cfn=(548)
calls=12 0x8b600 1197 
* * 2071
+4 +1 12
+3 * 12
+5 * 12
+4 +5 12
+6 * 12
+2 * 12
+7 * 12
+3 * 12
+3 * 12
+3 * 12
+2 * 12
+8 * 12
+2 * 12
+3 * 12
+6 +1 12
+3 * 12
cfi=(164)
cfn=(562)
calls=12 0x91200 39 
* * 96
+5 +3 12
+8 * 12
+9 * 12
+6 * 12
+7 * 12
+3 * 12
+1 * 12
+1 * 12
+2 * 12
+2 * 12
+2 * 12
+4 -24 12
+9 * 12
+7 * 12
+4 * 12
+2 * 12
+5 * 12
+4 * 12
+2 * 12
+7 * 12
+4 +12 12
+5 * 12
+5 -12 12
+4 +12 12
+3 * 12
+3 * 12
+2 * 12
jcnd=12/12 0x776a1 +2 
* * 
+14 -40 12
+3 * 12
jcnd=12/12 0x77606 +10 
* * 

fn=(530)
0x75030 1180 214
+4 * 214
+2 * 214
+2 * 214
+2 * 214
+2 * 214
+1 * 214
+3 * 214
+1 * 214
+7 * 214
+5 * 214
+5 * 214
+4 +30 214
+9 * 214
+8 * 214
+7 * 214
+3 * 214
+7 +8 214
+6 * 214
+2 * 214
jcnd=212/214 0x75500 * 
* * 
+6 * 2
+10 +4 2
+3 * 2
+3 * 2
-6 * 212
+3 * 212
+3 * 212
+6 * 214
+6 * 214
+6 +11 214
+3 * 214
jcnd=12/214 0x76620 +3 
* * 
+6 +11 202
fi=(209) ./stdio-common/./stdio-common/printf-parse.h
+5 111 202
+5 * 202
fe=(159)
+5 1244 202
+4 * 202
+8 * 202
+4 * 202
+5 * 202
fi=(209)
+8 111 202
cob=(2)
cfi=(50)
cfn=(534) 0x000000000487e4d0
calls=202 0x487e4d0 0 
* * 4242
fe=(159)
+5 1259 202
fi=(209)
+8 111 202
fe=(159)
+5 1259 202
+8 * 202
+3 * 202
jcnd=2/202 0x75518 * 
* * 
+6 239 202
fi=(208)
+7 940 202
fe=(159)
+7 1263 202
fi=(208)
+5 942 202
+7 -2 202
fe=(159)
+7 1263 202
fi=(208)
+5 940 202
+5 * 202
+3 +2 202
+3 * 202
+3 +1 202
+3 * 202
fe=(159)
+6 239 202
+5 * 202
+3 * 202
+3 * 202
cfi=(161)
cfn=(538)
calls=200 0x8ddc0 371 
* * 8600
cfi=(165)
cfn=(548)
calls=2 0x8b600 1197 
* * 3079
+5 * 202
+3 * 202
+6 127 202
+3 * 202
+3 * 202
+3 * 202
+4 * 202
+3 * 202
+5 * 202
+3 * 202
+2 * 202
+6 1263 202
+2 * 202
+6 +4 202
+5 * 202
+5 * 202
+6 +4 202
+7 * 202
+8 * 202
+3 * 202
+6 * 202
+8 * 202
+6 * 202
+8 * 202
+6 1532 202
+4 1214 202
+11 +34 202
+8 -8 202
+12 1532 202
+2 * 202
+3 * 202
+7 +23 202
+2 -39 202
+3 +39 202
+3 -39 202
+7 +39 202
+7 * 202
+9 1313 202
+4 * 202
+5 * 202
+7 * 202
+4 * 202
+2 * 202
+2 * 202
+4 * 202
+7 * 202
+7 * 202
+3 * 202
+2 * 202
+4 * 202
+4 * 202
+7 * 202
+3 +39 202
+7 -51 202
+3 -1 202
+3 -1 202
+3 -1 202
+2 +5 202
+6 1501 202
fi=(209)
+7 88 202
fe=(159)
+6 1352 202
+4 -46 202
+8 -4 202
+8 +50 202
+5 1501 202
+7 1295 202
+8 -1 202
+8 -1 202
+8 -1 202
+8 -1 202
+8 +16 202
+5 * 202
jump=201 0x75f20 1463 
* * 
jump=1 0x75710 1564 
* * 
0x7533d 1608 202
+7 * 202
jcnd=2/202 +60 * 
* * 
+2 +1 202
+8 * 202
jcnd=2/202 0x75588 * 
* * 
+6 +3 202
+8 * 202
+9 * 202
+6 * 202
+7 * 202
+3 * 202
+1 * 202
+1 * 202
+2 * 202
+2 * 202
+2 * 202
+2 * 202
+1 -4 2
+7 * 2
+3 * 2
+3 * 2
+3 * 2
+2 * 2
+8 * 2
+2 * 2
+3 * 2
jcnd=2/2 -89 +1 
* * 
0x75500 1218 212
+3 * 212
jcnd=212/212 0x75090 +4 
* * 
+21 +41 2
+7 * 2
+8 * 2
+8 * 2
cfi=(164)
cfn=(546)
calls=2 0x911c0 24 
* * 20
+5 +1 2
+3 * 2
+5 * 2
+6 * 2
+9 * 2
+7 * 2
+4 * 2
+2 * 2
+5 * 2
+4 * 2
+6 * 2
+7 * 2
+4 * 2
+4 -1 2
+8 * 2
jump=2 0x75100 239 
* * 
+10 1609 2
+8 * 2
cfi=(164)
cfn=(562)
calls=2 0x91200 39 
* * 16
+5 +2 2
jump=2 0x75354 +1 
* * 
0x75710 -47 1
+4 -47 1
+5 * 1
+2 * 1
+3 * 1
+6 * 1
+2 * 1
+3 * 1
+4 * 1
+2 * 1
+3 * 1
+3 * 1
+3 * 1
+3 * 1
jcnd=1/1 0x758af * 
* * 
0x758af * 1
+4 * 1
+6 * 1
+2 * 1
+6 * 1
+4 * 1
jcnd=1/1 0x76d29 * 
* * 
+20 * 1
+5 * 1
+3 * 1
jcnd=1/1 0x76fe0 239 
* * 
0x75a66 -1 201
+4 * 201
jcnd=201/201 0x76090 * 
* * 
+28 * 201
+2 * 201
+4 * 201
+4 * 201
+3 * 201
+8 * 201
+3 * 201
+8 * 201
+8 * 201
+3 * 201
+8 * 201
cfi=(163)
cfn=(544)
calls=201 0x5a230 163 
* * 28998
+5 * 201
+8 * 201
+8 * 201
+8 * 201
+3 * 201
+3 * 201
+2 * 201
+4 * 201
+2 * 201
jcnd=201/201 +53 * 
* * 
+53 * 201
+5 * 201
+2 * 201
+4 * 201
+2 * 201
jcnd=201/201 +39 * 
* * 
+39 * 201
+3 * 201
+3 * 201
+5 * 201
jcnd=201/201 0x765c0 * 
* * 
+56 * 201
+4 * 201
+2 * 201
jcnd=201/201 +25 * 
* * 
+25 * 201
+4 * 201
+3 * 201
+4 * 201
jcnd=201/201 0x76660 * 
* * 
+72 * 201
+3 * 201
+2 * 201
+4 * 201
+2 * 201
jcnd=201/201 +99 * 
* * 
+99 * 201
+4 192 201
+3 * 201
+6 +47 201
fi=(208)
+7 942 201
+7 * 201
+3 * 201
+3 +1 201
+5 * 201
fe=(159)
+6 239 201
+3 * 201
+3 * 201
+3 * 201
cfi=(165)
cfn=(548)
calls=1 0x8b600 1197 
* * 73
cfi=(161)
cfn=(538)
calls=200 0x8ddc0 371 
* * 13662
+4 * 201
+3 * 201
+6 127 201
+3 * 201
+2 * 201
+3 * 201
+6 * 201
+3 * 201
+6 * 202
+3 * 202
+3 * 202
+3 * 202
+5 * 202
+3 * 202
+2 * 202
+6 1517 202
+2 * 202
jcnd=202/202 0x75f80 +72 
* * 
0x75f20 -54 201
+4 +53 201
+3 * 201
jcnd=201/201 0x76aa8 1392 
* * 
+89 +73 202
fi=(209)
+4 111 202
fe=(159)
+5 1583 202
fi=(209)
+5 111 202
+3 * 202
cob=(2)
cfi=(50)
cfn=(534)
calls=202 0x487e4d0 0 
* * 4242
fe=(159)
+5 239 202
fi=(208)
+7 942 202
fe=(159)
+7 1593 202
fi=(209)
+3 111 202
fi=(208)
+3 942 202
fe=(159)
+3 1593 202
fi=(208)
+3 942 202
+3 +1 202
+5 * 202
fe=(159)
+6 239 202
+3 * 202
+3 * 202
+3 * 202
cfi=(161)
cfn=(538)
calls=200 0x8ddc0 371 
* * 1000
cfi=(165)
cfn=(548)
calls=2 0x8b600 1197 
* * 466
+3 * 202
+3 * 202
+6 127 202
+3 * 202
+2 * 202
+3 * 202
+6 * 202
+3 * 202
+6 * 202
+3 * 202
+3 * 202
+3 * 202
+5 * 202
+3 * 202
+2 * 202
+6 1593 202
+2 * 202
+6 +2 202
+5 * 202
+6 * 202
jump=202 0x7533d +13 
* * 
0x76090 -79 201
+9 * 201
jump=201 0x75a86 * 
* * 
0x765c0 * 201
+3 * 201
+6 * 201
+5 * 201
jcnd=201/201 +28 * 
* * 
+28 * 201
+5 * 201
+5 * 201
+4 * 201
+3 * 201
+4 * 201
+3 * 201
+2 * 201
+6 * 201
+5 * 201
+3 * 201
+3 * 201
jump=201 0x75b90 * 
* * 
+11 1236 12
+8 * 12
+9 * 12
+6 * 12
+4 * 12
+5 * 12
+3 * 12
+5 1612 12
+7 * 12
+1 * 12
+1 * 12
+2 * 12
+2 * 12
+2 * 12
+2 1236 12
cfn=(532)
calls=12 0x775a0 2229 
* * 18223
+7 1516 201
+5 * 201
+6 192 201
+3 * 201
jcnd=201/201 0x77541 1516 
* * 
0x76aa8 1392 201
+5 * 201
+2 1516 201
+3 * 201
jcnd=201/201 0x76db7 * 
* * 
+30 * 201
+3 * 201
+3 * 201
+6 * 201
+8 * 201
+3 * 201
jump=201 0x75a66 * 
* * 
0x76d29 +1 1
+3 * 1
cob=(2)
cfi=(50)
cfn=(540)
calls=1 0x487e490 0 
* * 16
+5 * 1
+3 * 1
jump=1 0x758d9 * 
* * 
0x76db7 -1 201
+3 * 201
+6 * 201
+3 * 201
+6 * 201
+2 * 201
+3 * 201
+4 * 201
+2 * 201
+3 * 201
jump=201 0x76ad0 * 
* * 
0x76fe0 239 1
fi=(208)
+7 942 1
+7 * 1
+3 * 1
+3 +1 1
+5 * 1
fe=(159)
+6 239 1
+3 * 1
+3 * 1
+3 * 1
cfi=(165)
cfn=(548)
calls=1 0x8b600 1197 
* * 163
+4 * 1
+3 * 1
+6 127 1
+3 * 1
+2 * 1
+3 * 1
+2 * 1
+3 * 1
jcnd=1/1 0x75cc9 * 
* * 
0x77541 1516 201
+3 * 201
jump=201 0x75c02 * 
* * 

fn=(531)
0x75030 1180 12
+4 * 12
+2 * 12
+2 * 12
+2 * 12
+2 * 12
+1 * 12
+3 * 12
+1 * 12
+7 * 12
+5 * 12
+5 * 12
+4 +30 12
+9 * 12
+8 * 12
+7 * 12
+3 * 12
+7 +8 12
+6 * 12
+2 * 12
jcnd=12/12 0x75500 * 
* * 
+16 +4 12
+3 * 12
+3 * 12
+6 * 12
+6 * 12
+6 +11 12
+3 * 12
+6 +11 12
fi=(209)
+5 111 12
+5 * 12
fe=(159)
+5 1244 12
+4 * 12
+8 * 12
+4 * 12
+5 * 12
fi=(209)
+8 111 12
cob=(2)
cfi=(50)
cfn=(534)
calls=12 0x487e4d0 0 
* * 252
fe=(159)
+5 1259 12
fi=(209)
+8 111 12
fe=(159)
+5 1259 12
+8 * 12
+3 * 12
+6 239 12
fi=(208)
+7 940 12
fe=(159)
+7 1263 12
fi=(208)
+5 942 12
+7 -2 12
fe=(159)
+7 1263 12
fi=(208)
+5 940 12
+5 * 12
+3 +2 12
+3 * 12
+3 +1 12
+3 * 12
fe=(159)
+6 239 12
+5 * 12
+3 * 12
+3 * 12
cfi=(161)
cfn=(538)
calls=12 0x8ddc0 371 
* * 1032
+5 * 12
+3 * 12
+6 127 12
+3 * 12
+3 * 12
+3 * 12
+4 * 12
+3 * 12
+5 * 12
+3 * 12
+2 * 12
+6 1263 12
+2 * 12
+6 +4 12
+5 * 12
+5 * 12
+6 +4 12
+7 * 12
+8 * 12
+3 * 12
+6 * 12
+8 * 12
+6 * 12
+8 * 12
+6 1532 12
+4 1214 12
+11 +34 12
+8 -8 12
+12 1532 12
+2 * 12
+3 * 12
+7 +23 12
+2 -39 12
+3 +39 12
+3 -39 12
+7 +39 12
+7 * 12
+9 1313 12
+4 * 12
+5 * 12
+7 * 12
+4 * 12
+2 * 12
-22 * 24
+4 * 24
+5 * 24
+7 * 24
+4 * 24
+2 * 24
+2 * 36
+4 * 36
+7 * 36
+7 * 36
+3 * 36
+2 * 36
+4 * 36
+4 * 36
+7 * 36
+3 +39 36
+7 -51 36
+3 -1 36
+3 -1 36
+3 -1 36
+2 +5 36
+6 1501 36
fi=(209)
+7 88 36
fe=(159)
+6 1352 36
+4 -46 36
+8 -4 36
+8 +50 36
+5 1501 36
+7 1295 36
+8 -1 36
+8 -1 36
+8 -1 36
+8 -1 36
+8 +16 36
+5 * 36
jump=12 0x75f20 1463 
* * 
jump=24 0x75710 1564 
* * 
0x7533d 1608 12
+7 * 12
+2 +1 12
+8 * 12
+6 +3 12
+8 * 12
+9 * 12
+6 * 12
+7 * 12
+3 * 12
+1 * 12
+1 * 12
+2 * 12
+2 * 12
+2 * 12
+2 * 12
0x75500 1218 12
+3 * 12
jcnd=12/12 0x75090 +4 
* * 
0x75710 1564 24
+4 -47 24
+5 * 24
+2 * 24
+3 * 24
+6 * 24
+2 * 24
+3 * 24
+4 * 24
+2 * 24
+3 * 24
+3 * 24
+3 * 24
+3 * 24
jcnd=24/24 0x758af * 
* * 
0x758af * 24
+4 * 24
+6 * 24
+2 * 24
+6 * 24
+4 * 24
jcnd=24/24 0x76d29 * 
* * 
+20 * 24
+5 * 24
+3 * 24
jcnd=24/24 0x76fe0 239 
* * 
0x75a66 -1 12
+4 * 12
jcnd=12/12 0x76090 * 
* * 
+28 * 12
+2 * 12
+4 * 12
+4 * 12
+3 * 12
+8 * 12
+3 * 12
+8 * 12
+8 * 12
+3 * 12
+8 * 12
cfi=(163)
cfn=(544)
calls=12 0x5a230 163 
* * 578
+5 * 12
+8 * 12
+8 * 12
+8 * 12
+3 * 12
+3 * 12
+2 * 12
+4 * 12
+2 * 12
jcnd=12/12 +53 * 
* * 
+53 * 12
+5 * 12
+2 * 12
+4 * 12
+2 * 12
jcnd=12/12 +39 * 
* * 
+39 * 12
+3 * 12
+3 * 12
+5 * 12
jcnd=12/12 0x765c0 * 
* * 
+56 * 12
+4 * 12
+2 * 12
jcnd=12/12 +25 * 
* * 
+25 * 12
+4 * 12
+3 * 12
+4 * 12
jcnd=12/12 0x76660 * 
* * 
+72 * 12
+3 * 12
+2 * 12
+4 * 12
+2 * 12
jcnd=12/12 +99 * 
* * 
+99 * 12
+4 192 12
+3 * 12
+6 +47 12
fi=(208)
+7 942 12
+7 * 12
+3 * 12
+3 +1 12
+5 * 12
fe=(159)
+6 239 12
+3 * 12
+3 * 12
+3 * 12
cfi=(161)
cfn=(538)
calls=12 0x8ddc0 371 
* * 827
+4 * 12
+3 * 12
+6 127 12
+3 * 12
+2 * 12
+3 * 12
+6 * 12
+3 * 12
+6 * 36
+3 * 36
+3 * 36
+3 * 36
+5 * 36
+3 * 36
+2 * 36
+6 1517 36
+2 * 36
jcnd=36/36 0x75f80 +72 
* * 
0x75f20 -54 12
+4 +53 12
+3 * 12
jcnd=12/12 0x76aa8 1392 
* * 
+89 +73 36
fi=(209)
+4 111 36
fe=(159)
+5 1583 36
fi=(209)
+5 111 36
+3 * 36
cob=(2)
cfi=(50)
cfn=(534)
calls=36 0x487e4d0 0 
* * 756
fe=(159)
+5 239 36
fi=(208)
+7 942 36
fe=(159)
+7 1593 36
fi=(209)
+3 111 36
fi=(208)
+3 942 36
fe=(159)
+3 1593 36
fi=(208)
+3 942 36
+3 +1 36
+5 * 36
fe=(159)
+6 239 36
+3 * 36
+3 * 36
+3 * 36
cfi=(161)
cfn=(538)
calls=36 0x8ddc0 371 
* * 2363
+3 * 36
+3 * 36
+6 127 36
+3 * 36
+2 * 36
+3 * 36
+6 * 36
+3 * 36
+6 * 36
+3 * 36
+3 * 36
+3 * 36
+5 * 36
+3 * 36
+2 * 36
+6 1593 36
+2 * 36
+6 +2 36
+5 * 36
jcnd=24/36 0x75210 1313 
* * 
+6 * 12
jump=12 0x7533d +13 
* * 
0x76090 -79 12
+9 * 12
jump=12 0x75a86 * 
* * 
0x765c0 * 12
+3 * 12
+6 * 12
+5 * 12
jcnd=12/12 +28 * 
* * 
+28 * 12
+5 * 12
+5 * 12
+4 * 12
+3 * 12
+4 * 12
+3 * 12
+2 * 12
+6 * 12
+5 * 12
+3 * 12
+3 * 12
jump=12 0x75b90 * 
* * 
+75 * 12
+5 * 12
+6 192 12
+3 * 12
jcnd=12/12 0x77541 1516 
* * 
0x76aa8 1392 12
+5 * 12
+2 1516 12
+3 * 12
jcnd=12/12 0x76db7 * 
* * 
+30 * 12
+3 * 12
+3 * 12
+6 * 12
+8 * 12
+3 * 12
jump=12 0x75a66 * 
* * 
0x76d29 +1 24
+3 * 24
cob=(2)
cfi=(50)
cfn=(540)
calls=24 0x487e490 0 
* * 384
+5 * 24
+3 * 24
jump=24 0x758d9 * 
* * 
0x76db7 -1 12
+3 * 12
+6 * 12
+3 * 12
+6 * 12
+2 * 12
+3 * 12
+4 * 12
+2 * 12
+3 * 12
jump=12 0x76ad0 * 
* * 
0x76fe0 239 24
fi=(208)
+7 942 24
+7 * 24
+3 * 24
+3 +1 24
+5 * 24
fe=(159)
+6 239 24
+3 * 24
+3 * 24
+3 * 24
cfi=(161)
cfn=(538)
calls=24 0x8ddc0 371 
* * 1872
+4 * 24
+3 * 24
+6 127 24
+3 * 24
+2 * 24
+3 * 24
+2 * 24
+3 * 24
jcnd=24/24 0x75cc9 * 
* * 
0x77541 1516 12
+3 * 12
jump=12 0x75c02 * 
* * 

fl=(193)
fn=(730)
0x97ef0 77 1
+4 +3 1
+3 * 1
+2 * 1
+6 +2 1
+1 +2 1
+3 * 1
+6 -7 1
+1 * 1
+4 +11 1
+2 * 1
jcnd=1/1 0x97fb8 +9 
* * 
+69 +79 1
+8 +3 1
+3 +2 1
+4 +3 1
+1 +2 1
+2 +1 1
+4 * 1
+1 * 1
+76 -81 1
+6 * 1
+2 +11 1
+3 * 1
+3 * 1
+3 * 1
+6 +4 1
+8 +3 1
+3 * 1
jcnd=1/1 +50 -71 
* * 
+50 -71 1
+3 +1 1
+6 * 1
+2 * 1
+8 * 1
+2 * 1
+2 * 1
+2 * 1
+2 * 1
+2 +1 1
+6 +84 1
+3 * 1
+2 * 1
+6 +1 1
+7 * 1
jump=1 0x97f55 +36 
* * 

fl=(179) ./string/../sysdeps/x86_64/multiarch/memmove-vec-unaligned-erms.S
fn=(610) __mempcpy_avx_unaligned_erms
0x1a0780 294 6
+4 +1 6
+3 +1 6
+3 +1 6
jump=6 +61 +17 
* * 
+61 +17 6
+4 +1 6
jcnd=6/6 +37 +42 
* * 
+37 +42 6
+3 +1 6
jcnd=2/6 +47 +36 
* * 
+2 +2 4
+3 +1 4
jcnd=1/4 +72 +55 
* * 
+2 +2 3
+3 +4 3
+2 +1 3
+3 +1 3
+2 +1 3
+2 +1 3
jcnd=3/3 +12 +4 
* * 
+12 +4 3
+2 +2 3
+14 +17 2
+4 +1 2
+6 +1 2
+4 +1 2
+6 +2 2
+10 +17 1
+5 +1 1
+3 +1 1
+3 +1 1
+5 +1 1

fn=(612) __memcpy_avx_unaligned_erms
0x1a07c0 307 200
+4 +1 200
+3 +6 200
+4 +1 200
jcnd=200/200 +37 +42 
* * 
+37 +42 200
+3 +1 200
+2 +2 200
+3 +1 200
+2 +2 200
+3 +4 200
+2 +1 200
+3 +1 200
+2 +1 200
+2 +1 200
jcnd=200/200 +12 +4 
* * 
+12 +4 200
+2 +2 200

fl=(173) ./malloc/./malloc/malloc.c
fn=(592) _int_malloc
0xa39b0 1343 506
+3 * 506
+6 3771 506
+2 1362 506
+4 3771 506
+2 * 506
+2 * 506
+2 * 506
+1 * 506
+3 * 506
+1 * 506
+3 * 506
+7 1362 506
+4 * 506
jcnd=506/506 0xa3af8 * 
* * 
+46 3904 505
+3 +2 505
+4 -2 505
+4 +2 505
+3 * 505
jcnd=505/505 0xa3de8 4399 
* * 
0xa3af8 1362 506
+4 * 506
+3 3811 506
+3 * 506
+6 4397 506
+3 * 506
+4 3838 506
+7 * 506
jcnd=504/506 0xa3d60 +15 
* * 
+6 +63 2
+6 * 2
jcnd=1/2 0xa4558 +3 
* * 
+6 +62 1
+5 * 1
+3 * 1
+3 * 1
+3 * 1
+4 * 1
+3 * 1
+4 * 1
+4 * 1
+4 * 1
+4 * 1
+5 * 1
+4 * 1
+3 * 1
+4 * 1
+5 * 1
+4 * 1
+3 * 1
+4 * 1
+5 * 1
+5 * 1
+4 * 1
+3 * 1
+2 * 1
+5 * 1
+3 * 1
+5 * 1
+8 * 1
+8 * 1
+4 * 1
+4 * 1
+4 * 1
jcnd=1/1 +31 +1 
* * 
+31 +1 1
+3 * 1
+2 * 1
jcnd=1/1 0xa3e43 +19 
* * 
0xa3d60 3853 504
+4 * 504
+4 * 504
+8 -10 504
+4 +2 504
+3 * 504
+6 * 504
+5 * 504
+4 * 504
jump=504 0xa3a06 +59 
* * 
+98 4399 505
+3 * 505
+3 3903 505
+5 4399 505
+4 * 505
+4 * 505
+11 * 505
+5 * 505
+3 * 505
+5 * 505
+3 * 505
+7 * 505
+4 * 505
+8 * 505
+8 * 505
+9 * 505
+9 3983 505
+4 +1 505
+7 -1 505
+4 * 505
+3 -1 505
+2 * 505
+5 +2 505
+6 * 505
jcnd=1/505 +18 +10 
* * 
-31 -1 1
+4 +1 1
+7 -1 1
+4 * 1
+3 -1 1
+2 * 1
+5 +2 1
+6 * 1
+2 -2 505
+7 * 505
+4 * 505
+5 +12 505
+4 -6 505
+8 +73 505
+5 * 505
+5 * 505
+5 * 505
+4 -67 505
+4 * 505
+3 * 505
jcnd=505/505 0xa4228 4183 
* * 
-38 * 1
+4 -6 1
+8 +73 1
+5 * 1
+5 * 1
+5 * 1
+4 -67 1
+4 * 1
+3 * 1
jcnd=1/1 0xa4228 4183 
* * 
0xa4076 4413 506
+7 * 506
+3 * 506
+1 * 506
+1 * 506
+2 * 506
+2 * 506
+2 * 506
+2 * 506
0xa4228 4183 506
+7 * 506
jcnd=505/506 +36 +73 
* * 
+2 +2 1
+4 * 1
+4 * 1
+4 +3 1
+3 -3 1
+4 +3 1
+3 * 1
jcnd=1/1 +12 +68 
* * 
+12 +68 506
+4 * 506
+3 +1 506
+4 +1 506
+2 -1 506
+5 +1 506
+3 +1 506
+2 * 506
+7 +1 506
+5 * 506
+2 * 506
+8 +5 506
+2 * 506
jcnd=506/506 0xa4450 +4 
* * 
0xa4450 +4 506
+3 * 506
+3 * 506
+2 +3 506
+2 * 506
+7 * 506
+2 * 506
+6 -3 506
+3 * 506
+3 * 506
jcnd=1/506 +38 4369 
* * 
+2 +3 505
+2 * 505
+7 * 505
+2 * 505
+6 -3 505
+3 * 505
jcnd=1/505 +16 4369 
* * 
+2 +3 504
+6 * 504
+2 * 504
+6 +97 506
+4 +1 506
+4 * 506
+4 +2 506
+7 * 506
+6 +3 506
+4 * 506
+3 * 506
jcnd=505/506 0xa4873 +5 
* * 
+6 * 1
+5 * 1
+5 +17 1
+3 * 1
+2 * 1
jcnd=1/1 0xa48cd +15 
* * 
0xa4558 3904 1
+5 * 1
+8 * 1
jump=1 0xa3a06 * 
* * 
0xa4873 4380 505
+7 -2 505
+4 * 505
+5 +2 505
+3 -1 505
+4 +6 505
+4 -5 505
+3 -3 505
+3 +3 505
+3 +2 505
+4 -2 505
+4 * 505
+3 * 505
+4 * 505
+4 2005 505
+6 4382 505
+4 2005 505
+2 * 505
jcnd=505/505 0xa4076 4413 
* * 
+23 4407 1
+3 * 1
+3 * 1
+5 * 1
cfn=(594) sysmalloc
calls=1 0xa30d0 2548 
* * 239
+5 * 1
+3 +1 1
+3 * 1
+6 2005 1
+6 * 1
+2 * 1
jcnd=1/1 0xa4076 4413 
* * 

fn=(580) malloc
0xa50a0 3287 401
+4 * 401
+2 * 401
+1 * 401
+3 * 401
+1 * 401
+4 +7 401
+7 * 401
jfi=(174) ./malloc/./malloc/arena.c
jcnd=1/401 0xa52d0 315 
* * 
+6 1343 400
+3 * 400
+6 +19 401
+4 * 401
+3 * 401
+4 * 401
jcnd=401/401 0xa51b0 * 
* * 
+6 3306 401
+7 * 401
+4 * 401
+3 * 401
jcnd=1/401 0xa51c8 -65 
* * 
+6 +3 400
+7 * 400
jcnd=400/400 0xa5200 +2 
* * 
+6 +10 400
+8 * 400
+2 * 400
jcnd=400/400 0xa5250 +2 
* * 
0xa51a2 +28 400
+4 * 400
+1 * 400
+1 * 400
+2 * 400
+6 1362 401
+4 3304 401
+4 * 401
+4 * 401
jump=401 0xa50d6 +2 
* * 
+12 -63 1
+7 * 1
+4 * 1
+6 * 1
cfn=(590) tcache_init.part.0
calls=1 0xa4990 -6 
* * 484
+5 +68 1
+7 * 1
+6 +1 1
+4 * 1
+3 * 1
+6 * 1
+8 +1 1
+5 * 1
+3 * 1
jcnd=1/1 0xa50f7 +8 
* * 
-8 * 400
+5 * 400
+3 * 400
jcnd=399/400 0xa50f7 +8 
* * 
+6 3193 1
+5 * 1
+4 +1 1
+2 * 1
+6 +2 1
+3 +1 1
+3 -1 1
+4 * 1
+3 * 1
+4 +1 1
+5 +1 1
+8 3347 1
+4 * 1
+1 * 1
+1 * 1
+2 * 1
+11 -26 400
+7 * 400
+3 * 400
+3 * 400
cfn=(592)
calls=400 0xa39b0 1343 
* * 56405
+5 +1 400
+3 * 400
+6 * 400
+4 * 400
+3 * 400
fi=(174)
+6 162 400
+3 * 400
jfi=(173)
jcnd=400/400 0xa51a2 3347 
* * 
+85 315 1
cfn=(584) ptmalloc_init.part.0
calls=1 0xa19b0 -2 
* * 1128
fe=(173)
+5 1343 1
+3 * 1
jcnd=1/1 0xa50c5 +19 
* * 

fn=(652) free
0xa53e0 3352 505
+4 +4 505
+3 * 505
+6 -4 505
+1 +14 505
+4 -14 505
+1 * 505
+4 +12 505
+7 +4 505
+4 -4 505
+3 +4 505
+2 * 505
+2 +17 505
+7 * 505
+5 * 505
fi=(174)
+6 162 505
+7 * 505
+2 * 505
jfi=(173)
jcnd=505/505 +40 3391 
* * 
fe=(173)
+40 3391 505
+2 * 505
cfn=(656) _int_free
calls=505 0xa26a0 4421 
* * 42606
+5 +3 505
+3 +1 505
+4 * 505
+1 * 505
+1 * 505

fn=(594)
0xa30d0 2548 1
+2 * 1
+2 * 1
+2 * 1
+2 * 1
+1 * 1
+3 * 1
+1 * 1
+3 * 1
+4 +20 1
+9 * 1
+5 * 1
+7 * 1
+4 +11 1
+3 * 1
+6 +1 1
+7 * 1
+6 * 1
+4 +26 1
+4 +1 1
+4 * 1
+3 * 1
+4 +1 1
+5 +9 1
+2 * 1
+4 * 1
+3 * 1
jcnd=1/1 +33 +6 
* * 
+33 +6 1
+4 * 1
+3 * 1
+6 +3 1
+7 * 1
+3 * 1
jcnd=1/1 0xa32c0 +61 
* * 
0xa31fd 2941 1
+7 * 1
+2 +1 1
+7 +5 1
+4 * 1
+4 +3 1
+3 * 1
+6 +5 1
+7 * 1
+2 -2 1
+4 +2 1
+3 -1 1
+4 +1 1
+3 -3 1
+3 +3 1
+4 +1 1
+4 -1 1
+3 * 1
+4 * 1
+4 +1 1
+4 +2 1
+4 * 1
jump=1 +67 +6 
* * 
+67 +6 1
+5 * 1
+9 * 1
+6 * 1
+4 * 1
+1 * 1
+1 * 1
+2 * 1
+2 * 1
+2 * 1
+2 * 1
+8 2687 1
+7 * 1
+5 +9 1
+3 * 1
+3 * 1
+4 * 1
+4 +13 1
+7 * 1
+3 * 1
+6 +8 1
+5 * 1
+3 * 1
+3 * 1
+3 * 1
+5 +8 1
+3 * 1
jfi=(174)
jcnd=1/1 0xa35f0 565 
* * 
+95 +39 1
+8 * 1
jcnd=1/1 0xa3810 +1 
* * 
+6 +2 1
+7 * 1
+3 * 1
+7 +6 1
+3 * 1
jcnd=1/1 +63 +3 
* * 
+63 +3 1
+7 * 1
jcnd=1/1 0xa3718 * 
* * 
+27 2896 1
+3 -1 1
+7 +1 1
+3 * 1
+4 * 1
+4 +1 1
+7 +11 1
+3 * 1
jcnd=1/1 0xa31fd +33 
* * 
fi=(174)
0xa35f0 565 1
fe=(173)
+4 2727 1
cfi=(176)
cfn=(598)
calls=1 0xa25b0 25 
* * 57
+5 +1 1
+4 * 1
+3 -1 1
+3 +1 1
+6 2028 1
+7 2729 1
+5 2028 1
+4 2729 1
+3 2028 1
+3 * 1
+6 2730 1
+1 +3 1
+3 * 1
+6 +33 1
+5 * 1
+5 2610 1
+3 * 1
jump=1 0xa335f 2764 
* * 
0xa3718 2775 1
+3 * 1
jcnd=1/1 +32 +40 
* * 
+32 +40 1
+3 * 1
+3 * 1
jcnd=1/1 0xa3870 2713 
* * 
+25 +22 1
+3 +1 1
+3 -1 1
+3 +1 1
+3 * 1
+5 * 1
+3 * 1
+3 * 1
+4 * 1
+3 +2 1
+3 * 1
+6 +1 1
+3 * 1
+5 * 1
cfi=(176)
cfn=(598)
calls=1 0xa25b0 25 
* * 28
+5 +12 1
+5 * 1
+3 -12 1
+3 +12 1
+6 2028 1
+7 * 1
+4 * 1
+3 * 1
+6 2897 1
+7 * 1
+4 * 1
+3 * 1
jump=1 0xa33e2 -1 
* * 
+79 2765 1
+7 * 1
jump=1 0xa336d +1 
* * 
+89 -52 1
+4 * 1
+3 * 1
jump=1 0xa375a 2837 
* * 

fn=(622) calloc
0xa6520 3624 105
+4 * 105
+2 +10 105
+3 -10 105
+2 * 105
+1 * 105
+1 * 105
+4 +10 105
+3 * 105
+3 * 105
+3 * 105
+3 * 105
+6 * 105
+3 * 105
+3 * 105
+6 +8 105
+7 * 105
+6 +3 105
+7 * 105
+5 * 105
+6 +2 105
+8 * 105
+2 * 105
jcnd=105/105 0xa6738 +10 
* * 
0xa65ee +32 105
+3 * 105
+3 * 105
cfn=(592)
calls=105 0xa39b0 1343 
* * 14805
+5 +2 105
+3 * 105
+2 * 105
+4 * 105
+3 * 105
fi=(174)
+2 162 105
+3 * 105
+7 * 105
fe=(173)
+6 3681 105
+3 * 105
+6 +3 105
+8 * 105
+2 * 105
jcnd=105/105 +22 +14 
* * 
+22 +14 105
+3 * 105
+2 +11 105
+4 +5 105
+6 -2 105
+3 * 105
jcnd=105/105 +30 -3 
* * 
+13 +50 105
+4 * 105
+1 * 105
+1 * 105
+2 * 105
+2 * 105
+7 -53 105
+4 +12 105
+2 * 105
+2 * 105
+3 * 105
+3 -20 105
+4 * 105
+4 * 105
+3 * 105
+4 +31 105
+4 +2 105
+4 * 105
+6 +2 105
+4 * 105
+6 +5 105
+4 +2 105
+8 -2 105
+3 +3 105
+4 * 105
jcnd=2/105 -89 +18 
* * 
+2 +2 103
+4 +2 103
+4 * 103
jcnd=103/103 -99 +14 
* * 
0xa6738 -91 105
+7 +1 105
+7 * 105
+4 * 105
+4 +7 105
jump=105 0xa65ee +14 
* * 

fn=(656)
0xa26a0 4421 505
+2 * 505
+2 * 505
+2 * 505
+3 * 505
+2 * 505
+1 * 505
+1 * 505
+4 +10 505
+4 -10 505
+9 * 505
+5 * 505
+2 +10 505
+3 * 505
+4 +6 505
+3 * 505
+3 * 505
+3 * 505
+6 * 505
+3 +1 505
+4 * 505
+6 +4 505
+4 * 505
+6 * 505
+3 * 505
+6 +8 505
+7 * 505
+3 * 505
+4 * 505
+3 * 505
+2 -1 505
+4 * 505
+4 +1 505
+7 * 505
+2 +29 505
+7 -20 505
+7 -6 505
+4 +6 505
+4 * 505
+6 +20 505
+4 * 505
+3 * 505
+3 * 505
jcnd=15/505 0xa2a00 3181 
* * 
+6 +14 490
+7 * 490
+6 +11 490
+5 * 490
+4 * 490
+4 * 490
+6 +2 490
+4 * 490
+8 * 490
+6 2012 490
+6 * 490
+2 * 490
+6 4527 490
+9 +1 490
+3 +4 490
+3 * 490
+4 * 490
+4 +2 490
+8 * 490
+2 * 490
+6 +4 490
+3 * 490
+6 +2 490
+4 * 490
+4 * 490
+3 * 490
+4 +1 490
+4 +19 490
+3 * 490
jcnd=2/490 +23 4702 
* * 
+2 * 488
+4 * 488
jcnd=488/488 +17 4702 
* * 
+17 4702 505
+5 * 505
+9 * 505
+6 * 505
+4 * 505
+1 * 505
+1 * 505
+2 * 505
+2 * 505
+2 * 505
+2 * 505
0xa2a00 3181 15
+7 +4 15
+3 -4 15
+4 +2 15
+3 * 15
+4 * 15
+8 * 15
+4 +1 15
+8 +1 15
+4 4482 15
jump=15 0xa27e8 4702 
* * 

fn=(590)
0xa4990 3235 1
+1 * 1
+1 * 1
+4 +9 1
+7 * 1
+4 * 1
+3 * 1
+6 * 1
+2 * 1
+5 * 1
+5 * 1
+6 +1 1
+5 * 1
+3 * 1
cfn=(592)
calls=1 0xa39b0 1343 
* * 367
+5 * 1
+3 +1 1
+3 * 1
+6 +8 1
+2 * 1
+3 * 1
+3 * 1
+6 +7 1
+3 * 1
+2 +2 1
+7 +1 1
+4 * 1
+4 -1 1
+4 +1 1
+2 * 1
+7 * 1
+11 * 1
+3 * 1
+6 * 1
+3 * 1
jcnd=1/1 * * 
* * 
* * 79
jcnd=78/79 * * 
* * 
+3 +3 1
+4 * 1
+1 * 1
+1 * 1

fl=(177)
fn=(600)
0x11a860 37 2
+4 * 2
+2 +6 2
+7 -6 2
+1 +3 2
+7 -3 2
+1 * 2
+3 +3 2
+4 +3 2
jcnd=2/2 +35 +15 
* * 
+18 +20 1
+4 +15 1
+3 * 1
+1 * 1
+1 * 1
+2 * 1
-7 * 1
+3 * 1
+1 * 1
+1 * 1
+2 * 1
+6 -20 2
+3 * 2
jcnd=1/2 +17 +4 
* * 
+2 +1 1
+2 * 1
cfi=(178) ./misc/../sysdeps/unix/sysv/linux/brk.c
cfn=(602) brk
calls=1 0x11a820 -24 
* * 9
+5 * 1
+2 * 1
+2 +4 1
+4 -1 1
+3 * 1
-3 * 1
+3 * 1
jcnd=1/1 -40 +1 
* * 
+2 +4 1
+2 * 1
+3 * 1
+3 * 1
jcnd=1/1 +46 +8 
* * 
+46 +8 1
cfi=(178)
cfn=(602)
calls=1 0x11a820 -39 
* * 9
+5 * 1
+2 * 1
jcnd=1/1 -99 +4 
* * 

fl=(196)
fn=(744)
0xeadd0 76 2
+4 * 2
+1 +1 2
+2 -1 2
+3 +1 2
+5 * 2
+8 * 2
fi=(197) ./posix/../malloc/dynarray-skeleton.c
+6 243 2
fe=(196)
+7 65 2
+3 * 2
jcnd=2/2 0xeaeb0 +38 
* * 
0xeaeb0 +38 2
+2 * 2
+6 * 2
+3 * 2
+2 +1 2
+1 * 2

fl=(103)
fn=(334)
0xa8830 66 1
+4 -25 1
+7 * 1
+6 * 1
+3 * 1
+2 +1 1
+6 * 1
+6 * 1
+2 +2 1
+2 * 1
+2 +5 1
+7 * 1
+3 * 1
+2 +3 1
+6 * 1
+7 * 1
jcnd=1/1 +58 +14 
* * 
+58 +14 1

fl=(140)
fn=(440)
0x974e0 50 1
+4 * 1
+1 +1 1
+7 * 1
+5 -1 1
+4 * 1
+9 * 1
+5 * 1
+2 +1 1
+3 * 1
+3 * 1
cob=(2)
cfi=(50)
cfn=(442)
calls=1 0x487e650 -51 
* * 840
+5 +2 1
+7 * 1
+3 * 1
+5 * 1
cob=(2)
cfi=(50)
cfn=(442)
calls=1 0x487e650 -53 
* * 23
+5 +2 1
+5 * 1
+9 * 1
+2 * 1
+4 * 1
+1 * 1

fl=(80)
fn=(280)
0xc51a0 86 1
fi=(81) ./string/../sysdeps/x86/cacheinfo.h
+4 -25 1
+7 +3 1
+7 * 1
+7 * 1
+2 +2 1
+3 +1 1
+7 -1 1
+3 * 1
+7 +7 1
+7 * 1
+7 * 1
+2 +2 1
+3 +1 1
+7 -1 1
+3 * 1
+7 +5 1
+7 * 1
+7 +2 1
+7 * 1
+7 +1 1
+7 * 1
+7 +1 1
+7 * 1
+7 +2 1
+7 * 1
jfi=(80)
jcnd=1/1 +9 * 
* * 
fe=(80)
+9 * 1
+2 * 1

fl=(88)
fn=(296)
0xa96d0 29 2
fi=(89) ./string/../sysdeps/x86_64/multiarch/ifunc-memset.h
+4 +21 2
+7 * 2
+7 * 2
+6 * 2
+3 * 2
+2 +3 2
+6 * 2
+6 * 2
+2 +7 2
+2 * 2
+5 +9 2
+3 * 2
+2 +2 2
+2 * 2
+6 +10 2
+3 * 2
+2 +8 2
+3 * 2
+2 +2 2
+2 * 2
+7 * 2
+7 * 2
+4 * 2
fe=(88)

fl=(116)
fn=(368)
0xa9b10 31 1
fi=(205)
+4 +1 1
+7 * 1
+7 * 1
+6 * 1
+6 * 1
jfi=(116)
jcnd=1/1 +47 -1 
* * 
fe=(116)
+47 -1 1

fl=(124)
fn=(390)
0xa8b00 29 1
fi=(210) ./string/../sysdeps/x86_64/multiarch/ifunc-sse4_2.h
+4 +1 1
+7 * 1
+7 * 1
+7 * 1
+7 * 1
fe=(124)
+4 -1 1

fl=(151) ./csu/../csu/libc-start.c
fn=(494) __libc_start_main@@GLIBC_2.34
0x29dc0 242 1
+4 * 1
+2 * 1
+3 * 1
+2 * 1
+2 * 1
+3 * 1
+2 * 1
+3 * 1
+1 * 1
+2 * 1
+1 * 1
+4 343 1
+3 * 1
+2 * 1
+3 +1 1
+2 * 1
+2 * 1
cfi=(152)
cfn=(496)
calls=1 0x458c0 69 
* * 71
+5 +25 1
+7 * 1
+2 * 1
+2 * 1
+3 * 1
+3 * 1
+6 +6 1
+7 * 1
+3 -3 1
+3 * 1
jcnd=1/1 +46 128 
* * 
+17 +10 1
+3 * 1
cob=(2)
cfi=(50)
cfn=(510) 0x000000000487e6d0
calls=1 0x487e6d0 0 
* * 836
+5 +2 1
+2 * 1
+6 +8 1
+3 * 1
+2 * 1
+3 * 1
cfi=(153)
cfn=(516)
calls=1 0x29d10 29 
* * 1387239
+5 128 1
+7 * 1
+3 +6 1
+7 * 1
+3 * 1
+2 +1 1
+4 * 1
+4 * 1
+3 * 1
+2 * 1
+3 * 1
cob=(2)
cfi=(50)
cfn=(500) 0x000000000010b000
calls=1 0x10b000 0 
* * 7
+2 * 1
+4 +3 1
+7 +1 1
+3 * 1
+2 +3 1
+7 * 1
+4 +1 1
+3 * 1
+4 -1 1
+4 +2 1
+2 * 1
+2 * 1
+3 * 1
+4 * 1
+4 * 1
+5 * 1
jump=1 +14 +1 
* * 
+14 +1 1
+4 * 1
+3 * 1
+2 * 1
cob=(5)
cfi=(150)
cfn=(504) 0x00000000000034d0
calls=1 0x34d0 0 
* * 12
+2 -1 1
+3 * 1
+5 * 1
+2 * 1
jump=1 0x29e23 382 
* * 

fl=(169) ./debug/./debug/printf_chk.c
fn=(568) __printf_chk
0x134ba0 25 2
+4 * 2
+7 * 2
+5 * 2
+5 * 2
+5 * 2
+5 * 2
+2 * 2
jcnd=2/2 +57 * 
* * 
+57 * 2
+9 * 2
+5 * 2
+2 +7 2
+8 -4 2
+2 * 2
+2 +4 2
+5 * 2
+5 -4 2
+3 +5 2
+3 -1 2
+5 +1 2
+7 -5 2
+2 +4 2
+7 +1 2
+3 -1 2
+8 +1 2
cfi=(159)
cfn=(530)
calls=2 0x75030 1180 
* * 4548
+5 +4 2
+5 * 2
+9 * 2
+2 * 2
+7 * 2

fl=(91)
fn=(304)
0xa9c10 29 2
fi=(92)
+4 +24 2
+7 * 2
+7 * 2
+6 -1 2
+3 * 2
+2 +4 2
+6 * 2
+6 * 2
+2 +14 2
+3 * 2
+2 +2 2
+2 * 2
+6 +8 2
+6 * 2
jcnd=2/2 +34 +8 
* * 
+34 +8 2
+3 * 2
jcnd=2/2 0xa9d18 +2 
* * 
0xa9d18 +2 2
+6 * 2
+7 * 2
+7 * 2
+4 * 2
fe=(91)

fl=(115)
fn=(364)
0xa8390 29 1
fi=(100)
+4 +7 1
+7 * 1
+6 +1 1
+6 -1 1
+3 * 1
+2 +1 1
+6 * 1
jcnd=1/1 +46 +2 
* * 
+46 +2 1
+2 * 1
+2 +4 1
+7 * 1
+3 * 1
+2 +3 1
+7 * 1
+6 * 1
fe=(115)
+2 -17 1

fl=(128)
fn=(404)
0xd99a0 38 1
fi=(211) ./time/../sysdeps/unix/sysv/linux/dl-vdso.h
+4 +2 1
+7 * 1
+7 +1 1
+3 * 1
jfi=(128)
jcnd=1/1 0xd9a78 -3 
* * 
fe=(128)
0xd9a78 -3 1
+7 * 1

fn=(666) time_syscall
0xd9970 31 1
+4 +1 1
+5 * 1
+2 * 1
+6 * 1
+2 +1 1

fl=(84)
fn=(288)
0xa89e0 29 1
fi=(210)
+4 +1 1
+7 * 1
+7 * 1
+7 * 1
+7 * 1
fe=(84)
+4 -1 1

fl=(178)
fn=(602)
0x11a820 35 2
+4 +1 2
+5 * 2
+2 * 2
+7 * 2
+3 +1 2
+3 * 2
+2 +6 2
+2 +1 2

fl=(160) ./string/../sysdeps/x86_64/multiarch/strchr-avx2.S
fn=(536) __strchrnul_avx2
0x19d400 51 452
+4 +2 452
+4 +1 452
+2 +1 452
+5 +1 452
+5 +1 452
+5 +3 452
+5 +1 452
+6 +4 452
+4 +1 452
+5 +1 452
+5 +1 452
+4 +1 452
+4 +1 452
+2 +1 452
+2 +1 452
+4 +6 452
+3 +1 452
+3 * 452

fl=(194)
fn=(732)
0x99a70 367 1
+4 51 1
+3 * 1
+2 * 1
+6 +1 1
+3 * 1
+2 367 1
+4 57 1
+2 * 1
jcnd=1/1 +86 +17 
* * 
+2 +8 1
+4 -3 1
+7 -23 1
+3 +1 1
+6 * 1
jcnd=1/1 +24 * 
* * 
+11 +30 1
+1 369 1
+4 * 1
+8 40 1
+8 * 1
+2 * 1
+2 +1 1
+6 * 1
jump=1 -31 +29 
* * 
+22 +33 1
+6 * 1
jcnd=1/1 +49 +6 
* * 
+49 +6 1
+3 * 1
+3 * 1
+3 * 1
+2 +4 1
+8 * 1
+3 * 1
jcnd=1/1 +12 +3 
* * 
+12 +3 1
+4 * 1
+6 * 1
jump=1 0x99a8c -22 
* * 

fl=(198)
fn=(792)
0xeac00 27 1
+4 * 1
+7 +3 1
+5 +1 1
+5 * 1
jump=1 +24 -1 
* * 

fl=(138)
fn=(436)
0x11a2d0 38 1
+4 * 1
+3 +1 1
+2 * 1
+2 * 1
+5 * 1
+2 * 1
+2 * 1
+6 * 1
+2 +1 1

fl=(174)
fn=(584)
0xa19b0 313 1
fi=(173)
+1 3162 1
+5 * 1
+5 * 1
fe=(174)
+7 313 1
+1 * 1
+4 * 1
+9 * 1
+5 * 1
+2 +5 1
fi=(173)
+7 3162 1
+3 * 1
cfi=(175)
cfn=(586)
calls=1 0x46c70 28 
* * 9
+5 * 1
+4 * 1
jfi=(174)
jcnd=1/1 +79 343 
* * 
fe=(174)
+79 343 1
+7 * 1
jcnd=1/1 +9 +4 
* * 
+9 +4 1
+7 * 1
+7 * 1
fi=(173)
+4 1966 1
+4 * 1
+3 * 1
+7 * 1
+7 +3 1
+5 -3 1
+4 +3 1
+4 * 1
+3 -3 1
+3 * 1
jcnd=1/1 -19 +3 
* * 
-19 +3 126
+5 -3 126
+4 +3 126
+4 * 126
+3 -3 126
+3 * 126
jcnd=125/126 -19 +3 
* * 
fe=(174)
+2 352 1
+7 * 1
+3 * 1
fi=(173)
+5 1977 1
+11 +1 1
+10 +2 1
fe=(174)
+7 352 1
cob=(2)
cfi=(50)
cfn=(442)
calls=1 0x487e650 0 
* * 23
+5 +1 1
+7 * 1
+3 * 1
+5 * 1
cob=(2)
cfi=(50)
cfn=(442)
calls=1 0x487e650 0 
* * 22
+5 +1 1
+7 * 1
+3 * 1
+5 * 1
cob=(2)
cfi=(50)
cfn=(442)
calls=1 0x487e650 0 
* * 23
+5 +1 1
+7 * 1
+3 * 1
+5 * 1
cob=(2)
cfi=(50)
cfn=(442)
calls=1 0x487e650 0 
* * 23
+5 +1 1
+7 * 1
+3 * 1
+5 * 1
cob=(2)
cfi=(50)
cfn=(442)
calls=1 0x487e650 0 
* * 22
+5 +1 1
+7 * 1
+3 * 1
+5 * 1
cob=(2)
cfi=(50)
cfn=(442)
calls=1 0x487e650 0 
* * 23
+5 +1 1
+7 * 1
+3 * 1
+5 * 1
cob=(2)
cfi=(50)
cfn=(442)
calls=1 0x487e650 0 
* * 23
+5 +2 1
+7 * 1
+3 * 1
+5 * 1
cob=(2)
cfi=(50)
cfn=(442)
calls=1 0x487e650 0 
* * 23
+5 +1 1
+7 * 1
+3 * 1
+5 * 1
cob=(2)
cfi=(50)
cfn=(442)
calls=1 0x487e650 0 
* * 23
+5 +1 1
+7 * 1
+3 * 1
+5 * 1
cob=(2)
cfi=(50)
cfn=(442)
calls=1 0x487e650 0 
* * 23
+5 +3 1
+7 * 1
+3 * 1
+5 * 1
cob=(2)
cfi=(50)
cfn=(442)
calls=1 0x487e650 0 
* * 23
+5 +1 1
+7 * 1
+3 * 1
+5 * 1
cob=(2)
cfi=(50)
cfn=(442)
calls=1 0x487e650 0 
* * 23
+5 +1 1
+8 * 1
jcnd=1/1 +9 +63 
* * 
+9 +63 1
+5 * 1
+9 * 1
+2 * 1
+4 * 1
+1 * 1
+1 * 1

fl=(104)
fn=(336)
0xa9a70 31 1
fi=(205)
+4 +1 1
+7 * 1
+7 * 1
+6 * 1
+6 * 1
jfi=(104)
jcnd=1/1 +47 -1 
* * 
fe=(104)
+47 -1 1

fl=(155)
fn=(520)
0x42110 30 1
+4 +2 1
+3 +9 1
+3 +1 1
+9 * 1
+4 +1 1
+4 +4 1
+4 +1 1
+4 +1 1
+4 +1 1
+4 +1 1
+5 +2 1
+9 * 1
+4 +2 1
+4 +1 1
+4 +1 1
+1 +2 1
+9 * 1
+4 +2 1
+4 +5 1
+12 +1 1
jcnd=1/1 +11 +17 
* * 
+11 +17 1
cfi=(156) ./setjmp/./setjmp/sigjmp.c
cfn=(522) __sigjmp_save
calls=1 +18 -56 
* * 9

fl=(162) ./string/../sysdeps/x86_64/multiarch/strlen-avx2.S
fn=(542) __strlen_avx2
0x19d7e0 50 626
+4 +13 626
+2 +1 626
+3 +1 626
+4 +3 626
+5 +2 626
+5 +1 626
+6 +3 626
+4 +1 626
+4 +8 626
+2 +1 626
+2 +1 626
+4 +5 626
+3 * 626

fl=(167)
fn=(560)
0x114870 25 16
+4 +1 16
+8 * 16
+2 * 16
+2 * 16
+5 * 16
+2 * 16
+6 * 16
+2 +1 16

fl=(184) ./stdlib/./stdlib/rand.c
fn=(676) rand
0x46760 26 100
+4 * 100
+4 +1 100
cfi=(182)
cfn=(678)
calls=100 0x46230 288 
* * 5288
+5 +1 100
+4 * 100

fl=(186) ./debug/./debug/vsnprintf_chk.c
fn=(700) __vsnprintf_chk
0x134b60 26 200
+4 +1 200
+3 * 200
+2 * 200
+2 * 200
+3 +5 200
+3 * 200
+3 * 200
+2 * 200
+4 +2 200
+3 * 200
cfi=(187)
cfn=(702)
calls=200 0x883f0 +61 
* * 156634

fl=(105)
fn=(338)
0xa8420 29 1
fi=(210)
+4 +1 1
+7 * 1
+7 * 1
+7 * 1
+7 * 1
fe=(105)
+4 -1 1

fl=(109)
fn=(348)
0xa9480 29 2
fi=(110) ./string/../sysdeps/x86_64/multiarch/ifunc-memcmp.h
+4 +5 2
+7 * 2
+6 +1 2
+6 -1 2
+3 * 2
+2 +1 2
+6 * 2
jcnd=2/2 +46 +1 
* * 
+46 +1 2
+3 * 2
+2 +1 2
+6 * 2
+6 * 2
+2 +2 2
+2 * 2
+2 +4 2
+7 * 2
+3 * 2
+2 +3 2
+6 * 2
+7 * 2
fe=(109)
+2 -17 2

fl=(111)
fn=(352)
0xc5b00 31 2
fi=(112) ./wcsmbs/../sysdeps/x86_64/multiarch/ifunc-wmemset.h
+4 +2 2
+7 * 2
+7 * 2
+6 * 2
+3 * 2
+2 +1 2
+6 * 2
+3 * 2
+2 +2 2
+2 * 2
+2 +8 2
+7 * 2
+3 * 2
+2 +3 2
+3 * 2
+7 * 2
+7 * 2
fe=(111)
+4 -16 2

fl=(172) ./io/../sysdeps/unix/sysv/linux/fstatat64.c
fn=(576) fstatat
0x113d30 153 1
+4 * 1
+3 -55 1
+5 * 1
+2 +70 1
+5 * 1
+2 * 1
+2 +1 1

fl=(171)
fn=(574)
0x113cd0 29 1
+4 * 1
+3 +1 1
+2 * 1
+2 +5 1
+5 * 1
+7 * 1
cfi=(172)
cfn=(576)
calls=1 +73 153 
* * 8

fl=(114)
fn=(360)
0xab010 31 1
fi=(83)
+4 +2 1
+7 * 1
+7 * 1
+6 * 1
+2 * 1
+6 -1 1
+6 * 1
jcnd=1/1 +10 +2 
* * 
+10 +2 1
+6 * 1
+3 * 1
+2 +2 1
+2 * 1
+2 +4 1
+7 * 1
+3 * 1
+2 +3 1
+3 * 1
+7 * 1
+7 * 1
fe=(114)
+4 -12 1

fl=(122)
fn=(386)
0xa93f0 29 2
fi=(123)
+4 +6 2
+7 * 2
+7 * 2
+6 * 2
+2 * 2
+6 -1 2
+6 * 2
jcnd=2/2 +10 +2 
* * 
+10 +2 2
+6 * 2
+3 * 2
+2 +5 2
+2 * 2
+6 -3 2
+2 * 2
+2 +9 2
+7 * 2
+2 * 2
+2 +3 2
+3 * 2
+7 * 2
+7 * 2
fe=(122)
+4 -21 2

fl=(156)
fn=(522)
0x42190 28 1
+4 * 1
+1 * 1
+3 +2 1
+2 * 1
+2 -1 1
+3 +5 1
+2 * 1
+1 * 1

fl=(158) ./debug/./debug/fprintf_chk.c
fn=(528) __fprintf_chk
0x134c70 25 12
+4 * 12
+7 * 12
+3 * 12
+3 * 12
+5 * 12
+5 * 12
+5 * 12
+2 * 12
jcnd=12/12 +57 * 
* * 
+57 * 12
+9 * 12
+5 * 12
+2 +3 12
+2 * 12
+3 +4 12
+8 -4 12
+3 +4 12
+5 +1 12
+3 -1 12
+5 -4 12
+2 +4 12
+7 * 12
+8 * 12
+5 +1 12
cfi=(159)
cfn=(530)
calls=12 0x75030 1180 
* * 18750
+5 +4 12
+5 * 12
+9 * 12
+2 * 12
+7 * 12

ob=(2)
fl=(50)
fn=(510)
0x487e6d0 0 1
+4 0 1
cob=(1)
cfi=(48)
cfn=(514)
calls=1 0x1b660 117 
* 0 5
cob=(1)
cfi=(141)
cfn=(448)
calls=1 0x15c60 67 
* 0 824
* 0 5

fn=(526) 0x000000000010b2f0
0x10b2f0 0 12
+4 0 12
cob=(3)
cfi=(158)
cfn=(528)
calls=12 0x134c70 25 
* 0 19098

fn=(534)
0x487e4d0 0 452
+4 0 452
cob=(3)
cfi=(160)
cfn=(536)
calls=452 0x19d400 51 
* 0 8588

fn=(540)
0x487e490 0 26
+4 0 26
cob=(3)
cfi=(162)
cfn=(542)
calls=26 0x19d7e0 50 
* 0 364

fn=(766)
0x483f030 0 1
+4 0 1
cob=(3)
cfi=(195)
cfn=(742)
calls=1 0x459a0 30 
* 0 72

fn=(442)
0x487e650 0 19
+4 0 19
cob=(1)
cfi=(10)
cfn=(24)
calls=19 0x17d70 405 
* 0 391
cob=(1)
cfi=(141)
cfn=(448)
calls=1 0x15c60 67 
* 0 813
* 0 5

fn=(608)
0x487e3e0 0 6
+4 0 6
cob=(3)
cfi=(179)
cfn=(610)
calls=6 0x1a0780 294 
* 0 95

fn=(148)
0x4002080 0 1
+4 0 1
cob=(1)
cfi=(51)
cfn=(150)
calls=1 0x1d3d0 225 
* 0 2811

fn=(620) 0x000000000010b260
0x10b260 0 105
+4 0 105
cob=(3)
cfi=(173)
cfn=(622)
calls=105 0xa6520 3624 
* 0 22989

fn=(470)
0x483f000 0 1
+4 0 1
+4 0 1
+7 0 1
+3 0 1
jcnd=1/1 +4 0 
* 0 
+4 0 1
+4 0 1

fn=(578)
0x487e380 0 1
+4 0 1
cob=(3)
cfi=(173)
cfn=(580)
calls=1 0xa50a0 3287 
* 0 1813

fn=(694) 0x000000000010b270
0x10b270 0 200
+4 0 200
cob=(3)
cfi=(179)
cfn=(612)
calls=200 0x1a07c0 307 
* 0 3200

fn=(740) 0x000000000010b1b0
0x10b1b0 0 1
+4 0 1
cob=(3)
cfi=(195)
cfn=(742)
calls=1 0x459a0 30 
* 0 72

fn=(776)
0x483f288 0 1
+4 0 1
+4 0 1
+4 0 1

fn=(500)
0x10b000 0 1
+4 0 1
+4 0 1
+7 0 1
+3 0 1
jcnd=1/1 +4 0 
* 0 
+4 0 1
+4 0 1

fn=(756)
0x1120d0 0 1
+4 0 1
+4 0 1
+4 0 1

fn=(650) 0x000000000010b1d0
0x10b1d0 0 505
+4 0 505
cob=(3)
cfi=(173)
cfn=(652)
calls=505 0xa53e0 3352 
* 0 55231

fn=(712) 0x000000000010b1f0
0x10b1f0 0 1
+4 0 1
cob=(3)
cfi=(189)
cfn=(714)
calls=1 0x80e50 33 
* 0 401

fn=(720) 0x000000000010b2e0
0x10b2e0 0 1
+4 0 1
cob=(3)
cfi=(190)
cfn=(722)
calls=1 0x455f0 142 
* 0 1371

fn=(152)
0x4002050 0 3
+4 0 3
cob=(1)
cfi=(51)
cfn=(154)
calls=3 0x1d2e0 175 
* 0 8056

fn=(484)
0x487e5f0 0 1
+4 0 1
cob=(3)
cfi=(148)
cfn=(486)
calls=1 0x19d610 46 
* 0 28

fn=(668) 0x000000000010b240
0x10b240 0 1
+4 0 1
cob=(3)
cfi=(182)
cfn=(670)
calls=1 0x460a0 209 
* 0 6846

fn=(674) 0x000000000010b310
0x10b310 0 100
+4 0 100
cob=(3)
cfi=(184)
cfn=(676)
calls=100 0x46760 26 
* 0 5788

fn=(684) 0x000000000010b200
0x10b200 0 600
+4 0 600
cob=(3)
cfi=(162)
cfn=(542)
calls=600 0x19d7e0 50 
* 0 8400

fn=(690) 0x000000000010b290
0x10b290 0 400
+4 0 400
cob=(3)
cfi=(173)
cfn=(580)
calls=400 0xa50a0 3287 
* 0 74656

fn=(698) 0x000000000010b2a0
0x10b2a0 0 200
+4 0 200
cob=(3)
cfi=(186)
cfn=(700)
calls=200 0x134b60 26 
* 0 158834

fn=(566) 0x000000000010b2c0
0x10b2c0 0 2
+4 0 2
cob=(3)
cfi=(169)
cfn=(568)
calls=2 0x134ba0 25 
* 0 4608

fn=(664) 0x000000000010b280
0x10b280 0 1
+4 0 1
cob=(3)
cfi=(128)
cfn=(666)
calls=1 0xd9970 31 
* 0 6

ob=(5)
fl=(150)
fn=(750) 0x0000000000003420
0x3420 0 1
+7 0 1
+7 0 1
+3 0 1
jcnd=1/1 +23 0 
* 0 
+23 0 1

fn=(504)
0x3450 0 1
+7 0 1
+7 0 1
+3 0 1
+3 0 1
+4 0 1
+4 0 1
+3 0 1
+3 0 1
jcnd=1/1 +22 0 
* 0 
+22 0 1
+72 0 1
+4 0 1
jump=1 0x3450 0 
* 0 

fn=(734)
0x3490 0 1
+4 0 1
+7 0 1
+2 0 1
+1 0 1
+8 0 1
+3 0 1
+2 0 1
+7 0 1
cob=(2)
cfi=(50)
cfn=(740)
calls=1 0x10b1b0 0 
* 0 74
+5 0 1
cfn=(750)
calls=1 0x3420 0 
* 0 5
+5 0 1
+7 0 1
+1 0 1

fn=(492)
0x33f0 0 1
+4 0 1
+2 0 1
+3 0 1
+1 0 1
+3 0 1
+4 0 1
+1 0 1
+1 0 1
+3 0 1
+2 0 1
+7 0 1
cob=(3)
cfi=(151)
cfn=(494)
calls=1 0x29dc0 242 
* 0 1388236

fl=(180) /home/forgrademe/learn/lcthw/exercise/ex40/liblcthw/src/lcthw/bstree.c
fn=(632) BSTree_get
0x4860 115 2456
+4 * 2456
+2 * 2456
+3 * 2456
+1 * 2456
+3 * 2456
+1 +1 2456
+4 * 2456
+3 * 2456
jcnd=1/2456 +35 +6 
* * 
+2 * 2455
+9 -21 2455
+3 * 2455
+3 * 2455
cfn=(634) default_compare
calls=2455 0x4300 -88 
* * 92247
-6 * 7576
+3 * 7576
+3 * 7576
cfn=(634)
calls=7576 0x4300 -88 
* * 344654
+3 +2 10031
+2 * 10031
jcnd=1179/10031 +43 +23 
* * 
+2 +2 13579
jcnd=6001/13579 +19 +1 
* * 
+2 +7 7578
+4 * 7578
+3 * 7578
jcnd=7576/7578 -22 -11 
* * 
+2 +16 3
+1 -5 3
+2 +5 3
+1 * 3
+2 * 3
+2 -22 6001
+4 * 6001
+3 * 6001
+2 -5 6001
+3 * 6001
+3 * 6001
cfn=(634)
calls=6001 0x4300 -88 
* * 258007
+3 +2 6001
+2 * 6001
jcnd=4727/6001 -39 +2 
* * 
+2 +23 2453
+4 +2 2453
+1 * 2453
+1 * 2453
+2 * 2453

fn=(640) BSTree_traverse
0x48c0 143 4
+4 * 4
+2 +5 4
+2 -5 4
+2 * 4
+2 * 4
+1 * 4
+4 +1 4
+4 * 4
+3 * 4
jcnd=2/4 +24 -15 
* * 
+2 +5 3
+4 * 3
+1 * 3
+2 * 3
+2 * 3
+2 * 3
+11 -20 2
+4 * 2
+3 * 2
+3 * 2
+2 * 2
+4 * 2
+3 * 2
+2 * 2
+4 * 2
+3 * 2
jcnd=2/2 +11 +5 
* * 
+11 +5 2
+4 * 2
+3 * 2
jcnd=2/2 +14 +5 
* * 
+14 +5 2
+3 * 2
cfi=(157)
cfn=(644) traverse_fail_cb
calls=1 0x3530 26 
* * 1611
cfi=(157)
cfn=(642) traverse_good_cb
calls=1 0x34e0 18 
* * 1607
+3 -8 2
+2 * 2
+2 +3 2
+4 * 2
+3 * 2
jcnd=2/2 +14 +5 
* * 
+14 +5 2
+3 * 2
cfi=(157)
cfn=(644)
calls=1 0x3530 26 
* * 1611
cfi=(157)
cfn=(642)
calls=1 0x34e0 18 
* * 1607
+3 -8 2
+2 * 2
jcnd=1/2 0x48da +18 
* * 
+2 +3 1
+4 * 1
+3 * 1
jcnd=1/1 0x49ce +15 
* * 
0x49ce +15 1
+4 -10 1
+3 * 1
+3 +10 1
+1 * 1
+2 * 1
+2 * 1
+2 -10 1
cfi=(157)
cfn=(642)
calls=1 0x34e0 18 
* * 1607

fn=(660) BSTree_destroy
0x49f0 35 2
+4 +1 2
+3 * 2
+2 -1 2
+1 +2 2
+7 * 2
+3 * 2
cfn=(640)
calls=2 0x48c0 143 
* * 32
+5 +1 2
+3 +2 2
+1 -2 2
cob=(2)
cfi=(50)
cfn=(650)
calls=2 0x10b1d0 -38 
* * 203

fn=(630) BSTree_set
0x46f0 79 103
+4 * 103
+2 * 103
+3 * 103
+2 * 103
+3 * 103
+1 * 103
+3 * 103
+1 * 103
+4 +1 103
+4 * 103
+3 * 103
jcnd=101/103 +22 -20 
* * 
+2 * 2
jump=2 0x47a8 -35 
* * 
+8 -11 333
+4 * 333
+3 * 333
jcnd=44/333 +81 -24 
* * 
+2 +14 542
+3 -23 542
+3 * 542
+3 * 542
cfn=(634)
calls=542 0x4300 -53 
* * 26154
-6 * 101
+3 * 101
+3 * 101
cfn=(634)
calls=101 0x4300 -53 
* * 3929
+3 +2 643
+2 * 643
jcnd=333/643 -23 +7 
* * 
+2 +1 310
+4 * 310
+3 * 310
jcnd=253/310 -23 +20 
* * 
+2 -18 57
+5 * 57
+5 * 57
cob=(2)
cfi=(50)
cfn=(620)
calls=57 0x10b260 -45 
* * 12597
+5 +1 57
+3 * 57
+6 +2 57
+3 +1 57
+4 +1 57
+4 +16 57
+4 +22 57
+2 +3 57
+4 * 57
+1 * 57
+1 * 57
+2 * 57
+2 * 57
+3 -46 44
+5 * 44
+5 * 44
cob=(2)
cfi=(50)
cfn=(620)
calls=44 0x10b260 -45 
* * 9724
+5 +1 44
+3 * 44
+6 +2 44
+3 +1 44
+4 +1 44
+4 +22 44
+4 +19 44
+4 -3 44
+2 +3 44
+1 * 44
+1 * 44
+2 * 44
+2 * 44
+5 -46 2
+5 * 2
+5 * 2
cob=(2)
cfi=(50)
cfn=(620)
calls=2 0x10b260 -45 
* * 442
+5 +1 2
+3 * 2
+2 +2 2
+3 +1 2
+4 +1 2
+8 +32 2
+4 +9 2
+4 -3 2
+2 +3 2
+1 * 2
+1 * 2
+2 * 2
+2 * 2

fn=(618) BSTree_create
0x4650 13 2
+4 * 2
+2 +1 2
+5 -1 2
+1 * 2
+3 +1 2
+5 -1 2
+4 +1 2
cob=(2)
cfi=(50)
cfn=(620)
calls=2 0x10b260 -14 
* * 436
+5 * 2
+3 +1 2
+3 * 2
+2 +2 2
+3 * 2
+7 * 2
+4 * 2
+5 +9 2
+4 * 2
+3 * 2
+1 * 2
+2 * 2

fn=(648) BSTree_delete
0x4a20 228 205
+4 * 205
+2 * 205
+3 * 205
+1 * 205
+3 * 205
+1 +3 205
+4 * 205
+3 * 205
jcnd=203/205 +25 -44 
* * 
+2 * 2
jump=2 +45 -2 
* * 
+9 -34 655
+4 -1 655
jcnd=103/655 +44 +8 
* * 
+2 +1 552
+3 * 552
jcnd=74/552 +27 +32 
* * 
+2 +31 802
+3 -41 802
+3 * 802
+3 * 802
cfn=(634)
calls=802 0x4300 7 
* * 36444
-6 * 203
+3 * 203
+3 * 203
cfn=(634)
calls=203 0x4300 7 
* * 8267
+3 +2 1005
+2 * 1005
jcnd=655/1005 -25 +8 
* * 
+2 +1 350
+4 * 350
+3 * 350
jcnd=324/350 -23 +38 
* * 
+2 +39 102
+3 +12 102
+1 * 102
+1 * 102
+3 * 102
+2 * 102
+2 -37 103
+4 -22 103
+4 +22 103
+3 * 103
jcnd=35/103 0x4af5 -42 
* * 
+2 * 68
+3 * 68
jcnd=27/68 +89 -42 
* * 
+2 * 41
+6 -51 41
+3 * 41
+4 * 41
+3 * 41
jcnd=26/41 -10 * 
* * 
-10 * 61
+3 * 61
+4 * 61
+3 * 61
jcnd=35/61 -10 * 
* * 
+2 +28 41
+3 * 41
+3 * 41
+3 +30 41
+4 -30 41
+3 +1 41
+4 * 41
+4 -20 41
+4 +20 41
+4 -20 41
+3 * 41
+2 +1 41
+4 * 41
jcnd=26/41 0x4b3a +1 
* * 
+2 +3 15
+4 +7 15
+3 * 15
jcnd=11/15 +6 +63 
* * 
-3 * 26
+3 * 26
jcnd=22/26 +6 +63 
* * 
+2 +1 8
+4 +62 8
cob=(2)
cfi=(50)
cfn=(650)
calls=8 0x10b1d0 0 
* * 875
* * 95
cob=(2)
cfi=(50)
cfn=(650)
calls=95 0x10b1d0 0 
* * 10512
+5 +5 103
+3 * 103
+1 * 103
+1 * 103
+2 * 103
+1 -79 27
+4 * 27
+3 * 27
jcnd=2/27 +78 +8 
* * 
+2 +1 25
+4 * 25
jcnd=16/25 +90 +1 
* * 
+2 +3 9
+4 +8 9
+4 +2 9
+3 * 9
jump=9 -39 +60 
* * 
-7 -2 18
+4 +2 18
+3 * 18
jump=18 -39 +60 
* * 
+2 -14 35
+4 +55 35
+3 * 35
jcnd=17/35 +26 -55 
* * 
+2 -55 18
+3 * 18
+2 +1 18
+4 * 18
jcnd=11/18 +85 +1 
* * 
+2 +3 7
+4 +8 7
+4 +2 7
+3 * 7
jump=7 -72 +60 
* * 
-7 -2 11
+4 +2 11
+3 * 11
jump=11 -72 +60 
* * 
+2 -14 17
+3 * 17
jcnd=2/17 +51 +8 
* * 
+2 +1 15
+4 * 15
jcnd=8/15 +67 +1 
* * 
+2 +3 7
+8 * 7
+3 * 7
jump=7 -96 +70 
* * 
+2 +4 2
+4 * 2
jump=2 -70 +4 
* * 
+8 -6 26
+4 * 26
jump=26 0x4ac3 +9 
* * 
+2 * 16
+4 * 16
jump=16 -88 +10 
* * 
+8 +6 2
+8 * 2
+3 * 2
jump=2 0x4acc +66 
* * 
+5 -6 11
+4 * 11
jump=11 -83 +10 
* * 
+2 * 8
+8 * 8
+3 * 8
jump=8 0x4acc +72 
* * 

fn=(634)
0x4300 7 17680
+4 +1 17680
cfi=(181) /home/forgrademe/learn/lcthw/exercise/ex40/liblcthw/src/lcthw/bstrlib.c
cfn=(636) bstrcmp
calls=17680 0x6360 957 
* * 734342

fl=(181)
fn=(688) bfromcstrrangealloc
0x51a0 234 200
+4 * 200
+2 * 200
+2 * 200
+2 * 200
+2 * 200
+1 * 200
+1 * 200
+4 +6 200
+3 * 200
+6 * 200
+2 * 200
+2 +1 200
+2 * 200
+6 * 200
+2 * 200
+6 +3 200
+3 * 200
+3 * 200
cob=(2)
cfi=(50)
cfn=(684)
calls=200 0x10b200 0 
* * 3200
+5 +1 200
+3 +4 200
+5 -4 200
+4 -1 200
+3 +1 200
+3 * 200
+3 * 200
+3 +1 200
+2 * 200
+3 +3 200
cob=(2)
cfi=(50)
cfn=(690)
calls=200 0x10b290 0 
* * 37656
+5 * 200
+3 +1 200
+3 * 200
+2 +1 200
+4 +3 200
+3 * 200
+3 -1 200
+4 * 200
+3 * 200
cob=(2)
cfi=(50)
cfn=(690)
calls=200 0x10b290 0 
* * 37800
+5 * 200
+5 * 200
+3 * 200
+3 * 200
fi=(185) /usr/include/x86_64-linux-gnu/bits/string_fortified.h
+2 29 200
+3 * 200
+3 * 200
cob=(2)
cfi=(50)
cfn=(694)
calls=200 0x10b270 -29 
* * 3600
fe=(181)
+5 264 200
+4 * 200
+3 * 200
+1 * 200
+1 * 200
+2 * 200
+2 * 200
+2 * 200
+2 * 200

fn=(710) bdestroy
0x6840 1070 200
+4 +1 200
+3 * 200
+2 -1 200
+1 +1 200
+3 * 200
+3 * 200
+2 * 200
+2 * 200
+2 * 200
+2 * 200
+2 * 200
+2 * 200
+2 +1 200
+4 -1 200
+3 * 200
+2 +4 200
cob=(2)
cfi=(50)
cfn=(650)
calls=200 0x10b1d0 0 
* * 22316
+5 +9 200
+3 * 200
cob=(2)
cfi=(50)
cfn=(650)
calls=200 0x10b1d0 0 
* * 22335
+5 +1 200
+2 +1 200
+1 * 200

fn=(636)
0x6360 957 17680
+4 +3 17680
+3 * 17680
+6 * 17680
+3 * 17680
+6 * 17680
+4 * 17680
+3 * 17680
+6 * 17680
+4 * 17680
+3 * 17680
+2 +1 17680
+4 -1 17680
+3 * 17680
+2 +1 17680
+4 * 17680
+3 * 17680
+2 -4 17680
+1 * 17680
+3 * 17680
+3 * 17680
+4 +6 17680
jcnd=14408/17680 +55 * 
* * 
+2 +3 15124
+3 * 15124
+2 * 15124
+2 * 15124
jcnd=15124/15124 +28 +1 
* * 
+14 +3 11883
+3 * 11883
+2 -3 11883
+4 * 11883
+3 * 11883
+2 +1 27007
+5 * 27007
+5 * 27007
+2 +1 27007
+2 * 27007
jcnd=11883/27007 -28 +1 
* * 
+2 +7 15124
+1 * 15124
+1 -12 14408
+3 * 14408
jcnd=2556/14408 +7 +1 
* * 
+2 * 11852
+3 * 11852
jcnd=11852/11852 -61 +3 
* * 
+2 +1 2556
+2 +11 2556
+1 * 2556

fn=(682) bformat
0x9df0 3045 200
+4 * 200
+2 * 200
+2 * 200
+2 * 200
+1 * 200
+3 * 200
+1 * 200
+7 * 200
+5 * 200
+5 * 200
+5 * 200
+5 * 200
+5 * 200
+2 * 200
jcnd=200/200 +57 * 
* * 
+57 * 200
+9 * 200
+5 * 200
+2 +5 200
+3 * 200
+6 +6 200
+3 +1 200
+7 -1 200
cob=(2)
cfi=(50)
cfn=(684)
calls=200 0x10b200 0 
* * 3200
+5 +1 200
+3 -1 200
+3 * 200
+5 * 200
+2 * 200
+3 +1 200
+3 * 200
cfn=(686) bfromcstralloc
calls=200 0x5270 272 
* * 93856
+5 * 200
+3 * 200
+3 * 200
+6 * 200
+3 * 200
jfi=(168) /usr/include/x86_64-linux-gnu/bits/stdio2.h
jump=200 +38 85 
* * 
fi=(168)
+38 85 200
fe=(181)
+5 3064 200
fi=(168)
+3 85 200
+3 * 200
fe=(181)
+3 3063 200
+8 +1 200
fi=(168)
+3 85 200
+7 * 200
fe=(181)
+5 3063 200
+5 * 200
+5 * 200
+7 * 200
+8 * 200
fi=(168)
+5 85 200
cob=(2)
cfi=(50)
cfn=(698)
calls=200 0x10b2a0 -85 
* * 159234
fe=(181)
+5 3067 200
fi=(168)
+5 85 200
fe=(181)
+3 3067 200
+3 * 200
+4 +1 200
+5 * 200
cob=(2)
cfi=(50)
cfn=(684)
calls=200 0x10b200 0 
* * 3200
+5 * 200
+5 +2 200
+2 * 200
+6 +11 200
+5 * 200
+9 * 200
+2 * 200
+7 * 200
+3 * 200
+1 * 200
+1 * 200
+2 * 200
+2 * 200
+2 * 200

fn=(686)
0x5270 272 200
+4 * 200
+3 +1 200
+2 * 200
cfn=(688)
calls=200 0x51a0 -39 
* * 93056

fl=(157)
fn=(638) test_traverse
0x3920 75 1
+4 * 1
+4 +1 1
+7 * 1
+7 * 1
cfi=(180)
cfn=(640)
calls=1 0x48c0 +67 
* * 4866
+5 +1 1
+2 * 1
+6 +1 1
+7 * 1
jcnd=1/1 +78 +3 
* * 
+70 +8 1
+4 * 1
+4 -5 1
+7 * 1
+7 -1 1
+10 +1 1
cfi=(180)
cfn=(640)
calls=1 0x48c0 +62 
* * 3262
+5 +1 1
+3 * 1
+6 +3 1
+2 -2 1
+7 * 1
jcnd=1/1 -55 +3 
* * 

fn=(644)
0x3530 26 2
+4 * 2
+4 +1 2
+3 * 2
+3 * 2
+2 * 2
fi=(168)
+4 +78 2
+7 * 2
+2 * 2
+6 * 2
+7 * 2
+7 * 2
+5 * 2
cob=(2)
cfi=(50)
cfn=(526)
calls=2 0x10b2f0 0 
* * 3180
fe=(157)
+5 -77 2
+6 * 2
+3 +2 2
+3 -2 2
+6 +2 2
+3 +5 2
+4 -5 2
+3 +5 2

fn=(616) test_create
0x3590 39 1
+4 * 1
+4 +1 1
+2 * 1
cfi=(180)
cfn=(618)
calls=1 0x4650 -27 
* * 238
+5 * 1
+3 * 1
+7 +1 1
+3 * 1
+2 +3 1
+3 * 1
+4 * 1

fn=(642)
0x34e0 18 3
+4 * 3
+4 +1 3
+3 * 3
+3 * 3
+2 * 3
fi=(168)
+4 +86 3
+7 * 3
+6 * 3
+2 * 3
+7 * 3
+7 * 3
+5 * 3
cob=(2)
cfi=(50)
cfn=(526)
calls=3 0x10b2f0 0 
* * 4770
fe=(157)
+5 -85 3
+7 +2 3
+2 * 3
+4 * 3

fn=(662) test_fuzzing
0x3eb0 119 1
+4 * 1
+2 +1 1
+2 * 1
+7 -1 1
+2 * 1
+7 * 1
+2 +6 1
+3 -6 1
+2 * 1
+1 * 1
+1 * 1
+7 * 1
+9 * 1
+8 * 1
+2 +5 1
+8 -4 1
cfi=(180)
cfn=(618)
calls=1 0x4650 13 
* * 238
+5 +3 1
+5 * 1
+5 -3 1
+3 +3 1
+2 * 1
+5 * 1
jump=1 * * 
* * 
* * 100
jcnd=99/100 * * 
* * 
+3 +1 1
+5 * 1
+3 * 1
jump=1 * * 
* * 
* * 100
jcnd=99/100 * * 
* * 
+3 +1 1
+2 * 1
cob=(2)
cfi=(50)
cfn=(664)
calls=1 0x10b280 0 
* * 8
+5 * 1
+2 * 1
cob=(2)
cfi=(50)
cfn=(668)
calls=1 0x10b240 0 
* * 6848
+5 +2 1
+8 +1 1
cob=(2)
cfi=(50)
cfn=(674)
calls=1 0x10b310 0 
* * 60
* * 99
cob=(2)
cfi=(50)
cfn=(674)
calls=99 0x10b310 0 
* * 5928
+5 +1 100
+3 -1 100
+2 +1 100
+4 * 100
+2 * 100
cfi=(181)
cfn=(682)
calls=100 0x9df0 3045 
* * 132773
+5 +1 100
+4 * 100
+3 -1 100
+3 * 100
+5 * 100
+4 +1 100
+2 * 100
cfi=(181)
cfn=(682)
calls=100 0x9df0 3045 
* * 140517
+5 +1 100
+3 * 100
+3 -1 100
+4 * 100
+3 -3 100
+4 +4 100
cfi=(180)
cfn=(630)
calls=100 0x46f0 -52 
* * 60428
+5 -4 100
+7 * 100
jcnd=99/100 -76 +1 
* * 
+2 * 1
+6 * 1
+6 +8 1
+5 * 1
+3 * 1
+5 * 1
+3 * 1
cfi=(180)
cfn=(648)
calls=1 0x4a20 +93 
* * 179
-16 * 99
+5 * 99
+3 * 99
+5 * 99
+3 * 99
cfi=(180)
cfn=(648)
calls=99 0x4a20 +93 
* * 37702
+5 * 100
+5 +1 100
+5 * 100
+6 +2 100
+3 * 100
+3 * 100
cfi=(180)
cfn=(648)
calls=100 0x4a20 +90 
* * 32259
+5 * 100
+3 * 100
+6 +2 100
+3 * 100
jcnd=51/100 0x4094 +5 
* * 
+6 * 49
+3 * 49
jump=49 +22 +1 
* * 
+9 * 2450
+4 * 2450
+3 * 2450
jcnd=49/2450 0x4068 +5 
* * 
+6 +1 2450
+5 * 2450
+3 * 2450
+4 * 2450
cfi=(180)
cfn=(632)
calls=2450 0x4860 -26 
* * 865592
+5 +1 2450
+4 * 2450
jcnd=2450/2450 -34 -2 
* * 
+66 +10 1
+8 * 1
+9 * 1
+6 * 1
+7 * 1
+3 * 1
+1 * 1
+1 * 1
+2 * 1
+2 * 1
+2 * 1
+2 * 1
+1 -7 49
+5 * 49
cfi=(181)
cfn=(710)
calls=49 0x6840 1070 
* * 11970
+5 +1 49
+3 * 49
cfi=(181)
cfn=(710)
calls=49 0x6840 1070 
* * 11989
+5 -12 99
+4 * 99
+4 * 99
jump=99 0x3f8a +1 
* * 
+18 +11 51
+5 * 51
+5 * 51
cfi=(181)
cfn=(710)
calls=51 0x6840 1070 
* * 12546
+5 +1 51
+3 * 51
cfi=(181)
cfn=(710)
calls=51 0x6840 1070 
* * 12546
+5 -12 51
+4 * 51
+5 * 51
jcnd=50/51 -58 * 
* * 
+2 +15 1
+3 * 1
+5 * 1
cfi=(180)
cfn=(660)
calls=1 0x49f0 35 
* * 138
+5 +2 1
+5 * 1
jump=1 0x403c +1 
* * 

fn=(524)
0x3340 168 1
+4 * 1
fi=(168)
+1 -63 1
fe=(157)
+7 +63 1
fi=(168)
+3 -63 1
+2 * 1
+3 * 1
+6 * 1
+7 * 1
+7 * 1
+5 * 1
cob=(2)
cfi=(50)
cfn=(526)
calls=1 0x10b2f0 0 
* * 1642
+5 +7 1
+3 * 1
+5 * 1
+2 * 1
+7 * 1
cob=(2)
cfi=(50)
cfn=(566)
calls=1 0x10b2c0 0 
* * 3732
fe=(157)
+5 +56 1
+2 * 1
cfn=(614) all_tests
calls=1 0x4180 -13 
* * 1379116
+5 * 1
+3 * 1
+3 * 1
jfi=(168)
jcnd=1/1 +63 -56 
* * 
fi=(168)
+24 -56 1
+6 * 1
+5 * 1
+2 * 1
+7 * 1
cob=(2)
cfi=(50)
cfn=(566)
calls=1 0x10b2c0 0 
* * 880
fe=(157)
+5 +56 1
+2 * 1
+3 * 1
+4 * 1
cob=(2)
cfi=(50)
cfn=(720)
calls=1 0x10b2e0 0 
* * 1373
fi=(168)
+5 -56 1
+7 * 1
cob=(2)
cfi=(50)
cfn=(712)
calls=1 0x10b1f0 0 
* * 403
+5 * 1
jump=1 -51 * 
* * 
fe=(157)

fn=(614)
0x4180 155 1
+4 * 1
fi=(168)
+2 -50 1
+7 * 1
+5 * 1
fe=(157)
+2 +50 1
fi=(168)
+2 -50 1
+7 * 1
+7 * 1
+3 * 1
+6 * 1
fe=(157)
+3 +50 1
fi=(168)
+4 -50 1
+7 * 1
cob=(2)
cfi=(50)
cfn=(526)
calls=1 0x10b2f0 0 
* * 1585
fe=(157)
+5 +53 1
+2 * 1
cfn=(616)
calls=1 0x3590 39 
* * 249
+5 * 1
+7 * 1
+3 * 1
jfi=(168)
jcnd=1/1 +15 -53 
* * 
+2 +8 1
+4 * 1
+2 * 1
+2 * 1
fi=(168)
+5 -61 1
+7 * 1
+7 * 1
+3 * 1
+3 * 1
+6 * 1
+5 * 1
cob=(2)
cfi=(50)
cfn=(526)
calls=1 0x10b2f0 0 
* * 1589
fe=(157)
+5 +54 1
+2 * 1
cfn=(628) test_get_set
calls=1 0x3640 55 
* * 1430
+5 * 1
+7 * 1
+3 * 1
fi=(168)
+2 -54 1
+7 * 1
+7 * 1
+3 * 1
+3 * 1
+6 * 1
+5 * 1
cob=(2)
cfi=(50)
cfn=(526)
calls=1 0x10b2f0 0 
* * 1593
fe=(157)
+5 +55 1
+2 * 1
cfn=(638)
calls=1 0x3920 -85 
* * 8148
+5 * 1
+7 * 1
+3 * 1
fi=(168)
+2 -55 1
+7 * 1
+7 * 1
+3 * 1
+3 * 1
+6 * 1
+5 * 1
cob=(2)
cfi=(50)
cfn=(526)
calls=1 0x10b2f0 0 
* * 1585
fe=(157)
+5 +56 1
+2 * 1
cfn=(646) test_delete
calls=1 0x3ac0 -72 
* * 941
+5 * 1
+7 * 1
+3 * 1
fi=(168)
+6 -56 1
+7 * 1
+7 * 1
+3 * 1
+3 * 1
+6 * 1
+5 * 1
cob=(2)
cfi=(50)
cfn=(526)
calls=1 0x10b2f0 0 
* * 1589
fe=(157)
+5 -57 1
+7 * 1
cfi=(180)
cfn=(660)
calls=1 0x49f0 -13 
* * 117
fi=(168)
+5 +57 1
+6 * 1
+3 * 1
+2 * 1
+7 * 1
+7 * 1
+3 * 1
fe=(157)
+5 +57 1
fi=(168)
+7 -57 1
cob=(2)
cfi=(50)
cfn=(526)
calls=1 0x10b2f0 0 
* * 1589
fe=(157)
+5 +58 1
+2 * 1
cfn=(662)
calls=1 0x3eb0 -44 
* * 1358620
+5 * 1
+7 * 1
jump=1 0x41d3 +3 
* * 

fn=(628)
0x3640 55 1
+4 * 1
+1 +1 1
+7 -1 1
+1 +1 1
+7 * 1
+3 * 1
+3 -1 1
+4 +1 1
+7 * 1
cfi=(180)
cfn=(630)
calls=1 0x46f0 +23 
* * 250
+5 +1 1
+2 * 1
jcnd=1/1 +84 +1 
* * 
+70 +15 1
+4 * 1
+1 * 1
+1 * 1
+8 -14 1
+7 * 1
+3 * 1
cfi=(180)
cfn=(632)
calls=1 0x4860 +57 
* * 49
+5 +1 1
+3 * 1
jcnd=1/1 +94 +2 
* * 
+94 +2 1
+7 * 1
+7 * 1
+7 * 1
+3 * 1
+3 * 1
cfi=(180)
cfn=(630)
calls=1 0x46f0 +18 
* * 396
+5 +1 1
+2 * 1
jcnd=1/1 +94 +1 
* * 
+94 +1 1
+7 * 1
+3 * 1
cfi=(180)
cfn=(632)
calls=1 0x4860 +52 
* * 197
+5 +1 1
+3 * 1
jcnd=1/1 +94 +2 
* * 
+94 +2 1
+7 * 1
+7 * 1
+7 * 1
+3 * 1
+3 * 1
cfi=(180)
cfn=(630)
calls=1 0x46f0 +13 
* * 344
+5 +1 1
+2 * 1
jcnd=1/1 +91 +1 
* * 
+91 +1 1
+7 * 1
+3 * 1
cfi=(180)
cfn=(632)
calls=1 0x4860 +47 
* * 145
+5 * 1
+3 +3 1
+2 -2 1
+3 * 1
jcnd=1/1 0x36b2 +3 
* * 

fn=(646)
0x3ac0 89 1
+4 * 1
+1 +1 1
+7 * 1
+7 * 1
+3 * 1
cfi=(180)
cfn=(648)
calls=1 0x4a20 228 
* * 156
+5 +1 1
+3 * 1
+6 +1 1
+7 * 1
+3 * 1
jcnd=1/1 +82 +1 
* * 
+70 +24 1
+1 * 1
+11 -23 1
+7 * 1
+3 * 1
cfi=(180)
cfn=(632)
calls=1 0x4860 +22 
* * 163
+5 +1 1
+3 * 1
jcnd=1/1 +94 +2 
* * 
+94 +2 1
+7 * 1
+3 * 1
cfi=(180)
cfn=(648)
calls=1 0x4a20 228 
* * 163
+5 +1 1
+3 * 1
jcnd=1/1 0x3c78 +2 
* * 
0x3c78 +2 1
+7 * 1
+7 * 1
+3 * 1
cfi=(180)
cfn=(648)
calls=1 0x4a20 228 
* * 156
+5 +1 1
+3 * 1
+6 +1 1
+7 * 1
+3 * 1
jcnd=1/1 +84 +1 
* * 
+84 +1 1
+7 * 1
+3 * 1
cfi=(180)
cfn=(632)
calls=1 0x4860 +13 
* * 63
+5 +1 1
+3 * 1
jfi=(168)
jcnd=1/1 +77 +2 
* * 
fi=(168)
+77 +2 1
+7 * 1
+7 * 1
+3 * 1
cfi=(180)
cfn=(648)
calls=1 0x4a20 228 
* * 154
fe=(157)
+5 +1 1
+3 * 1
+6 +1 1
+7 * 1
+3 * 1
jcnd=1/1 0x3de5 +1 
* * 
0x3de5 +1 1
+7 * 1
+3 * 1
cfi=(180)
cfn=(632)
calls=1 0x4860 +7 
* * 14
+5 +1 1
+3 * 1
jcnd=1/1 +70 +3 
* * 
+70 +3 1
+7 * 1
+3 * 1
cfi=(180)
cfn=(648)
calls=1 0x4a20 228 
* * 16
+5 +1 1
+3 * 1
jcnd=1/1 0x3b34 +3 
* * 

totals: 1549607
